Accident_ID,Date,Time,State,City,Latitude,Longitude,Weather_Condition,Vehicle_Type,Severity,Fatalities,Injuries,Day_of_Week,Month,Source
MORTH23-10000,2023-07-01,15:54,Kerala,Kochi,9.90535,76.2785,Clear,Car/Jeep/Van,Low,0,0,Saturday,July,MoRTH_Standardized_v2.1
MORTH23-10001,2023-04-07,09:51,Delhi/NCR,Kolkata,22.59916,88.33732,Rainy,Two-Wheeler,High,0,4,Friday,April,MoRTH_Standardized_v2.1
MORTH23-10002,2023-01-10,09:15,Andhra Pradesh,Visakhapatnam,17.68906,83.22324,Clear,Two-Wheeler,High,0,1,Tuesday,January,MoRTH_Standardized_v2.1
MORTH23-10003,2023-12-14,12:02,Delhi/NCR,Delhi,28.59666,77.28291,Clear,Two-Wheeler,Medium,0,1,Thursday,December,MoRTH_Standardized_v2.1
MORTH23-10004,2023-03-26,14:33,Delhi/NCR,Guwahati,26.12321,91.74448,Clear,Others,Low,0,1,Sunday,March,MoRTH_Standardized_v2.1
MORTH23-10005,2023-02-09,18:22,Kerala,Kochi,9.95982,76.30704,Clear,Car/Jeep/Van,Low,0,2,Thursday,February,MoRTH_Standardized_v2.1
MORTH23-10006,2023-10-22,03:35,Maharashtra,Pune,18.4721,73.84136,Clear,Bus,High,0,4,Sunday,October,MoRTH_Standardized_v2.1
MORTH23-10007,2023-05-25,23:39,Madhya Pradesh,Bhopal,23.24889,77.40467,Clear,Two-Wheeler,High,0,3,Thursday,May,MoRTH_Standardized_v2.1
MORTH23-10008,2023-03-12,06:11,Madhya Pradesh,Gwalior,26.2232,78.26733,Clear,Truck/Lorry,Low,0,2,Sunday,March,MoRTH_Standardized_v2.1
MORTH23-10009,2023-09-13,13:58,Andhra Pradesh,Vijayawada,16.52489,80.61328,Cloudy,Truck/Lorry,Low,0,2,Wednesday,September,MoRTH_Standardized_v2.1
MORTH23-10010,2023-02-25,18:41,Delhi/NCR,Guwahati,26.13191,91.75311,Clear,Car/Jeep/Van,Low,0,1,Saturday,February,MoRTH_Standardized_v2.1
MORTH23-10011,2023-04-04,00:15,Tamil Nadu,Madurai,9.9487,78.13441,Clear,Two-Wheeler,Critical,3,6,Tuesday,April,MoRTH_Standardized_v2.1
MORTH23-10012,2023-02-13,13:29,Tamil Nadu,Coimbatore,11.05797,76.90872,Clear,Car/Jeep/Van,Low,0,0,Monday,February,MoRTH_Standardized_v2.1
MORTH23-10013,2023-04-30,15:52,Tamil Nadu,Coimbatore,11.00341,76.94799,Clear,Auto-Rickshaw,Low,0,0,Sunday,April,MoRTH_Standardized_v2.1
MORTH23-10014,2023-12-15,14:56,Uttar Pradesh,Kanpur,26.44567,80.35318,Clear,Car/Jeep/Van,Low,0,1,Friday,December,MoRTH_Standardized_v2.1
MORTH23-10015,2023-05-03,12:29,Maharashtra,Pune,18.48289,73.87917,Clear,Two-Wheeler,Medium,0,1,Wednesday,May,MoRTH_Standardized_v2.1
MORTH23-10016,2023-04-28,18:14,Tamil Nadu,Coimbatore,10.96747,76.97436,Clear,Others,Low,0,0,Friday,April,MoRTH_Standardized_v2.1
MORTH23-10017,2023-06-16,17:00,Delhi/NCR,Delhi,28.5957,77.19607,Clear,Others,Low,0,1,Friday,June,MoRTH_Standardized_v2.1
MORTH23-10018,2023-12-06,13:44,Delhi/NCR,Delhi,28.60806,77.21601,Foggy,Two-Wheeler,Critical,1,5,Wednesday,December,MoRTH_Standardized_v2.1
MORTH23-10019,2023-01-12,21:57,Tamil Nadu,Coimbatore,10.9788,76.91142,Clear,Auto-Rickshaw,Low,0,1,Thursday,January,MoRTH_Standardized_v2.1
MORTH23-10020,2023-01-06,20:52,Gujarat,Ahmedabad,23.0341,72.54087,Clear,Two-Wheeler,Medium,0,2,Friday,January,MoRTH_Standardized_v2.1
MORTH23-10021,2023-10-06,08:13,Tamil Nadu,Coimbatore,11.03159,76.93899,Clear,Two-Wheeler,Medium,0,1,Friday,October,MoRTH_Standardized_v2.1
MORTH23-10022,2023-05-29,15:13,Karnataka,Bangalore,12.98909,77.6576,Clear,Car/Jeep/Van,Low,0,1,Monday,May,MoRTH_Standardized_v2.1
MORTH23-10023,2023-01-21,16:18,Maharashtra,Nagpur,21.13181,79.11493,Clear,Two-Wheeler,High,0,3,Saturday,January,MoRTH_Standardized_v2.1
MORTH23-10024,2023-05-04,18:44,Tamil Nadu,Madurai,9.93979,78.08065,Clear,Two-Wheeler,Medium,0,0,Thursday,May,MoRTH_Standardized_v2.1
MORTH23-10025,2023-10-25,19:54,Telangana,Warangal,17.9856,79.58011,Clear,Two-Wheeler,High,0,4,Wednesday,October,MoRTH_Standardized_v2.1
MORTH23-10026,2023-03-26,17:53,Tamil Nadu,Coimbatore,10.97213,76.96164,Clear,Two-Wheeler,Medium,0,2,Sunday,March,MoRTH_Standardized_v2.1
MORTH23-10027,2023-04-05,08:30,Delhi/NCR,Kolkata,22.55434,88.316,Clear,Two-Wheeler,High,1,2,Wednesday,April,MoRTH_Standardized_v2.1
MORTH23-10028,2023-04-12,19:05,Uttar Pradesh,Kanpur,26.49899,80.33574,Clear,Bus,Low,0,2,Wednesday,April,MoRTH_Standardized_v2.1
MORTH23-10029,2023-09-06,17:27,Maharashtra,Nagpur,21.13203,79.12365,Foggy,Car/Jeep/Van,Medium,0,2,Wednesday,September,MoRTH_Standardized_v2.1
MORTH23-10030,2023-08-01,17:06,Andhra Pradesh,Visakhapatnam,17.71486,83.19958,Clear,Truck/Lorry,Medium,0,1,Tuesday,August,MoRTH_Standardized_v2.1
MORTH23-10031,2023-02-28,12:57,Delhi/NCR,Guwahati,26.17641,91.72214,Clear,Two-Wheeler,Medium,0,1,Tuesday,February,MoRTH_Standardized_v2.1
MORTH23-10032,2023-08-17,20:19,Madhya Pradesh,Indore,22.72571,75.86936,Clear,Two-Wheeler,Medium,0,0,Thursday,August,MoRTH_Standardized_v2.1
MORTH23-10033,2023-10-13,21:03,Delhi/NCR,Delhi,28.58174,77.15882,Clear,Bus,Low,0,2,Friday,October,MoRTH_Standardized_v2.1
MORTH23-10034,2023-02-26,21:29,Tamil Nadu,Madurai,9.90183,78.15222,Foggy,Two-Wheeler,High,0,4,Sunday,February,MoRTH_Standardized_v2.1
MORTH23-10035,2023-01-07,21:05,Uttar Pradesh,Agra,27.12625,77.9804,Clear,Others,Low,0,0,Saturday,January,MoRTH_Standardized_v2.1
MORTH23-10036,2023-09-30,05:30,Delhi/NCR,Guwahati,26.14312,91.69758,Clear,Two-Wheeler,Medium,0,0,Saturday,September,MoRTH_Standardized_v2.1
MORTH23-10037,2023-10-06,15:57,Delhi/NCR,Kolkata,22.5569,88.37488,Foggy,Truck/Lorry,High,1,4,Friday,October,MoRTH_Standardized_v2.1
MORTH23-10038,2023-03-24,06:21,Tamil Nadu,Chennai,13.14866,80.32344,Clear,Truck/Lorry,Medium,0,1,Friday,March,MoRTH_Standardized_v2.1
MORTH23-10039,2023-02-27,18:19,Karnataka,Bangalore,12.94481,77.56688,Clear,Bus,Low,0,0,Monday,February,MoRTH_Standardized_v2.1
MORTH23-10040,2023-07-07,19:02,Maharashtra,Nagpur,21.1591,79.09805,Clear,Auto-Rickshaw,Low,0,0,Friday,July,MoRTH_Standardized_v2.1
MORTH23-10041,2023-05-19,03:02,Tamil Nadu,Madurai,9.91897,78.05097,Clear,Truck/Lorry,Critical,3,6,Friday,May,MoRTH_Standardized_v2.1
MORTH23-10042,2023-05-09,15:40,Tamil Nadu,Madurai,9.86961,78.06368,Clear,Car/Jeep/Van,Low,0,0,Tuesday,May,MoRTH_Standardized_v2.1
MORTH23-10043,2023-07-31,19:37,Andhra Pradesh,Vijayawada,16.53103,80.60124,Clear,Two-Wheeler,Medium,0,1,Monday,July,MoRTH_Standardized_v2.1
MORTH23-10044,2023-01-13,03:01,Andhra Pradesh,Visakhapatnam,17.70449,83.17513,Clear,Truck/Lorry,Medium,0,2,Friday,January,MoRTH_Standardized_v2.1
MORTH23-10045,2023-03-09,17:47,Delhi/NCR,Guwahati,26.16305,91.73359,Clear,Truck/Lorry,Medium,0,0,Thursday,March,MoRTH_Standardized_v2.1
MORTH23-10046,2023-07-12,23:50,Tamil Nadu,Madurai,9.92128,78.13768,Foggy,Two-Wheeler,Critical,3,6,Wednesday,July,MoRTH_Standardized_v2.1
MORTH23-10047,2023-12-28,13:26,Delhi/NCR,Kolkata,22.60266,88.37515,Clear,Auto-Rickshaw,Low,0,1,Thursday,December,MoRTH_Standardized_v2.1
MORTH23-10048,2023-03-27,13:00,Tamil Nadu,Chennai,13.10907,80.28645,Clear,Two-Wheeler,Medium,0,2,Monday,March,MoRTH_Standardized_v2.1
MORTH23-10049,2023-01-23,18:17,Andhra Pradesh,Vijayawada,16.51637,80.64625,Clear,Two-Wheeler,Medium,0,1,Monday,January,MoRTH_Standardized_v2.1
MORTH23-10050,2023-02-16,21:58,Madhya Pradesh,Gwalior,26.23204,78.18287,Clear,Two-Wheeler,Medium,0,0,Thursday,February,MoRTH_Standardized_v2.1
MORTH23-10051,2023-03-10,16:15,Madhya Pradesh,Indore,22.74904,75.83056,Clear,Two-Wheeler,High,0,1,Friday,March,MoRTH_Standardized_v2.1
MORTH23-10052,2023-10-20,17:14,Uttar Pradesh,Kanpur,26.48001,80.32119,Foggy,Others,Medium,0,1,Friday,October,MoRTH_Standardized_v2.1
MORTH23-10053,2023-02-20,19:00,Kerala,Kochi,9.93013,76.27481,Rainy,Others,High,0,4,Monday,February,MoRTH_Standardized_v2.1
MORTH23-10054,2023-10-15,10:29,Karnataka,Bangalore,12.98589,77.59574,Foggy,Two-Wheeler,Critical,3,2,Sunday,October,MoRTH_Standardized_v2.1
MORTH23-10055,2023-06-21,16:16,Madhya Pradesh,Bhopal,23.27588,77.41672,Clear,Two-Wheeler,Medium,0,1,Wednesday,June,MoRTH_Standardized_v2.1
MORTH23-10056,2023-06-20,23:06,Tamil Nadu,Coimbatore,10.98927,76.93725,Clear,Two-Wheeler,High,0,3,Tuesday,June,MoRTH_Standardized_v2.1
MORTH23-10057,2023-02-22,04:32,Karnataka,Mysore,12.27813,76.62903,Clear,Two-Wheeler,Critical,2,6,Wednesday,February,MoRTH_Standardized_v2.1
MORTH23-10058,2023-06-12,14:13,Tamil Nadu,Madurai,9.96067,78.11546,Clear,Two-Wheeler,Medium,0,1,Monday,June,MoRTH_Standardized_v2.1
MORTH23-10059,2023-02-03,19:08,Tamil Nadu,Coimbatore,11.00934,76.99357,Clear,Car/Jeep/Van,Medium,0,1,Friday,February,MoRTH_Standardized_v2.1
MORTH23-10060,2023-05-28,22:55,Tamil Nadu,Coimbatore,11.05268,76.94257,Clear,Others,Medium,0,1,Sunday,May,MoRTH_Standardized_v2.1
MORTH23-10061,2023-08-06,05:03,Delhi/NCR,Kolkata,22.51505,88.33456,Clear,Bus,Low,0,1,Sunday,August,MoRTH_Standardized_v2.1
MORTH23-10062,2023-09-17,12:09,Maharashtra,Nagpur,21.13019,79.00229,Clear,Two-Wheeler,High,0,2,Sunday,September,MoRTH_Standardized_v2.1
MORTH23-10063,2023-11-17,16:17,Karnataka,Mysore,12.27062,76.63088,Foggy,Two-Wheeler,Critical,3,6,Friday,November,MoRTH_Standardized_v2.1
MORTH23-10064,2023-01-10,07:02,Tamil Nadu,Chennai,13.15649,80.29187,Clear,Two-Wheeler,High,0,1,Tuesday,January,MoRTH_Standardized_v2.1
MORTH23-10065,2023-03-14,13:18,Andhra Pradesh,Visakhapatnam,17.67633,83.2102,Clear,Two-Wheeler,Medium,0,0,Tuesday,March,MoRTH_Standardized_v2.1
MORTH23-10066,2023-10-14,14:14,Kerala,Kozhikode,11.23137,75.73163,Clear,Others,Medium,0,2,Saturday,October,MoRTH_Standardized_v2.1
MORTH23-10067,2023-06-16,11:04,Gujarat,Ahmedabad,23.01428,72.59291,Clear,Bus,Low,0,0,Friday,June,MoRTH_Standardized_v2.1
MORTH23-10068,2023-01-10,21:55,Delhi/NCR,Kolkata,22.53173,88.33826,Clear,Car/Jeep/Van,Medium,0,2,Tuesday,January,MoRTH_Standardized_v2.1
MORTH23-10069,2023-03-30,14:39,Tamil Nadu,Coimbatore,10.9856,76.93467,Clear,Two-Wheeler,Medium,0,0,Thursday,March,MoRTH_Standardized_v2.1
MORTH23-10070,2023-02-18,20:18,Telangana,Hyderabad,17.39911,78.53313,Clear,Others,Medium,0,1,Saturday,February,MoRTH_Standardized_v2.1
MORTH23-10071,2023-10-04,11:06,Madhya Pradesh,Indore,22.70927,75.85464,Clear,Two-Wheeler,High,1,1,Wednesday,October,MoRTH_Standardized_v2.1
MORTH23-10072,2023-03-22,19:50,Karnataka,Mysore,12.29088,76.65596,Clear,Bus,Medium,0,0,Wednesday,March,MoRTH_Standardized_v2.1
MORTH23-10073,2023-01-08,13:57,Madhya Pradesh,Indore,22.72659,75.81157,Rainy,Truck/Lorry,Critical,3,3,Sunday,January,MoRTH_Standardized_v2.1
MORTH23-10074,2023-07-27,15:55,Karnataka,Hubli,15.41541,75.20644,Clear,Two-Wheeler,Medium,0,2,Thursday,July,MoRTH_Standardized_v2.1
MORTH23-10075,2023-01-29,11:27,Maharashtra,Pune,18.59316,73.84932,Clear,Two-Wheeler,Medium,0,2,Sunday,January,MoRTH_Standardized_v2.1
MORTH23-10076,2023-01-04,15:18,Karnataka,Hubli,15.3396,75.12074,Rainy,Two-Wheeler,High,0,3,Wednesday,January,MoRTH_Standardized_v2.1
MORTH23-10077,2023-01-31,15:46,Kerala,Thiruvananthapuram,8.51123,76.89461,Foggy,Two-Wheeler,Critical,1,3,Tuesday,January,MoRTH_Standardized_v2.1
MORTH23-10078,2023-06-15,10:26,Andhra Pradesh,Visakhapatnam,17.72903,83.1925,Foggy,Two-Wheeler,Critical,1,2,Thursday,June,MoRTH_Standardized_v2.1
MORTH23-10079,2023-06-30,11:51,Karnataka,Mysore,12.28578,76.63779,Clear,Car/Jeep/Van,Low,0,2,Friday,June,MoRTH_Standardized_v2.1
MORTH23-10080,2023-07-21,20:58,Madhya Pradesh,Indore,22.73681,75.84811,Clear,Car/Jeep/Van,Low,0,2,Friday,July,MoRTH_Standardized_v2.1
MORTH23-10081,2023-08-03,16:13,Delhi/NCR,Kolkata,22.60336,88.39829,Rainy,Others,High,0,3,Thursday,August,MoRTH_Standardized_v2.1
MORTH23-10082,2023-03-08,01:58,Uttar Pradesh,Lucknow,26.83282,80.93273,Clear,Others,Low,0,2,Wednesday,March,MoRTH_Standardized_v2.1
MORTH23-10083,2023-05-08,17:45,Andhra Pradesh,Vijayawada,16.50307,80.65883,Clear,Bus,Low,0,2,Monday,May,MoRTH_Standardized_v2.1
MORTH23-10084,2023-02-08,23:19,Madhya Pradesh,Indore,22.718,75.85538,Clear,Two-Wheeler,Critical,3,4,Wednesday,February,MoRTH_Standardized_v2.1
MORTH23-10085,2023-01-23,20:51,Kerala,Kozhikode,11.24663,75.76465,Clear,Car/Jeep/Van,Low,0,2,Monday,January,MoRTH_Standardized_v2.1
MORTH23-10086,2023-06-02,16:33,Delhi/NCR,Guwahati,26.16599,91.72925,Cloudy,Others,Medium,0,1,Friday,June,MoRTH_Standardized_v2.1
MORTH23-10087,2023-03-18,15:35,Madhya Pradesh,Indore,22.74729,75.85855,Clear,Two-Wheeler,High,0,1,Saturday,March,MoRTH_Standardized_v2.1
MORTH23-10088,2023-02-15,20:32,Telangana,Hyderabad,17.37272,78.53862,Clear,Auto-Rickshaw,Low,0,0,Wednesday,February,MoRTH_Standardized_v2.1
MORTH23-10089,2023-04-07,18:43,Karnataka,Hubli,15.40792,75.10954,Clear,Others,Low,0,1,Friday,April,MoRTH_Standardized_v2.1
MORTH23-10090,2023-05-21,20:29,Tamil Nadu,Coimbatore,10.99937,76.9681,Clear,Two-Wheeler,Medium,0,1,Sunday,May,MoRTH_Standardized_v2.1
MORTH23-10091,2023-10-10,19:41,Karnataka,Mysore,12.27712,76.64967,Cloudy,Truck/Lorry,High,0,2,Tuesday,October,MoRTH_Standardized_v2.1
MORTH23-10092,2023-10-27,17:20,Uttar Pradesh,Kanpur,26.48461,80.30352,Clear,Auto-Rickshaw,Low,0,1,Friday,October,MoRTH_Standardized_v2.1
MORTH23-10093,2023-10-20,08:00,Uttar Pradesh,Kanpur,26.43723,80.2825,Foggy,Bus,High,0,2,Friday,October,MoRTH_Standardized_v2.1
MORTH23-10094,2023-08-03,13:19,Kerala,Kozhikode,11.27283,75.79852,Clear,Car/Jeep/Van,Low,0,2,Thursday,August,MoRTH_Standardized_v2.1
MORTH23-10095,2023-10-14,10:04,Delhi/NCR,Guwahati,26.14267,91.76806,Clear,Two-Wheeler,High,0,3,Saturday,October,MoRTH_Standardized_v2.1
MORTH23-10096,2023-10-26,00:26,Delhi/NCR,Kolkata,22.60004,88.35275,Clear,Two-Wheeler,High,0,2,Thursday,October,MoRTH_Standardized_v2.1
MORTH23-10097,2023-06-10,19:39,Andhra Pradesh,Vijayawada,16.5007,80.62054,Clear,Two-Wheeler,High,0,2,Saturday,June,MoRTH_Standardized_v2.1
MORTH23-10098,2023-09-07,14:19,Madhya Pradesh,Bhopal,23.28606,77.47104,Clear,Two-Wheeler,High,1,2,Thursday,September,MoRTH_Standardized_v2.1
MORTH23-10099,2023-08-20,17:03,Maharashtra,Pune,18.48193,73.8746,Clear,Truck/Lorry,High,0,3,Sunday,August,MoRTH_Standardized_v2.1
MORTH23-10100,2023-01-01,06:24,Uttar Pradesh,Lucknow,26.83419,80.97881,Clear,Car/Jeep/Van,Medium,0,1,Sunday,January,MoRTH_Standardized_v2.1
MORTH23-10101,2023-01-20,04:09,Kerala,Kochi,9.94238,76.28251,Clear,Two-Wheeler,High,1,4,Friday,January,MoRTH_Standardized_v2.1
MORTH23-10102,2023-01-14,10:13,Uttar Pradesh,Agra,27.16394,77.92436,Clear,Two-Wheeler,High,0,1,Saturday,January,MoRTH_Standardized_v2.1
MORTH23-10103,2023-08-03,16:17,Uttar Pradesh,Agra,27.13786,78.0258,Clear,Truck/Lorry,High,0,2,Thursday,August,MoRTH_Standardized_v2.1
MORTH23-10104,2023-11-25,17:30,Kerala,Thiruvananthapuram,8.50938,76.96751,Clear,Auto-Rickshaw,Low,0,2,Saturday,November,MoRTH_Standardized_v2.1
MORTH23-10105,2023-02-09,12:48,Delhi/NCR,Delhi,28.56225,77.22109,Clear,Two-Wheeler,High,0,3,Thursday,February,MoRTH_Standardized_v2.1
MORTH23-10106,2023-05-01,08:57,Madhya Pradesh,Bhopal,23.21728,77.40492,Clear,Truck/Lorry,Low,0,0,Monday,May,MoRTH_Standardized_v2.1
MORTH23-10107,2023-07-12,20:02,Telangana,Hyderabad,17.37072,78.50341,Clear,Truck/Lorry,High,0,3,Wednesday,July,MoRTH_Standardized_v2.1
MORTH23-10108,2023-04-29,10:00,Kerala,Kochi,9.95279,76.22375,Clear,Car/Jeep/Van,Medium,0,0,Saturday,April,MoRTH_Standardized_v2.1
MORTH23-10109,2023-11-12,08:57,Tamil Nadu,Madurai,9.93434,78.11907,Clear,Auto-Rickshaw,Low,0,1,Sunday,November,MoRTH_Standardized_v2.1
MORTH23-10110,2023-02-19,19:22,Madhya Pradesh,Indore,22.72169,75.83839,Clear,Others,Low,0,2,Sunday,February,MoRTH_Standardized_v2.1
MORTH23-10111,2023-05-21,12:54,Maharashtra,Mumbai,19.0378,72.93545,Clear,Two-Wheeler,Medium,0,1,Sunday,May,MoRTH_Standardized_v2.1
MORTH23-10112,2023-03-12,19:42,Maharashtra,Nagpur,21.15226,79.0421,Foggy,Two-Wheeler,Critical,2,4,Sunday,March,MoRTH_Standardized_v2.1
MORTH23-10113,2023-07-18,20:18,Kerala,Thiruvananthapuram,8.5268,76.93617,Clear,Two-Wheeler,High,0,3,Tuesday,July,MoRTH_Standardized_v2.1
MORTH23-10114,2023-02-07,21:07,Gujarat,Ahmedabad,23.03258,72.50915,Clear,Two-Wheeler,High,0,2,Tuesday,February,MoRTH_Standardized_v2.1
MORTH23-10115,2023-12-25,09:00,Maharashtra,Pune,18.60207,73.79138,Clear,Auto-Rickshaw,Medium,0,1,Monday,December,MoRTH_Standardized_v2.1
MORTH23-10116,2023-04-20,14:14,Kerala,Thiruvananthapuram,8.48363,76.96057,Clear,Two-Wheeler,High,0,1,Thursday,April,MoRTH_Standardized_v2.1
MORTH23-10117,2023-05-12,20:12,Gujarat,Ahmedabad,23.01929,72.55138,Clear,Two-Wheeler,Medium,0,0,Friday,May,MoRTH_Standardized_v2.1
MORTH23-10118,2023-03-09,06:48,Delhi/NCR,Delhi,28.61391,77.2779,Clear,Two-Wheeler,High,1,4,Thursday,March,MoRTH_Standardized_v2.1
MORTH23-10119,2023-02-15,06:09,Gujarat,Surat,21.17085,72.8189,Clear,Auto-Rickshaw,Low,0,1,Wednesday,February,MoRTH_Standardized_v2.1
MORTH23-10120,2023-05-27,06:57,Uttar Pradesh,Kanpur,26.46668,80.32196,Rainy,Two-Wheeler,High,1,1,Saturday,May,MoRTH_Standardized_v2.1
MORTH23-10121,2023-03-11,13:35,Delhi/NCR,Kolkata,22.5589,88.37139,Clear,Two-Wheeler,Medium,0,0,Saturday,March,MoRTH_Standardized_v2.1
MORTH23-10122,2023-12-14,20:33,Delhi/NCR,Delhi,28.62937,77.22628,Clear,Two-Wheeler,Medium,0,2,Thursday,December,MoRTH_Standardized_v2.1
MORTH23-10123,2023-06-13,17:05,Delhi/NCR,Delhi,28.65326,77.23707,Rainy,Truck/Lorry,High,0,4,Tuesday,June,MoRTH_Standardized_v2.1
MORTH23-10124,2023-12-13,15:59,Madhya Pradesh,Gwalior,26.25573,78.21936,Foggy,Car/Jeep/Van,High,1,1,Wednesday,December,MoRTH_Standardized_v2.1
MORTH23-10125,2023-06-26,18:40,Delhi/NCR,Kolkata,22.59445,88.35048,Rainy,Car/Jeep/Van,Medium,0,0,Monday,June,MoRTH_Standardized_v2.1
MORTH23-10126,2023-04-02,11:58,Tamil Nadu,Madurai,9.93987,78.1014,Clear,Car/Jeep/Van,Low,0,2,Sunday,April,MoRTH_Standardized_v2.1
MORTH23-10127,2023-05-17,06:26,Delhi/NCR,Kolkata,22.54665,88.38839,Clear,Two-Wheeler,Medium,0,0,Wednesday,May,MoRTH_Standardized_v2.1
MORTH23-10128,2023-01-01,15:24,Delhi/NCR,Delhi,28.60718,77.21238,Clear,Others,Low,0,1,Sunday,January,MoRTH_Standardized_v2.1
MORTH23-10129,2023-03-27,03:59,Telangana,Hyderabad,17.35432,78.46203,Clear,Two-Wheeler,Critical,3,4,Monday,March,MoRTH_Standardized_v2.1
MORTH23-10130,2023-05-14,11:16,Maharashtra,Mumbai,19.05133,72.90197,Clear,Car/Jeep/Van,Low,0,1,Sunday,May,MoRTH_Standardized_v2.1
MORTH23-10131,2023-05-13,20:40,Kerala,Kochi,9.90978,76.2335,Clear,Truck/Lorry,Low,0,0,Saturday,May,MoRTH_Standardized_v2.1
MORTH23-10132,2023-10-20,21:19,Rajasthan,Jodhpur,26.27571,73.08292,Clear,Car/Jeep/Van,Low,0,0,Friday,October,MoRTH_Standardized_v2.1
MORTH23-10133,2023-03-08,13:20,Delhi/NCR,Kolkata,22.59164,88.30195,Clear,Truck/Lorry,Low,0,2,Wednesday,March,MoRTH_Standardized_v2.1
MORTH23-10134,2023-08-05,22:19,Madhya Pradesh,Gwalior,26.25452,78.17414,Clear,Auto-Rickshaw,Medium,0,1,Saturday,August,MoRTH_Standardized_v2.1
MORTH23-10135,2023-11-06,17:44,Telangana,Warangal,17.99136,79.5895,Foggy,Bus,Medium,0,2,Monday,November,MoRTH_Standardized_v2.1
MORTH23-10136,2023-03-26,15:02,Karnataka,Bangalore,12.98607,77.60485,Clear,Two-Wheeler,High,0,1,Sunday,March,MoRTH_Standardized_v2.1
MORTH23-10137,2023-05-27,14:18,Tamil Nadu,Chennai,13.06471,80.26977,Clear,Auto-Rickshaw,Low,0,0,Saturday,May,MoRTH_Standardized_v2.1
MORTH23-10138,2023-06-25,06:02,Madhya Pradesh,Indore,22.71909,75.90552,Clear,Two-Wheeler,High,1,2,Sunday,June,MoRTH_Standardized_v2.1
MORTH23-10139,2023-09-25,20:35,Kerala,Kozhikode,11.27524,75.79571,Clear,Others,Low,0,2,Monday,September,MoRTH_Standardized_v2.1
MORTH23-10140,2023-04-05,06:42,Maharashtra,Mumbai,19.07497,72.85993,Clear,Car/Jeep/Van,Low,0,2,Wednesday,April,MoRTH_Standardized_v2.1
MORTH23-10141,2023-04-01,14:22,Maharashtra,Pune,18.52437,73.8676,Clear,Two-Wheeler,Medium,0,0,Saturday,April,MoRTH_Standardized_v2.1
MORTH23-10142,2023-07-19,04:14,Gujarat,Surat,21.12778,72.87446,Clear,Two-Wheeler,Critical,2,4,Wednesday,July,MoRTH_Standardized_v2.1
MORTH23-10143,2023-11-01,08:39,Uttar Pradesh,Lucknow,26.87902,80.99796,Clear,Two-Wheeler,High,0,4,Wednesday,November,MoRTH_Standardized_v2.1
MORTH23-10144,2023-06-19,04:48,Rajasthan,Jodhpur,26.29741,72.99974,Clear,Others,Medium,0,2,Monday,June,MoRTH_Standardized_v2.1
MORTH23-10145,2023-01-13,14:44,Delhi/NCR,Guwahati,26.16562,91.67577,Rainy,Two-Wheeler,Critical,1,3,Friday,January,MoRTH_Standardized_v2.1
MORTH23-10146,2023-05-17,14:37,Andhra Pradesh,Visakhapatnam,17.65268,83.17981,Rainy,Two-Wheeler,High,0,4,Wednesday,May,MoRTH_Standardized_v2.1
MORTH23-10147,2023-05-19,13:51,Andhra Pradesh,Visakhapatnam,17.73344,83.28103,Clear,Car/Jeep/Van,Low,0,0,Friday,May,MoRTH_Standardized_v2.1
MORTH23-10148,2023-08-21,07:53,Rajasthan,Jaipur,26.93408,75.80377,Clear,Truck/Lorry,High,0,2,Monday,August,MoRTH_Standardized_v2.1
MORTH23-10149,2023-06-01,09:04,Andhra Pradesh,Vijayawada,16.55389,80.70051,Clear,Others,Low,0,2,Thursday,June,MoRTH_Standardized_v2.1
MORTH23-10150,2023-10-04,13:54,Kerala,Kozhikode,11.27404,75.78406,Clear,Others,Low,0,0,Wednesday,October,MoRTH_Standardized_v2.1
MORTH23-10151,2023-11-14,22:17,Madhya Pradesh,Gwalior,26.24157,78.24357,Clear,Two-Wheeler,High,0,1,Tuesday,November,MoRTH_Standardized_v2.1
MORTH23-10152,2023-03-04,03:02,Delhi/NCR,Kolkata,22.57644,88.33771,Cloudy,Car/Jeep/Van,Low,0,1,Saturday,March,MoRTH_Standardized_v2.1
MORTH23-10153,2023-12-06,15:21,Delhi/NCR,Guwahati,26.1589,91.73385,Clear,Car/Jeep/Van,Medium,0,0,Wednesday,December,MoRTH_Standardized_v2.1
MORTH23-10154,2023-12-21,09:02,Andhra Pradesh,Vijayawada,16.51967,80.62052,Clear,Car/Jeep/Van,Low,0,2,Thursday,December,MoRTH_Standardized_v2.1
MORTH23-10155,2023-01-30,01:38,Maharashtra,Mumbai,19.05947,72.89481,Clear,Others,Low,0,0,Monday,January,MoRTH_Standardized_v2.1
MORTH23-10156,2023-04-10,16:45,Madhya Pradesh,Bhopal,23.27865,77.47272,Rainy,Bus,Medium,0,1,Monday,April,MoRTH_Standardized_v2.1
MORTH23-10157,2023-12-03,20:33,Delhi/NCR,Delhi,28.61172,77.21491,Clear,Two-Wheeler,High,1,1,Sunday,December,MoRTH_Standardized_v2.1
MORTH23-10158,2023-05-20,01:21,Telangana,Warangal,17.91818,79.58059,Rainy,Two-Wheeler,Critical,2,4,Saturday,May,MoRTH_Standardized_v2.1
MORTH23-10159,2023-11-26,19:32,Karnataka,Bangalore,12.97066,77.58204,Clear,Car/Jeep/Van,Low,0,1,Sunday,November,MoRTH_Standardized_v2.1
MORTH23-10160,2023-02-10,12:58,Delhi/NCR,Delhi,28.63546,77.23992,Rainy,Two-Wheeler,Critical,1,3,Friday,February,MoRTH_Standardized_v2.1
MORTH23-10161,2023-05-11,13:46,Maharashtra,Pune,18.55714,73.78873,Cloudy,Bus,Low,0,2,Thursday,May,MoRTH_Standardized_v2.1
MORTH23-10162,2023-04-25,14:19,Delhi/NCR,Kolkata,22.58332,88.37982,Clear,Auto-Rickshaw,Medium,0,2,Tuesday,April,MoRTH_Standardized_v2.1
MORTH23-10163,2023-09-05,21:21,Tamil Nadu,Coimbatore,11.09251,76.95378,Foggy,Auto-Rickshaw,High,0,2,Tuesday,September,MoRTH_Standardized_v2.1
MORTH23-10164,2023-07-20,19:23,Delhi/NCR,Guwahati,26.10531,91.72962,Clear,Car/Jeep/Van,Low,0,0,Thursday,July,MoRTH_Standardized_v2.1
MORTH23-10165,2023-05-07,08:14,Karnataka,Bangalore,12.98407,77.62793,Clear,Auto-Rickshaw,Medium,0,2,Sunday,May,MoRTH_Standardized_v2.1
MORTH23-10166,2023-09-21,06:52,Rajasthan,Jodhpur,26.24149,73.02571,Clear,Two-Wheeler,High,0,2,Thursday,September,MoRTH_Standardized_v2.1
MORTH23-10167,2023-01-02,02:43,Uttar Pradesh,Lucknow,26.8049,80.95139,Clear,Auto-Rickshaw,High,0,2,Monday,January,MoRTH_Standardized_v2.1
MORTH23-10168,2023-03-27,04:51,Madhya Pradesh,Gwalior,26.1911,78.16974,Clear,Others,Low,0,2,Monday,March,MoRTH_Standardized_v2.1
MORTH23-10169,2023-08-27,17:39,Karnataka,Mysore,12.30429,76.61759,Clear,Others,Low,0,2,Sunday,August,MoRTH_Standardized_v2.1
MORTH23-10170,2023-04-02,09:29,Telangana,Warangal,17.99091,79.60174,Foggy,Two-Wheeler,High,0,2,Sunday,April,MoRTH_Standardized_v2.1
MORTH23-10171,2023-11-22,18:49,Tamil Nadu,Madurai,9.95488,78.08161,Clear,Two-Wheeler,Medium,0,2,Wednesday,November,MoRTH_Standardized_v2.1
MORTH23-10172,2023-01-17,11:07,Karnataka,Bangalore,12.9776,77.55415,Clear,Two-Wheeler,High,1,4,Tuesday,January,MoRTH_Standardized_v2.1
MORTH23-10173,2023-01-24,23:15,Andhra Pradesh,Visakhapatnam,17.65675,83.22667,Clear,Two-Wheeler,Critical,2,3,Tuesday,January,MoRTH_Standardized_v2.1
MORTH23-10174,2023-02-25,07:55,Tamil Nadu,Madurai,9.92204,78.11368,Clear,Two-Wheeler,Medium,0,0,Saturday,February,MoRTH_Standardized_v2.1
MORTH23-10175,2023-03-10,15:46,Delhi/NCR,Guwahati,26.15744,91.77191,Clear,Two-Wheeler,High,0,3,Friday,March,MoRTH_Standardized_v2.1
MORTH23-10176,2023-09-10,14:42,Madhya Pradesh,Gwalior,26.21809,78.16366,Clear,Auto-Rickshaw,Medium,0,1,Sunday,September,MoRTH_Standardized_v2.1
MORTH23-10177,2023-03-07,06:35,Madhya Pradesh,Gwalior,26.25184,78.25125,Clear,Two-Wheeler,High,1,3,Tuesday,March,MoRTH_Standardized_v2.1
MORTH23-10178,2023-09-11,11:05,Madhya Pradesh,Indore,22.69747,75.86774,Clear,Auto-Rickshaw,Low,0,2,Monday,September,MoRTH_Standardized_v2.1
MORTH23-10179,2023-10-01,18:50,Delhi/NCR,Kolkata,22.53189,88.41283,Clear,Truck/Lorry,Low,0,2,Sunday,October,MoRTH_Standardized_v2.1
MORTH23-10180,2023-04-22,14:44,Tamil Nadu,Madurai,9.96186,78.13109,Cloudy,Two-Wheeler,Medium,0,0,Saturday,April,MoRTH_Standardized_v2.1
MORTH23-10181,2023-02-11,12:37,Delhi/NCR,Delhi,28.6124,77.23179,Clear,Two-Wheeler,High,0,1,Saturday,February,MoRTH_Standardized_v2.1
MORTH23-10182,2023-03-28,13:46,Delhi/NCR,Delhi,28.6264,77.15154,Clear,Others,Low,0,1,Tuesday,March,MoRTH_Standardized_v2.1
MORTH23-10183,2023-12-29,13:33,Rajasthan,Jaipur,26.92838,75.84187,Clear,Two-Wheeler,Medium,0,0,Friday,December,MoRTH_Standardized_v2.1
MORTH23-10184,2023-06-27,17:45,Andhra Pradesh,Vijayawada,16.52576,80.67261,Clear,Two-Wheeler,Medium,0,1,Tuesday,June,MoRTH_Standardized_v2.1
MORTH23-10185,2023-06-24,14:48,Delhi/NCR,Delhi,28.62233,77.18816,Clear,Car/Jeep/Van,Medium,0,0,Saturday,June,MoRTH_Standardized_v2.1
MORTH23-10186,2023-01-25,07:34,Maharashtra,Mumbai,19.08,72.86032,Clear,Two-Wheeler,High,1,2,Wednesday,January,MoRTH_Standardized_v2.1
MORTH23-10187,2023-11-27,10:31,Delhi/NCR,Kolkata,22.52562,88.38242,Clear,Car/Jeep/Van,Low,0,1,Monday,November,MoRTH_Standardized_v2.1
MORTH23-10188,2023-06-30,14:59,Delhi/NCR,Guwahati,26.16918,91.78079,Cloudy,Others,Medium,0,1,Friday,June,MoRTH_Standardized_v2.1
MORTH23-10189,2023-09-22,18:27,Rajasthan,Jaipur,26.91777,75.83007,Clear,Two-Wheeler,High,0,2,Friday,September,MoRTH_Standardized_v2.1
MORTH23-10190,2023-02-20,19:47,Delhi/NCR,Delhi,28.62003,77.13406,Clear,Bus,Low,0,0,Monday,February,MoRTH_Standardized_v2.1
MORTH23-10191,2023-08-15,23:08,Madhya Pradesh,Indore,22.748,75.9487,Rainy,Two-Wheeler,Critical,2,5,Tuesday,August,MoRTH_Standardized_v2.1
MORTH23-10192,2023-02-19,14:44,Kerala,Thiruvananthapuram,8.52838,76.87273,Clear,Two-Wheeler,Medium,0,1,Sunday,February,MoRTH_Standardized_v2.1
MORTH23-10193,2023-12-13,01:37,Maharashtra,Mumbai,19.06742,72.8714,Rainy,Two-Wheeler,Critical,1,2,Wednesday,December,MoRTH_Standardized_v2.1
MORTH23-10194,2023-09-12,14:38,Tamil Nadu,Chennai,13.12554,80.29434,Foggy,Two-Wheeler,Critical,3,5,Tuesday,September,MoRTH_Standardized_v2.1
MORTH23-10195,2023-02-08,13:17,Telangana,Warangal,17.96065,79.61849,Clear,Two-Wheeler,High,0,2,Wednesday,February,MoRTH_Standardized_v2.1
MORTH23-10196,2023-01-24,10:46,Kerala,Kochi,9.91695,76.30568,Clear,Two-Wheeler,Medium,0,1,Tuesday,January,MoRTH_Standardized_v2.1
MORTH23-10197,2023-07-01,21:46,Tamil Nadu,Coimbatore,11.01331,76.9588,Clear,Bus,Low,0,1,Saturday,July,MoRTH_Standardized_v2.1
MORTH23-10198,2023-02-27,18:42,Telangana,Warangal,17.94388,79.57394,Clear,Bus,Medium,0,0,Monday,February,MoRTH_Standardized_v2.1
MORTH23-10199,2023-11-20,08:10,Rajasthan,Jaipur,26.88013,75.80117,Clear,Truck/Lorry,Low,0,0,Monday,November,MoRTH_Standardized_v2.1
MORTH23-10200,2023-06-04,04:08,Kerala,Kochi,9.9183,76.23288,Clear,Two-Wheeler,High,1,4,Sunday,June,MoRTH_Standardized_v2.1
MORTH23-10201,2023-04-13,14:00,Delhi/NCR,Delhi,28.57764,77.16942,Clear,Bus,Low,0,2,Thursday,April,MoRTH_Standardized_v2.1
MORTH23-10202,2023-07-19,12:14,Uttar Pradesh,Agra,27.19996,78.00527,Clear,Two-Wheeler,Medium,0,2,Wednesday,July,MoRTH_Standardized_v2.1
MORTH23-10203,2023-06-06,17:10,Tamil Nadu,Coimbatore,10.98393,76.95735,Clear,Two-Wheeler,Medium,0,1,Tuesday,June,MoRTH_Standardized_v2.1
MORTH23-10204,2023-01-10,00:17,Tamil Nadu,Coimbatore,11.008,76.93902,Clear,Two-Wheeler,High,1,1,Tuesday,January,MoRTH_Standardized_v2.1
MORTH23-10205,2023-02-16,21:26,Madhya Pradesh,Indore,22.69586,75.85933,Clear,Car/Jeep/Van,Low,0,2,Thursday,February,MoRTH_Standardized_v2.1
MORTH23-10206,2023-04-09,08:44,Tamil Nadu,Chennai,13.08545,80.26672,Clear,Two-Wheeler,Medium,0,1,Sunday,April,MoRTH_Standardized_v2.1
MORTH23-10207,2023-02-14,21:42,Madhya Pradesh,Indore,22.7071,75.8483,Clear,Auto-Rickshaw,Low,0,1,Tuesday,February,MoRTH_Standardized_v2.1
MORTH23-10208,2023-05-19,13:47,Andhra Pradesh,Vijayawada,16.47199,80.66209,Clear,Truck/Lorry,Medium,0,2,Friday,May,MoRTH_Standardized_v2.1
MORTH23-10209,2023-12-15,10:26,Uttar Pradesh,Lucknow,26.83967,80.93284,Cloudy,Two-Wheeler,Medium,0,2,Friday,December,MoRTH_Standardized_v2.1
MORTH23-10210,2023-04-02,17:07,Tamil Nadu,Madurai,9.86992,78.18381,Clear,Two-Wheeler,Medium,0,2,Sunday,April,MoRTH_Standardized_v2.1
MORTH23-10211,2023-08-14,07:12,Delhi/NCR,Kolkata,22.55755,88.39446,Cloudy,Two-Wheeler,Medium,0,1,Monday,August,MoRTH_Standardized_v2.1
MORTH23-10212,2023-07-06,07:02,Tamil Nadu,Madurai,9.97204,78.10045,Clear,Two-Wheeler,Medium,0,2,Thursday,July,MoRTH_Standardized_v2.1
MORTH23-10213,2023-10-18,21:25,Rajasthan,Jaipur,26.95422,75.79791,Rainy,Two-Wheeler,Critical,3,6,Wednesday,October,MoRTH_Standardized_v2.1
MORTH23-10214,2023-10-12,16:57,Madhya Pradesh,Gwalior,26.20289,78.16945,Clear,Car/Jeep/Van,Low,0,2,Thursday,October,MoRTH_Standardized_v2.1
MORTH23-10215,2023-12-29,07:40,Delhi/NCR,Kolkata,22.55472,88.33009,Clear,Car/Jeep/Van,Low,0,1,Friday,December,MoRTH_Standardized_v2.1
MORTH23-10216,2023-04-19,19:11,Maharashtra,Mumbai,19.05237,72.87548,Clear,Car/Jeep/Van,Low,0,2,Wednesday,April,MoRTH_Standardized_v2.1
MORTH23-10217,2023-01-14,19:29,Delhi/NCR,Guwahati,26.08222,91.78154,Clear,Bus,Low,0,2,Saturday,January,MoRTH_Standardized_v2.1
MORTH23-10218,2023-05-10,20:40,Delhi/NCR,Kolkata,22.57753,88.32753,Clear,Auto-Rickshaw,Low,0,2,Wednesday,May,MoRTH_Standardized_v2.1
MORTH23-10219,2023-04-14,19:14,Delhi/NCR,Guwahati,26.16509,91.7662,Rainy,Two-Wheeler,Critical,1,2,Friday,April,MoRTH_Standardized_v2.1
MORTH23-10220,2023-06-03,16:51,Delhi/NCR,Delhi,28.54935,77.17783,Cloudy,Bus,Low,0,2,Saturday,June,MoRTH_Standardized_v2.1
MORTH23-10221,2023-03-14,23:24,Andhra Pradesh,Visakhapatnam,17.70205,83.18214,Clear,Car/Jeep/Van,Medium,0,0,Tuesday,March,MoRTH_Standardized_v2.1
MORTH23-10222,2023-08-13,14:22,Delhi/NCR,Guwahati,26.15467,91.75543,Clear,Truck/Lorry,Low,0,1,Sunday,August,MoRTH_Standardized_v2.1
MORTH23-10223,2023-12-22,14:56,Telangana,Warangal,17.94724,79.66148,Clear,Car/Jeep/Van,Low,0,0,Friday,December,MoRTH_Standardized_v2.1
MORTH23-10224,2023-07-09,09:43,Madhya Pradesh,Gwalior,26.23576,78.24027,Clear,Truck/Lorry,Medium,0,2,Sunday,July,MoRTH_Standardized_v2.1
MORTH23-10225,2023-01-21,12:53,Maharashtra,Mumbai,19.04634,72.83899,Clear,Bus,Medium,0,0,Saturday,January,MoRTH_Standardized_v2.1
MORTH23-10226,2023-04-23,18:32,Madhya Pradesh,Indore,22.75026,75.91241,Clear,Auto-Rickshaw,Low,0,0,Sunday,April,MoRTH_Standardized_v2.1
MORTH23-10227,2023-06-12,02:09,Delhi/NCR,Delhi,28.6293,77.18961,Clear,Others,Low,0,1,Monday,June,MoRTH_Standardized_v2.1
MORTH23-10228,2023-10-18,23:39,Kerala,Kozhikode,11.26175,75.74138,Clear,Two-Wheeler,High,1,4,Wednesday,October,MoRTH_Standardized_v2.1
MORTH23-10229,2023-03-14,14:29,Delhi/NCR,Guwahati,26.07931,91.73485,Clear,Two-Wheeler,High,1,4,Tuesday,March,MoRTH_Standardized_v2.1
MORTH23-10230,2023-06-14,03:23,Uttar Pradesh,Lucknow,26.79121,80.95696,Cloudy,Two-Wheeler,Critical,1,6,Wednesday,June,MoRTH_Standardized_v2.1
MORTH23-10231,2023-11-26,10:37,Uttar Pradesh,Agra,27.20145,78.00911,Rainy,Two-Wheeler,Critical,3,3,Sunday,November,MoRTH_Standardized_v2.1
MORTH23-10232,2023-02-19,10:30,Madhya Pradesh,Gwalior,26.20089,78.1611,Clear,Auto-Rickshaw,Low,0,0,Sunday,February,MoRTH_Standardized_v2.1
MORTH23-10233,2023-09-17,12:30,Delhi/NCR,Delhi,28.59755,77.19023,Clear,Car/Jeep/Van,Medium,0,1,Sunday,September,MoRTH_Standardized_v2.1
MORTH23-10234,2023-07-29,17:49,Tamil Nadu,Madurai,9.95212,78.1517,Clear,Two-Wheeler,High,0,3,Saturday,July,MoRTH_Standardized_v2.1
MORTH23-10235,2023-02-02,14:53,Madhya Pradesh,Bhopal,23.30889,77.46167,Clear,Two-Wheeler,Medium,0,1,Thursday,February,MoRTH_Standardized_v2.1
MORTH23-10236,2023-08-14,10:10,Andhra Pradesh,Vijayawada,16.4486,80.61845,Clear,Truck/Lorry,Low,0,2,Monday,August,MoRTH_Standardized_v2.1
MORTH23-10237,2023-02-18,11:19,Madhya Pradesh,Bhopal,23.20658,77.43359,Clear,Two-Wheeler,High,0,1,Saturday,February,MoRTH_Standardized_v2.1
MORTH23-10238,2023-08-19,20:05,Gujarat,Ahmedabad,23.03769,72.56667,Rainy,Car/Jeep/Van,Medium,0,1,Saturday,August,MoRTH_Standardized_v2.1
MORTH23-10239,2023-07-23,16:48,Tamil Nadu,Coimbatore,11.01308,76.98023,Cloudy,Truck/Lorry,Medium,0,1,Sunday,July,MoRTH_Standardized_v2.1
MORTH23-10240,2023-05-23,20:54,Kerala,Kozhikode,11.2022,75.77851,Clear,Others,Low,0,2,Tuesday,May,MoRTH_Standardized_v2.1
MORTH23-10241,2023-08-19,18:57,Uttar Pradesh,Kanpur,26.47539,80.33642,Clear,Two-Wheeler,Medium,0,0,Saturday,August,MoRTH_Standardized_v2.1
MORTH23-10242,2023-01-13,16:43,Delhi/NCR,Guwahati,26.17001,91.70017,Clear,Two-Wheeler,High,0,1,Friday,January,MoRTH_Standardized_v2.1
MORTH23-10243,2023-03-11,10:33,Kerala,Thiruvananthapuram,8.52511,76.81805,Clear,Car/Jeep/Van,Low,0,1,Saturday,March,MoRTH_Standardized_v2.1
MORTH23-10244,2023-03-25,06:46,Karnataka,Mysore,12.34125,76.62569,Clear,Two-Wheeler,High,0,1,Saturday,March,MoRTH_Standardized_v2.1
MORTH23-10245,2023-02-14,18:33,Madhya Pradesh,Bhopal,23.29694,77.43134,Clear,Truck/Lorry,Medium,0,1,Tuesday,February,MoRTH_Standardized_v2.1
MORTH23-10246,2023-01-26,18:56,Delhi/NCR,Kolkata,22.57057,88.35669,Clear,Others,Medium,0,2,Thursday,January,MoRTH_Standardized_v2.1
MORTH23-10247,2023-05-18,11:51,Uttar Pradesh,Agra,27.17827,78.04913,Cloudy,Bus,Low,0,0,Thursday,May,MoRTH_Standardized_v2.1
MORTH23-10248,2023-07-07,16:23,Gujarat,Surat,21.16222,72.82024,Clear,Car/Jeep/Van,Low,0,2,Friday,July,MoRTH_Standardized_v2.1
MORTH23-10249,2023-04-11,16:17,Uttar Pradesh,Lucknow,26.83989,80.95077,Rainy,Truck/Lorry,High,0,3,Tuesday,April,MoRTH_Standardized_v2.1
MORTH23-10250,2023-02-04,07:48,Rajasthan,Jaipur,26.88656,75.74253,Foggy,Two-Wheeler,High,0,4,Saturday,February,MoRTH_Standardized_v2.1
MORTH23-10251,2023-05-30,17:30,Telangana,Hyderabad,17.40642,78.52622,Clear,Two-Wheeler,High,0,1,Tuesday,May,MoRTH_Standardized_v2.1
MORTH23-10252,2023-09-30,19:33,Rajasthan,Jaipur,26.9549,75.86487,Clear,Two-Wheeler,Medium,0,0,Saturday,September,MoRTH_Standardized_v2.1
MORTH23-10253,2023-05-28,08:33,Karnataka,Hubli,15.33686,75.12873,Clear,Two-Wheeler,Medium,0,0,Sunday,May,MoRTH_Standardized_v2.1
MORTH23-10254,2023-08-16,15:17,Delhi/NCR,Guwahati,26.08026,91.71883,Clear,Car/Jeep/Van,Low,0,2,Wednesday,August,MoRTH_Standardized_v2.1
MORTH23-10255,2023-09-20,10:55,Delhi/NCR,Delhi,28.68066,77.19124,Rainy,Two-Wheeler,Critical,2,5,Wednesday,September,MoRTH_Standardized_v2.1
MORTH23-10256,2023-04-11,19:56,Rajasthan,Jodhpur,26.21786,72.98785,Clear,Auto-Rickshaw,Low,0,1,Tuesday,April,MoRTH_Standardized_v2.1
MORTH23-10257,2023-08-03,18:47,Rajasthan,Jaipur,26.9355,75.79467,Clear,Two-Wheeler,High,1,4,Thursday,August,MoRTH_Standardized_v2.1
MORTH23-10258,2023-04-08,13:33,Tamil Nadu,Madurai,9.8908,78.16053,Cloudy,Others,Low,0,0,Saturday,April,MoRTH_Standardized_v2.1
MORTH23-10259,2023-03-03,13:41,Andhra Pradesh,Visakhapatnam,17.70161,83.2059,Clear,Two-Wheeler,Medium,0,1,Friday,March,MoRTH_Standardized_v2.1
MORTH23-10260,2023-04-04,06:42,Gujarat,Surat,21.16166,72.84311,Foggy,Auto-Rickshaw,High,0,1,Tuesday,April,MoRTH_Standardized_v2.1
MORTH23-10261,2023-12-18,20:37,Tamil Nadu,Chennai,13.09679,80.27038,Clear,Two-Wheeler,High,1,3,Monday,December,MoRTH_Standardized_v2.1
MORTH23-10262,2023-02-10,10:56,Maharashtra,Pune,18.52946,73.86243,Clear,Bus,Low,0,1,Friday,February,MoRTH_Standardized_v2.1
MORTH23-10263,2023-05-29,15:55,Kerala,Kozhikode,11.25545,75.79684,Clear,Two-Wheeler,Medium,0,0,Monday,May,MoRTH_Standardized_v2.1
MORTH23-10264,2023-10-18,14:00,Maharashtra,Mumbai,19.14144,72.86682,Clear,Car/Jeep/Van,Low,0,2,Wednesday,October,MoRTH_Standardized_v2.1
MORTH23-10265,2023-04-03,21:31,Rajasthan,Jaipur,26.87426,75.77031,Foggy,Two-Wheeler,High,0,2,Monday,April,MoRTH_Standardized_v2.1
MORTH23-10266,2023-05-07,09:18,Uttar Pradesh,Agra,27.24686,77.94483,Clear,Others,Low,0,1,Sunday,May,MoRTH_Standardized_v2.1
MORTH23-10267,2023-04-22,10:51,Kerala,Thiruvananthapuram,8.53545,76.92401,Clear,Two-Wheeler,High,0,4,Saturday,April,MoRTH_Standardized_v2.1
MORTH23-10268,2023-02-02,17:05,Andhra Pradesh,Visakhapatnam,17.70772,83.21475,Clear,Two-Wheeler,Medium,0,1,Thursday,February,MoRTH_Standardized_v2.1
MORTH23-10269,2023-02-08,18:35,Andhra Pradesh,Visakhapatnam,17.68879,83.16596,Clear,Two-Wheeler,High,1,4,Wednesday,February,MoRTH_Standardized_v2.1
MORTH23-10270,2023-02-03,12:00,Delhi/NCR,Guwahati,26.16594,91.70634,Clear,Bus,Medium,0,1,Friday,February,MoRTH_Standardized_v2.1
MORTH23-10271,2023-08-04,16:53,Madhya Pradesh,Gwalior,26.20731,78.1592,Clear,Auto-Rickshaw,Low,0,2,Friday,August,MoRTH_Standardized_v2.1
MORTH23-10272,2023-08-10,09:58,Rajasthan,Jodhpur,26.24352,73.04391,Cloudy,Truck/Lorry,Low,0,1,Thursday,August,MoRTH_Standardized_v2.1
MORTH23-10273,2023-11-14,00:54,Andhra Pradesh,Vijayawada,16.4765,80.65527,Clear,Two-Wheeler,Critical,3,3,Tuesday,November,MoRTH_Standardized_v2.1
MORTH23-10274,2023-06-17,10:23,Delhi/NCR,Delhi,28.5956,77.20984,Foggy,Others,Medium,0,0,Saturday,June,MoRTH_Standardized_v2.1
MORTH23-10275,2023-06-01,02:28,Delhi/NCR,Kolkata,22.59687,88.37065,Clear,Auto-Rickshaw,Low,0,0,Thursday,June,MoRTH_Standardized_v2.1
MORTH23-10276,2023-03-28,23:47,Kerala,Kozhikode,11.30319,75.78932,Clear,Truck/Lorry,High,0,3,Tuesday,March,MoRTH_Standardized_v2.1
MORTH23-10277,2023-11-12,10:24,Kerala,Thiruvananthapuram,8.55635,76.92842,Clear,Two-Wheeler,High,0,1,Sunday,November,MoRTH_Standardized_v2.1
MORTH23-10278,2023-03-16,17:46,Kerala,Thiruvananthapuram,8.50061,76.88743,Clear,Two-Wheeler,Medium,0,1,Thursday,March,MoRTH_Standardized_v2.1
MORTH23-10279,2023-02-22,14:59,Karnataka,Hubli,15.35866,75.14145,Clear,Car/Jeep/Van,Medium,0,0,Wednesday,February,MoRTH_Standardized_v2.1
MORTH23-10280,2023-12-08,15:50,Uttar Pradesh,Agra,27.20572,78.05334,Clear,Bus,Low,0,2,Friday,December,MoRTH_Standardized_v2.1
MORTH23-10281,2023-02-21,09:25,Delhi/NCR,Delhi,28.66498,77.22397,Clear,Auto-Rickshaw,Low,0,0,Tuesday,February,MoRTH_Standardized_v2.1
MORTH23-10282,2023-08-07,07:14,Andhra Pradesh,Visakhapatnam,17.72752,83.19332,Clear,Bus,Low,0,1,Monday,August,MoRTH_Standardized_v2.1
MORTH23-10283,2023-07-29,23:14,Delhi/NCR,Guwahati,26.10698,91.69006,Clear,Two-Wheeler,High,0,3,Saturday,July,MoRTH_Standardized_v2.1
MORTH23-10284,2023-09-18,16:21,Delhi/NCR,Delhi,28.64266,77.21611,Clear,Two-Wheeler,Medium,0,1,Monday,September,MoRTH_Standardized_v2.1
MORTH23-10285,2023-02-07,09:19,Uttar Pradesh,Kanpur,26.49156,80.39819,Rainy,Two-Wheeler,Critical,2,2,Tuesday,February,MoRTH_Standardized_v2.1
MORTH23-10286,2023-11-19,19:51,Uttar Pradesh,Kanpur,26.45778,80.28554,Clear,Auto-Rickshaw,Low,0,1,Sunday,November,MoRTH_Standardized_v2.1
MORTH23-10287,2023-05-21,12:31,Andhra Pradesh,Vijayawada,16.45774,80.67738,Clear,Two-Wheeler,Medium,0,1,Sunday,May,MoRTH_Standardized_v2.1
MORTH23-10288,2023-02-13,05:45,Gujarat,Ahmedabad,23.06475,72.56002,Clear,Auto-Rickshaw,Medium,0,0,Monday,February,MoRTH_Standardized_v2.1
MORTH23-10289,2023-04-13,13:32,Maharashtra,Pune,18.53834,73.84021,Cloudy,Two-Wheeler,Medium,0,1,Thursday,April,MoRTH_Standardized_v2.1
MORTH23-10290,2023-04-23,16:14,Telangana,Warangal,17.97194,79.5455,Clear,Auto-Rickshaw,Medium,0,2,Sunday,April,MoRTH_Standardized_v2.1
MORTH23-10291,2023-01-24,06:31,Gujarat,Surat,21.12629,72.84658,Clear,Truck/Lorry,Medium,0,2,Tuesday,January,MoRTH_Standardized_v2.1
MORTH23-10292,2023-06-30,08:59,Karnataka,Mysore,12.25831,76.65956,Clear,Car/Jeep/Van,Low,0,1,Friday,June,MoRTH_Standardized_v2.1
MORTH23-10293,2023-09-18,22:19,Gujarat,Surat,21.19113,72.80597,Clear,Truck/Lorry,High,1,2,Monday,September,MoRTH_Standardized_v2.1
MORTH23-10294,2023-11-05,18:09,Delhi/NCR,Delhi,28.62305,77.20923,Clear,Bus,Low,0,1,Sunday,November,MoRTH_Standardized_v2.1
MORTH23-10295,2023-07-25,10:27,Tamil Nadu,Coimbatore,10.99571,76.91531,Clear,Truck/Lorry,Medium,0,2,Tuesday,July,MoRTH_Standardized_v2.1
MORTH23-10296,2023-02-10,22:28,Madhya Pradesh,Bhopal,23.23059,77.38612,Clear,Car/Jeep/Van,Low,0,2,Friday,February,MoRTH_Standardized_v2.1
MORTH23-10297,2023-08-03,10:15,Andhra Pradesh,Visakhapatnam,17.70185,83.20145,Clear,Car/Jeep/Van,Low,0,2,Thursday,August,MoRTH_Standardized_v2.1
MORTH23-10298,2023-04-30,08:33,Delhi/NCR,Delhi,28.62149,77.19613,Clear,Truck/Lorry,Medium,0,0,Sunday,April,MoRTH_Standardized_v2.1
MORTH23-10299,2023-07-11,20:39,Tamil Nadu,Madurai,9.93964,78.07184,Foggy,Bus,High,0,3,Tuesday,July,MoRTH_Standardized_v2.1
MORTH23-10300,2023-01-05,15:14,Tamil Nadu,Coimbatore,11.03213,76.93565,Clear,Two-Wheeler,Medium,0,0,Thursday,January,MoRTH_Standardized_v2.1
MORTH23-10301,2023-12-29,09:30,Tamil Nadu,Chennai,13.05603,80.217,Clear,Truck/Lorry,Medium,0,0,Friday,December,MoRTH_Standardized_v2.1
MORTH23-10302,2023-04-09,14:15,Delhi/NCR,Delhi,28.60078,77.24551,Clear,Others,Low,0,0,Sunday,April,MoRTH_Standardized_v2.1
MORTH23-10303,2023-11-14,16:22,Delhi/NCR,Guwahati,26.16707,91.66863,Clear,Two-Wheeler,High,0,4,Tuesday,November,MoRTH_Standardized_v2.1
MORTH23-10304,2023-11-15,19:49,Madhya Pradesh,Gwalior,26.22237,78.13131,Clear,Auto-Rickshaw,Low,0,0,Wednesday,November,MoRTH_Standardized_v2.1
MORTH23-10305,2023-11-12,01:04,Rajasthan,Jodhpur,26.23396,73.0257,Clear,Auto-Rickshaw,Medium,0,2,Sunday,November,MoRTH_Standardized_v2.1
MORTH23-10306,2023-03-07,21:16,Uttar Pradesh,Lucknow,26.77224,80.94504,Clear,Two-Wheeler,High,1,2,Tuesday,March,MoRTH_Standardized_v2.1
MORTH23-10307,2023-10-30,19:26,Gujarat,Ahmedabad,23.02326,72.61791,Clear,Truck/Lorry,High,0,3,Monday,October,MoRTH_Standardized_v2.1
MORTH23-10308,2023-01-11,11:41,Uttar Pradesh,Agra,27.22875,77.98782,Rainy,Car/Jeep/Van,Medium,0,0,Wednesday,January,MoRTH_Standardized_v2.1
MORTH23-10309,2023-12-11,23:31,Delhi/NCR,Guwahati,26.09678,91.77266,Cloudy,Truck/Lorry,High,0,2,Monday,December,MoRTH_Standardized_v2.1
MORTH23-10310,2023-06-11,10:18,Delhi/NCR,Kolkata,22.60157,88.34444,Cloudy,Car/Jeep/Van,Low,0,1,Sunday,June,MoRTH_Standardized_v2.1
MORTH23-10311,2023-07-18,07:13,Telangana,Warangal,17.95163,79.59971,Clear,Truck/Lorry,Medium,0,1,Tuesday,July,MoRTH_Standardized_v2.1
MORTH23-10312,2023-07-16,19:55,Madhya Pradesh,Bhopal,23.26212,77.359,Clear,Two-Wheeler,Medium,0,1,Sunday,July,MoRTH_Standardized_v2.1
MORTH23-10313,2023-05-21,15:50,Andhra Pradesh,Visakhapatnam,17.65327,83.24337,Rainy,Two-Wheeler,Critical,1,4,Sunday,May,MoRTH_Standardized_v2.1
MORTH23-10314,2023-06-23,19:01,Delhi/NCR,Delhi,28.58121,77.20035,Clear,Others,Medium,0,0,Friday,June,MoRTH_Standardized_v2.1
MORTH23-10315,2023-06-02,17:23,Delhi/NCR,Delhi,28.56054,77.22035,Clear,Two-Wheeler,High,1,1,Friday,June,MoRTH_Standardized_v2.1
MORTH23-10316,2023-09-17,17:37,Telangana,Warangal,17.98325,79.56115,Clear,Car/Jeep/Van,Low,0,0,Sunday,September,MoRTH_Standardized_v2.1
MORTH23-10317,2023-07-16,19:20,Maharashtra,Nagpur,21.16982,79.09145,Clear,Others,Medium,0,1,Sunday,July,MoRTH_Standardized_v2.1
MORTH23-10318,2023-01-16,08:16,Uttar Pradesh,Kanpur,26.4588,80.34822,Clear,Two-Wheeler,High,0,1,Monday,January,MoRTH_Standardized_v2.1
MORTH23-10319,2023-04-08,06:35,Madhya Pradesh,Gwalior,26.24969,78.12696,Rainy,Truck/Lorry,Critical,3,3,Saturday,April,MoRTH_Standardized_v2.1
MORTH23-10320,2023-06-20,06:11,Madhya Pradesh,Indore,22.70143,75.89982,Clear,Auto-Rickshaw,Medium,0,2,Tuesday,June,MoRTH_Standardized_v2.1
MORTH23-10321,2023-07-27,08:40,Maharashtra,Pune,18.52465,73.85861,Clear,Bus,Low,0,0,Thursday,July,MoRTH_Standardized_v2.1
MORTH23-10322,2023-12-07,03:38,Delhi/NCR,Guwahati,26.15251,91.70922,Cloudy,Truck/Lorry,High,0,3,Thursday,December,MoRTH_Standardized_v2.1
MORTH23-10323,2023-12-07,16:48,Karnataka,Bangalore,13.01189,77.5956,Clear,Two-Wheeler,High,1,4,Thursday,December,MoRTH_Standardized_v2.1
MORTH23-10324,2023-04-09,10:34,Gujarat,Surat,21.19284,72.86009,Rainy,Two-Wheeler,Critical,3,2,Sunday,April,MoRTH_Standardized_v2.1
MORTH23-10325,2023-12-16,18:15,Delhi/NCR,Delhi,28.5926,77.23449,Clear,Car/Jeep/Van,Medium,0,2,Saturday,December,MoRTH_Standardized_v2.1
MORTH23-10326,2023-11-07,01:39,Gujarat,Ahmedabad,23.00397,72.57001,Clear,Two-Wheeler,Critical,2,6,Tuesday,November,MoRTH_Standardized_v2.1
MORTH23-10327,2023-05-23,14:46,Maharashtra,Mumbai,19.07673,72.87733,Clear,Two-Wheeler,Medium,0,1,Tuesday,May,MoRTH_Standardized_v2.1
MORTH23-10328,2023-09-08,17:15,Madhya Pradesh,Gwalior,26.20907,78.21661,Cloudy,Two-Wheeler,Medium,0,1,Friday,September,MoRTH_Standardized_v2.1
MORTH23-10329,2023-07-26,16:48,Andhra Pradesh,Visakhapatnam,17.70498,83.23419,Clear,Bus,Low,0,0,Wednesday,July,MoRTH_Standardized_v2.1
MORTH23-10330,2023-08-06,20:47,Uttar Pradesh,Kanpur,26.40759,80.31255,Clear,Car/Jeep/Van,Medium,0,2,Sunday,August,MoRTH_Standardized_v2.1
MORTH23-10331,2023-09-06,16:18,Kerala,Kozhikode,11.25009,75.74711,Clear,Car/Jeep/Van,Low,0,2,Wednesday,September,MoRTH_Standardized_v2.1
MORTH23-10332,2023-03-31,09:09,Delhi/NCR,Kolkata,22.56015,88.33299,Clear,Others,Low,0,1,Friday,March,MoRTH_Standardized_v2.1
MORTH23-10333,2023-08-29,15:44,Delhi/NCR,Guwahati,26.2094,91.7604,Foggy,Bus,High,0,3,Tuesday,August,MoRTH_Standardized_v2.1
MORTH23-10334,2023-08-08,13:56,Andhra Pradesh,Visakhapatnam,17.67072,83.24118,Rainy,Auto-Rickshaw,High,0,3,Tuesday,August,MoRTH_Standardized_v2.1
MORTH23-10335,2023-08-23,17:19,Uttar Pradesh,Lucknow,26.8658,80.93226,Clear,Car/Jeep/Van,Medium,0,2,Wednesday,August,MoRTH_Standardized_v2.1
MORTH23-10336,2023-01-05,21:26,Delhi/NCR,Delhi,28.64106,77.17512,Clear,Car/Jeep/Van,Low,0,2,Thursday,January,MoRTH_Standardized_v2.1
MORTH23-10337,2023-02-19,13:45,Delhi/NCR,Kolkata,22.56413,88.38105,Clear,Auto-Rickshaw,Low,0,1,Sunday,February,MoRTH_Standardized_v2.1
MORTH23-10338,2023-05-28,14:58,Madhya Pradesh,Bhopal,23.26225,77.41328,Cloudy,Car/Jeep/Van,Low,0,0,Sunday,May,MoRTH_Standardized_v2.1
MORTH23-10339,2023-02-20,08:21,Madhya Pradesh,Bhopal,23.26378,77.44334,Rainy,Two-Wheeler,High,1,1,Monday,February,MoRTH_Standardized_v2.1
MORTH23-10340,2023-11-22,16:37,Kerala,Kochi,9.98836,76.30732,Foggy,Auto-Rickshaw,Medium,0,2,Wednesday,November,MoRTH_Standardized_v2.1
MORTH23-10341,2023-05-07,09:30,Karnataka,Mysore,12.30711,76.65007,Clear,Two-Wheeler,High,0,2,Sunday,May,MoRTH_Standardized_v2.1
MORTH23-10342,2023-08-21,18:32,Delhi/NCR,Kolkata,22.50713,88.37272,Rainy,Car/Jeep/Van,Medium,0,0,Monday,August,MoRTH_Standardized_v2.1
MORTH23-10343,2023-02-23,19:01,Karnataka,Hubli,15.34255,75.13437,Rainy,Truck/Lorry,High,1,2,Thursday,February,MoRTH_Standardized_v2.1
MORTH23-10344,2023-03-21,04:44,Madhya Pradesh,Indore,22.71494,75.85871,Rainy,Auto-Rickshaw,High,0,3,Tuesday,March,MoRTH_Standardized_v2.1
MORTH23-10345,2023-12-25,18:01,Delhi/NCR,Kolkata,22.61718,88.39018,Clear,Two-Wheeler,Medium,0,0,Monday,December,MoRTH_Standardized_v2.1
MORTH23-10346,2023-08-05,13:34,Telangana,Warangal,17.97402,79.57417,Clear,Auto-Rickshaw,Low,0,1,Saturday,August,MoRTH_Standardized_v2.1
MORTH23-10347,2023-09-06,18:12,Uttar Pradesh,Lucknow,26.84809,80.922,Clear,Two-Wheeler,Medium,0,2,Wednesday,September,MoRTH_Standardized_v2.1
MORTH23-10348,2023-07-24,05:38,Uttar Pradesh,Lucknow,26.83988,80.94351,Clear,Auto-Rickshaw,Medium,0,1,Monday,July,MoRTH_Standardized_v2.1
MORTH23-10349,2023-04-08,13:16,Madhya Pradesh,Indore,22.73551,75.86484,Clear,Two-Wheeler,Medium,0,2,Saturday,April,MoRTH_Standardized_v2.1
MORTH23-10350,2023-07-22,03:32,Telangana,Hyderabad,17.44197,78.51686,Clear,Auto-Rickshaw,Medium,0,1,Saturday,July,MoRTH_Standardized_v2.1
MORTH23-10351,2023-06-13,19:35,Madhya Pradesh,Bhopal,23.24866,77.38371,Clear,Others,Low,0,2,Tuesday,June,MoRTH_Standardized_v2.1
MORTH23-10352,2023-03-17,22:16,Andhra Pradesh,Vijayawada,16.51365,80.64171,Foggy,Truck/Lorry,Critical,2,2,Friday,March,MoRTH_Standardized_v2.1
MORTH23-10353,2023-05-04,00:00,Delhi/NCR,Guwahati,26.1307,91.74583,Clear,Car/Jeep/Van,Low,0,2,Thursday,May,MoRTH_Standardized_v2.1
MORTH23-10354,2023-09-02,15:00,Gujarat,Ahmedabad,23.00706,72.52416,Clear,Others,Medium,0,1,Saturday,September,MoRTH_Standardized_v2.1
MORTH23-10355,2023-12-22,18:17,Tamil Nadu,Madurai,9.97047,78.08808,Clear,Others,Low,0,2,Friday,December,MoRTH_Standardized_v2.1
MORTH23-10356,2023-08-10,13:00,Madhya Pradesh,Bhopal,23.2751,77.36023,Clear,Truck/Lorry,Low,0,0,Thursday,August,MoRTH_Standardized_v2.1
MORTH23-10357,2023-06-17,15:57,Kerala,Thiruvananthapuram,8.56797,76.89439,Clear,Others,Low,0,1,Saturday,June,MoRTH_Standardized_v2.1
MORTH23-10358,2023-08-08,15:55,Tamil Nadu,Coimbatore,11.04192,76.94235,Clear,Truck/Lorry,Low,0,0,Tuesday,August,MoRTH_Standardized_v2.1
MORTH23-10359,2023-03-12,11:19,Madhya Pradesh,Gwalior,26.18724,78.20625,Rainy,Car/Jeep/Van,High,0,1,Sunday,March,MoRTH_Standardized_v2.1
MORTH23-10360,2023-09-01,12:28,Madhya Pradesh,Gwalior,26.23441,78.1345,Foggy,Truck/Lorry,High,0,4,Friday,September,MoRTH_Standardized_v2.1
MORTH23-10361,2023-03-22,10:13,Karnataka,Hubli,15.38472,75.13939,Clear,Others,Low,0,2,Wednesday,March,MoRTH_Standardized_v2.1
MORTH23-10362,2023-05-26,04:08,Maharashtra,Pune,18.49759,73.84359,Cloudy,Bus,High,0,3,Friday,May,MoRTH_Standardized_v2.1
MORTH23-10363,2023-10-26,09:52,Delhi/NCR,Kolkata,22.51952,88.32582,Rainy,Bus,High,0,1,Thursday,October,MoRTH_Standardized_v2.1
MORTH23-10364,2023-02-02,13:53,Maharashtra,Mumbai,19.12061,72.82798,Rainy,Two-Wheeler,Critical,3,5,Thursday,February,MoRTH_Standardized_v2.1
MORTH23-10365,2023-07-29,07:09,Tamil Nadu,Coimbatore,10.98689,76.92745,Foggy,Truck/Lorry,High,0,3,Saturday,July,MoRTH_Standardized_v2.1
MORTH23-10366,2023-09-19,08:28,Delhi/NCR,Kolkata,22.58998,88.37554,Cloudy,Two-Wheeler,High,1,4,Tuesday,September,MoRTH_Standardized_v2.1
MORTH23-10367,2023-02-02,16:26,Madhya Pradesh,Bhopal,23.32233,77.41779,Foggy,Car/Jeep/Van,High,0,3,Thursday,February,MoRTH_Standardized_v2.1
MORTH23-10368,2023-05-12,14:23,Delhi/NCR,Guwahati,26.13696,91.73835,Clear,Car/Jeep/Van,Low,0,2,Friday,May,MoRTH_Standardized_v2.1
MORTH23-10369,2023-04-26,16:59,Uttar Pradesh,Kanpur,26.43782,80.31752,Clear,Two-Wheeler,High,1,3,Wednesday,April,MoRTH_Standardized_v2.1
MORTH23-10370,2023-07-16,03:14,Delhi/NCR,Guwahati,26.15259,91.70404,Clear,Others,Low,0,1,Sunday,July,MoRTH_Standardized_v2.1
MORTH23-10371,2023-12-25,18:44,Maharashtra,Mumbai,19.08129,72.83732,Clear,Others,Medium,0,1,Monday,December,MoRTH_Standardized_v2.1
MORTH23-10372,2023-10-14,08:23,Kerala,Kozhikode,11.19242,75.77531,Foggy,Bus,High,0,1,Saturday,October,MoRTH_Standardized_v2.1
MORTH23-10373,2023-10-25,12:29,Telangana,Hyderabad,17.40444,78.51566,Clear,Truck/Lorry,High,0,2,Wednesday,October,MoRTH_Standardized_v2.1
MORTH23-10374,2023-02-17,19:30,Kerala,Kochi,9.97443,76.28459,Clear,Truck/Lorry,High,1,1,Friday,February,MoRTH_Standardized_v2.1
MORTH23-10375,2023-03-15,09:41,Telangana,Hyderabad,17.37026,78.50488,Rainy,Two-Wheeler,Critical,3,5,Wednesday,March,MoRTH_Standardized_v2.1
MORTH23-10376,2023-10-12,19:35,Rajasthan,Jaipur,26.8953,75.79436,Clear,Truck/Lorry,High,0,1,Thursday,October,MoRTH_Standardized_v2.1
MORTH23-10377,2023-03-21,14:59,Telangana,Warangal,17.91447,79.61187,Clear,Others,Medium,0,1,Tuesday,March,MoRTH_Standardized_v2.1
MORTH23-10378,2023-07-09,16:12,Madhya Pradesh,Gwalior,26.20701,78.21788,Clear,Car/Jeep/Van,Low,0,0,Sunday,July,MoRTH_Standardized_v2.1
MORTH23-10379,2023-12-30,14:16,Uttar Pradesh,Agra,27.15981,77.96067,Clear,Truck/Lorry,Low,0,2,Saturday,December,MoRTH_Standardized_v2.1
MORTH23-10380,2023-01-23,13:22,Uttar Pradesh,Agra,27.17221,77.99773,Clear,Truck/Lorry,Low,0,0,Monday,January,MoRTH_Standardized_v2.1
MORTH23-10381,2023-08-03,20:26,Maharashtra,Nagpur,21.16536,79.1071,Clear,Others,Low,0,0,Thursday,August,MoRTH_Standardized_v2.1
MORTH23-10382,2023-03-05,21:30,Madhya Pradesh,Indore,22.65679,75.8752,Clear,Truck/Lorry,Medium,0,2,Sunday,March,MoRTH_Standardized_v2.1
MORTH23-10383,2023-09-13,13:19,Maharashtra,Pune,18.55994,73.85114,Cloudy,Bus,Low,0,0,Wednesday,September,MoRTH_Standardized_v2.1
MORTH23-10384,2023-06-11,01:39,Tamil Nadu,Chennai,13.08143,80.26932,Foggy,Car/Jeep/Van,High,1,1,Sunday,June,MoRTH_Standardized_v2.1
MORTH23-10385,2023-07-17,22:17,Kerala,Thiruvananthapuram,8.46147,76.95594,Clear,Two-Wheeler,Critical,3,5,Monday,July,MoRTH_Standardized_v2.1
MORTH23-10386,2023-04-13,15:11,Gujarat,Surat,21.1537,72.84513,Foggy,Two-Wheeler,Critical,2,6,Thursday,April,MoRTH_Standardized_v2.1
MORTH23-10387,2023-03-08,05:26,Delhi/NCR,Guwahati,26.12573,91.69898,Clear,Auto-Rickshaw,Medium,0,0,Wednesday,March,MoRTH_Standardized_v2.1
MORTH23-10388,2023-09-05,19:45,Delhi/NCR,Kolkata,22.58604,88.33458,Clear,Two-Wheeler,Medium,0,1,Tuesday,September,MoRTH_Standardized_v2.1
MORTH23-10389,2023-04-26,06:06,Maharashtra,Pune,18.54404,73.91814,Clear,Two-Wheeler,High,0,2,Wednesday,April,MoRTH_Standardized_v2.1
MORTH23-10390,2023-12-28,10:14,Uttar Pradesh,Kanpur,26.40074,80.3781,Clear,Car/Jeep/Van,Medium,0,2,Thursday,December,MoRTH_Standardized_v2.1
MORTH23-10391,2023-01-26,04:52,Andhra Pradesh,Vijayawada,16.50295,80.68673,Clear,Truck/Lorry,High,0,1,Thursday,January,MoRTH_Standardized_v2.1
MORTH23-10392,2023-05-04,11:53,Madhya Pradesh,Gwalior,26.20107,78.16804,Clear,Two-Wheeler,High,1,3,Thursday,May,MoRTH_Standardized_v2.1
MORTH23-10393,2023-09-25,13:43,Tamil Nadu,Coimbatore,11.01482,76.96998,Foggy,Two-Wheeler,High,0,2,Monday,September,MoRTH_Standardized_v2.1
MORTH23-10394,2023-06-28,12:58,Kerala,Thiruvananthapuram,8.53316,76.88382,Clear,Two-Wheeler,Medium,0,2,Wednesday,June,MoRTH_Standardized_v2.1
MORTH23-10395,2023-07-11,13:48,Delhi/NCR,Kolkata,22.57773,88.36107,Clear,Auto-Rickshaw,Low,0,2,Tuesday,July,MoRTH_Standardized_v2.1
MORTH23-10396,2023-09-16,02:45,Madhya Pradesh,Gwalior,26.23868,78.13452,Clear,Truck/Lorry,Critical,2,3,Saturday,September,MoRTH_Standardized_v2.1
MORTH23-10397,2023-07-03,21:57,Gujarat,Surat,21.13245,72.8356,Clear,Two-Wheeler,Medium,0,0,Monday,July,MoRTH_Standardized_v2.1
MORTH23-10398,2023-08-15,15:25,Tamil Nadu,Chennai,13.13549,80.2859,Clear,Two-Wheeler,High,0,1,Tuesday,August,MoRTH_Standardized_v2.1
MORTH23-10399,2023-01-15,02:06,Madhya Pradesh,Gwalior,26.25253,78.18475,Rainy,Auto-Rickshaw,High,0,3,Sunday,January,MoRTH_Standardized_v2.1
MORTH23-10400,2023-03-30,14:57,Tamil Nadu,Coimbatore,11.0269,77.0311,Clear,Truck/Lorry,Medium,0,2,Thursday,March,MoRTH_Standardized_v2.1
MORTH23-10401,2023-06-22,14:55,Tamil Nadu,Chennai,13.08235,80.28669,Clear,Truck/Lorry,Medium,0,1,Thursday,June,MoRTH_Standardized_v2.1
MORTH23-10402,2023-04-16,15:46,Delhi/NCR,Delhi,28.58175,77.17223,Rainy,Two-Wheeler,Critical,3,6,Sunday,April,MoRTH_Standardized_v2.1
MORTH23-10403,2023-12-19,21:46,Delhi/NCR,Delhi,28.61524,77.22125,Cloudy,Truck/Lorry,Low,0,2,Tuesday,December,MoRTH_Standardized_v2.1
MORTH23-10404,2023-08-04,13:53,Delhi/NCR,Guwahati,26.15615,91.75487,Clear,Truck/Lorry,High,0,3,Friday,August,MoRTH_Standardized_v2.1
MORTH23-10405,2023-08-09,14:13,Tamil Nadu,Coimbatore,11.02257,76.95174,Clear,Two-Wheeler,Medium,0,1,Wednesday,August,MoRTH_Standardized_v2.1
MORTH23-10406,2023-11-13,09:13,Uttar Pradesh,Lucknow,26.84571,80.94958,Clear,Car/Jeep/Van,Low,0,1,Monday,November,MoRTH_Standardized_v2.1
MORTH23-10407,2023-02-07,16:22,Madhya Pradesh,Indore,22.71138,75.87022,Clear,Auto-Rickshaw,Medium,0,0,Tuesday,February,MoRTH_Standardized_v2.1
MORTH23-10408,2023-12-16,19:53,Tamil Nadu,Madurai,9.95014,78.08962,Clear,Two-Wheeler,High,0,2,Saturday,December,MoRTH_Standardized_v2.1
MORTH23-10409,2023-06-11,21:03,Delhi/NCR,Delhi,28.60264,77.20628,Clear,Others,Medium,0,0,Sunday,June,MoRTH_Standardized_v2.1
MORTH23-10410,2023-03-05,09:58,Karnataka,Mysore,12.32284,76.61754,Foggy,Car/Jeep/Van,High,0,1,Sunday,March,MoRTH_Standardized_v2.1
MORTH23-10411,2023-11-19,01:40,Maharashtra,Pune,18.56285,73.83798,Clear,Auto-Rickshaw,High,1,1,Sunday,November,MoRTH_Standardized_v2.1
MORTH23-10412,2023-12-23,04:25,Madhya Pradesh,Bhopal,23.21926,77.44197,Clear,Two-Wheeler,High,0,4,Saturday,December,MoRTH_Standardized_v2.1
MORTH23-10413,2023-04-17,14:43,Uttar Pradesh,Lucknow,26.86868,80.97422,Clear,Car/Jeep/Van,Low,0,0,Monday,April,MoRTH_Standardized_v2.1
MORTH23-10414,2023-06-06,11:44,Kerala,Kozhikode,11.29219,75.71524,Foggy,Car/Jeep/Van,Medium,0,2,Tuesday,June,MoRTH_Standardized_v2.1
MORTH23-10415,2023-12-15,14:00,Delhi/NCR,Guwahati,26.10102,91.70767,Clear,Car/Jeep/Van,Medium,0,1,Friday,December,MoRTH_Standardized_v2.1
MORTH23-10416,2023-10-20,06:23,Tamil Nadu,Coimbatore,11.0255,76.95465,Clear,Bus,Low,0,2,Friday,October,MoRTH_Standardized_v2.1
MORTH23-10417,2023-10-18,15:10,Madhya Pradesh,Indore,22.70605,75.85494,Rainy,Auto-Rickshaw,High,1,4,Wednesday,October,MoRTH_Standardized_v2.1
MORTH23-10418,2023-08-22,23:23,Madhya Pradesh,Indore,22.68207,75.85618,Clear,Auto-Rickshaw,High,0,3,Tuesday,August,MoRTH_Standardized_v2.1
MORTH23-10419,2023-06-12,23:50,Uttar Pradesh,Agra,27.16352,77.99037,Clear,Car/Jeep/Van,Medium,0,2,Monday,June,MoRTH_Standardized_v2.1
MORTH23-10420,2023-08-26,19:16,Tamil Nadu,Chennai,13.08616,80.28707,Rainy,Car/Jeep/Van,Medium,0,0,Saturday,August,MoRTH_Standardized_v2.1
MORTH23-10421,2023-10-02,11:47,Madhya Pradesh,Gwalior,26.23956,78.17422,Clear,Auto-Rickshaw,Low,0,0,Monday,October,MoRTH_Standardized_v2.1
MORTH23-10422,2023-05-21,22:24,Uttar Pradesh,Lucknow,26.86474,80.95146,Clear,Bus,Medium,0,0,Sunday,May,MoRTH_Standardized_v2.1
MORTH23-10423,2023-09-03,22:49,Delhi/NCR,Delhi,28.63017,77.16743,Cloudy,Two-Wheeler,High,0,2,Sunday,September,MoRTH_Standardized_v2.1
MORTH23-10424,2023-05-29,17:11,Tamil Nadu,Madurai,9.94281,78.18643,Rainy,Truck/Lorry,Critical,1,4,Monday,May,MoRTH_Standardized_v2.1
MORTH23-10425,2023-06-07,02:01,Tamil Nadu,Coimbatore,11.04703,76.88264,Clear,Two-Wheeler,Critical,2,5,Wednesday,June,MoRTH_Standardized_v2.1
MORTH23-10426,2023-11-23,00:25,Telangana,Warangal,17.94048,79.59085,Clear,Two-Wheeler,Critical,1,2,Thursday,November,MoRTH_Standardized_v2.1
MORTH23-10427,2023-11-19,15:46,Rajasthan,Jaipur,26.92509,75.78289,Clear,Truck/Lorry,Medium,0,0,Sunday,November,MoRTH_Standardized_v2.1
MORTH23-10428,2023-01-06,15:55,Tamil Nadu,Madurai,9.944,78.12334,Clear,Auto-Rickshaw,Low,0,1,Friday,January,MoRTH_Standardized_v2.1
MORTH23-10429,2023-07-14,13:44,Delhi/NCR,Delhi,28.62311,77.22552,Cloudy,Two-Wheeler,High,0,2,Friday,July,MoRTH_Standardized_v2.1
MORTH23-10430,2023-03-19,17:33,Telangana,Hyderabad,17.35882,78.45961,Rainy,Auto-Rickshaw,Medium,0,0,Sunday,March,MoRTH_Standardized_v2.1
MORTH23-10431,2023-04-05,17:00,Madhya Pradesh,Indore,22.73356,75.87921,Clear,Two-Wheeler,Medium,0,1,Wednesday,April,MoRTH_Standardized_v2.1
MORTH23-10432,2023-05-27,13:08,Tamil Nadu,Coimbatore,11.01336,76.96683,Clear,Two-Wheeler,High,0,2,Saturday,May,MoRTH_Standardized_v2.1
MORTH23-10433,2023-07-08,07:45,Delhi/NCR,Kolkata,22.59838,88.33801,Clear,Two-Wheeler,Medium,0,0,Saturday,July,MoRTH_Standardized_v2.1
MORTH23-10434,2023-12-18,06:05,Delhi/NCR,Kolkata,22.57758,88.33476,Cloudy,Two-Wheeler,Medium,0,1,Monday,December,MoRTH_Standardized_v2.1
MORTH23-10435,2023-10-20,10:30,Kerala,Kochi,9.93637,76.2639,Clear,Two-Wheeler,Medium,0,2,Friday,October,MoRTH_Standardized_v2.1
MORTH23-10436,2023-11-01,14:04,Karnataka,Mysore,12.25665,76.64966,Clear,Two-Wheeler,High,0,3,Wednesday,November,MoRTH_Standardized_v2.1
MORTH23-10437,2023-04-03,01:01,Karnataka,Bangalore,13.01574,77.59035,Rainy,Car/Jeep/Van,High,0,2,Monday,April,MoRTH_Standardized_v2.1
MORTH23-10438,2023-03-04,06:35,Kerala,Kozhikode,11.26546,75.79042,Cloudy,Two-Wheeler,Medium,0,2,Saturday,March,MoRTH_Standardized_v2.1
MORTH23-10439,2023-01-28,17:50,Telangana,Warangal,17.98319,79.6437,Cloudy,Two-Wheeler,High,0,1,Saturday,January,MoRTH_Standardized_v2.1
MORTH23-10440,2023-06-12,13:11,Uttar Pradesh,Agra,27.15976,78.08532,Clear,Car/Jeep/Van,Low,0,2,Monday,June,MoRTH_Standardized_v2.1
MORTH23-10441,2023-07-10,19:50,Madhya Pradesh,Gwalior,26.16747,78.16526,Clear,Car/Jeep/Van,Low,0,0,Monday,July,MoRTH_Standardized_v2.1
MORTH23-10442,2023-11-28,18:30,Uttar Pradesh,Agra,27.15054,77.99164,Clear,Two-Wheeler,Medium,0,1,Tuesday,November,MoRTH_Standardized_v2.1
MORTH23-10443,2023-04-03,10:55,Gujarat,Ahmedabad,22.98104,72.56395,Clear,Two-Wheeler,High,0,1,Monday,April,MoRTH_Standardized_v2.1
MORTH23-10444,2023-02-28,09:38,Gujarat,Ahmedabad,23.01191,72.58643,Clear,Car/Jeep/Van,Medium,0,1,Tuesday,February,MoRTH_Standardized_v2.1
MORTH23-10445,2023-02-17,20:22,Telangana,Warangal,18.01408,79.6215,Cloudy,Auto-Rickshaw,Low,0,2,Friday,February,MoRTH_Standardized_v2.1
MORTH23-10446,2023-01-26,20:56,Delhi/NCR,Delhi,28.66183,77.22036,Clear,Car/Jeep/Van,Low,0,0,Thursday,January,MoRTH_Standardized_v2.1
MORTH23-10447,2023-05-18,16:41,Andhra Pradesh,Vijayawada,16.53822,80.64518,Clear,Two-Wheeler,High,0,4,Thursday,May,MoRTH_Standardized_v2.1
MORTH23-10448,2023-12-11,11:30,Andhra Pradesh,Visakhapatnam,17.6852,83.2392,Foggy,Two-Wheeler,Critical,1,2,Monday,December,MoRTH_Standardized_v2.1
MORTH23-10449,2023-08-13,19:19,Tamil Nadu,Coimbatore,11.01016,76.99069,Clear,Others,Low,0,1,Sunday,August,MoRTH_Standardized_v2.1
MORTH23-10450,2023-06-04,17:30,Madhya Pradesh,Indore,22.69598,75.85568,Clear,Car/Jeep/Van,Low,0,0,Sunday,June,MoRTH_Standardized_v2.1
MORTH23-10451,2023-08-04,20:47,Telangana,Warangal,17.93447,79.58924,Rainy,Two-Wheeler,High,1,3,Friday,August,MoRTH_Standardized_v2.1
MORTH23-10452,2023-03-30,07:43,Andhra Pradesh,Vijayawada,16.59033,80.62622,Clear,Truck/Lorry,High,0,3,Thursday,March,MoRTH_Standardized_v2.1
MORTH23-10453,2023-02-05,12:03,Kerala,Kozhikode,11.28119,75.74152,Cloudy,Two-Wheeler,Medium,0,2,Sunday,February,MoRTH_Standardized_v2.1
MORTH23-10454,2023-03-19,14:57,Delhi/NCR,Guwahati,26.19685,91.74406,Clear,Others,Low,0,2,Sunday,March,MoRTH_Standardized_v2.1
MORTH23-10455,2023-04-09,08:28,Maharashtra,Mumbai,19.10506,72.833,Clear,Car/Jeep/Van,Low,0,1,Sunday,April,MoRTH_Standardized_v2.1
MORTH23-10456,2023-07-26,20:42,Karnataka,Mysore,12.28407,76.66537,Clear,Auto-Rickshaw,Low,0,0,Wednesday,July,MoRTH_Standardized_v2.1
MORTH23-10457,2023-11-08,10:53,Delhi/NCR,Delhi,28.57738,77.21421,Rainy,Two-Wheeler,Critical,2,3,Wednesday,November,MoRTH_Standardized_v2.1
MORTH23-10458,2023-09-05,20:49,Delhi/NCR,Kolkata,22.58981,88.36627,Foggy,Two-Wheeler,Critical,3,2,Tuesday,September,MoRTH_Standardized_v2.1
MORTH23-10459,2023-05-30,19:55,Gujarat,Surat,21.17995,72.82367,Clear,Car/Jeep/Van,Low,0,0,Tuesday,May,MoRTH_Standardized_v2.1
MORTH23-10460,2023-05-05,17:44,Maharashtra,Mumbai,19.0483,72.86727,Clear,Two-Wheeler,High,0,4,Friday,May,MoRTH_Standardized_v2.1
MORTH23-10461,2023-08-03,13:34,Uttar Pradesh,Kanpur,26.4345,80.30518,Clear,Others,Low,0,1,Thursday,August,MoRTH_Standardized_v2.1
MORTH23-10462,2023-07-26,12:07,Delhi/NCR,Guwahati,26.09911,91.71587,Clear,Truck/Lorry,Medium,0,2,Wednesday,July,MoRTH_Standardized_v2.1
MORTH23-10463,2023-12-15,05:27,Tamil Nadu,Coimbatore,11.001,76.96427,Clear,Car/Jeep/Van,Low,0,2,Friday,December,MoRTH_Standardized_v2.1
MORTH23-10464,2023-10-19,11:01,Delhi/NCR,Delhi,28.6326,77.24024,Clear,Two-Wheeler,Medium,0,2,Thursday,October,MoRTH_Standardized_v2.1
MORTH23-10465,2023-07-14,13:02,Madhya Pradesh,Bhopal,23.275,77.34404,Foggy,Car/Jeep/Van,High,0,4,Friday,July,MoRTH_Standardized_v2.1
MORTH23-10466,2023-12-30,13:17,Andhra Pradesh,Vijayawada,16.52099,80.63565,Clear,Two-Wheeler,Medium,0,1,Saturday,December,MoRTH_Standardized_v2.1
MORTH23-10467,2023-07-11,23:29,Delhi/NCR,Delhi,28.6358,77.20063,Clear,Car/Jeep/Van,Medium,0,0,Tuesday,July,MoRTH_Standardized_v2.1
MORTH23-10468,2023-03-24,16:59,Kerala,Kochi,9.95261,76.25785,Clear,Two-Wheeler,Medium,0,1,Friday,March,MoRTH_Standardized_v2.1
MORTH23-10469,2023-10-04,02:07,Delhi/NCR,Delhi,28.58999,77.19342,Clear,Car/Jeep/Van,High,0,3,Wednesday,October,MoRTH_Standardized_v2.1
MORTH23-10470,2023-09-11,12:12,Uttar Pradesh,Lucknow,26.83103,80.96331,Foggy,Truck/Lorry,High,1,2,Monday,September,MoRTH_Standardized_v2.1
MORTH23-10471,2023-12-27,12:10,Tamil Nadu,Madurai,9.93715,78.12516,Rainy,Two-Wheeler,High,0,3,Wednesday,December,MoRTH_Standardized_v2.1
MORTH23-10472,2023-04-03,10:04,Tamil Nadu,Chennai,13.11945,80.3006,Clear,Two-Wheeler,High,0,4,Monday,April,MoRTH_Standardized_v2.1
MORTH23-10473,2023-12-18,07:12,Madhya Pradesh,Gwalior,26.23799,78.22022,Clear,Two-Wheeler,Medium,0,1,Monday,December,MoRTH_Standardized_v2.1
MORTH23-10474,2023-03-04,08:39,Madhya Pradesh,Bhopal,23.28412,77.38695,Clear,Car/Jeep/Van,Low,0,0,Saturday,March,MoRTH_Standardized_v2.1
MORTH23-10475,2023-07-20,11:52,Delhi/NCR,Delhi,28.57359,77.21733,Clear,Two-Wheeler,Medium,0,1,Thursday,July,MoRTH_Standardized_v2.1
MORTH23-10476,2023-08-29,16:48,Delhi/NCR,Guwahati,26.17907,91.73754,Clear,Auto-Rickshaw,Low,0,2,Tuesday,August,MoRTH_Standardized_v2.1
MORTH23-10477,2023-03-08,14:23,Delhi/NCR,Guwahati,26.15878,91.69831,Clear,Bus,Medium,0,2,Wednesday,March,MoRTH_Standardized_v2.1
MORTH23-10478,2023-04-05,19:14,Maharashtra,Mumbai,19.10766,72.87886,Clear,Bus,Low,0,2,Wednesday,April,MoRTH_Standardized_v2.1
MORTH23-10479,2023-09-25,06:00,Uttar Pradesh,Agra,27.20068,77.99182,Clear,Two-Wheeler,High,1,4,Monday,September,MoRTH_Standardized_v2.1
MORTH23-10480,2023-01-09,09:00,Maharashtra,Nagpur,21.16745,79.11044,Rainy,Bus,High,1,3,Monday,January,MoRTH_Standardized_v2.1
MORTH23-10481,2023-03-06,08:00,Tamil Nadu,Chennai,13.05927,80.28206,Foggy,Two-Wheeler,Critical,3,6,Monday,March,MoRTH_Standardized_v2.1
MORTH23-10482,2023-05-27,20:21,Delhi/NCR,Delhi,28.59729,77.17025,Clear,Two-Wheeler,High,0,4,Saturday,May,MoRTH_Standardized_v2.1
MORTH23-10483,2023-04-15,21:20,Delhi/NCR,Delhi,28.56613,77.16046,Foggy,Others,High,0,3,Saturday,April,MoRTH_Standardized_v2.1
MORTH23-10484,2023-01-07,19:33,Karnataka,Bangalore,12.92741,77.5975,Clear,Truck/Lorry,Medium,0,1,Saturday,January,MoRTH_Standardized_v2.1
MORTH23-10485,2023-06-07,23:56,Delhi/NCR,Delhi,28.65402,77.16503,Clear,Bus,High,0,1,Wednesday,June,MoRTH_Standardized_v2.1
MORTH23-10486,2023-11-30,13:27,Delhi/NCR,Kolkata,22.55341,88.38837,Clear,Two-Wheeler,Medium,0,0,Thursday,November,MoRTH_Standardized_v2.1
MORTH23-10487,2023-06-01,21:17,Kerala,Thiruvananthapuram,8.55323,76.90449,Clear,Two-Wheeler,High,0,3,Thursday,June,MoRTH_Standardized_v2.1
MORTH23-10488,2023-07-13,18:14,Maharashtra,Nagpur,21.16998,79.07851,Clear,Bus,Low,0,1,Thursday,July,MoRTH_Standardized_v2.1
MORTH23-10489,2023-07-07,09:47,Delhi/NCR,Guwahati,26.11146,91.75866,Clear,Two-Wheeler,High,0,1,Friday,July,MoRTH_Standardized_v2.1
MORTH23-10490,2023-08-06,22:50,Uttar Pradesh,Lucknow,26.79985,80.96397,Clear,Two-Wheeler,High,1,2,Sunday,August,MoRTH_Standardized_v2.1
MORTH23-10491,2023-06-19,23:12,Tamil Nadu,Coimbatore,11.00706,76.96804,Clear,Car/Jeep/Van,High,0,1,Monday,June,MoRTH_Standardized_v2.1
MORTH23-10492,2023-04-25,04:12,Tamil Nadu,Madurai,9.92117,78.14205,Clear,Two-Wheeler,Critical,3,5,Tuesday,April,MoRTH_Standardized_v2.1
MORTH23-10493,2023-08-26,12:34,Kerala,Kochi,9.90028,76.26498,Clear,Two-Wheeler,High,0,2,Saturday,August,MoRTH_Standardized_v2.1
MORTH23-10494,2023-06-24,08:37,Maharashtra,Nagpur,21.09513,79.06323,Clear,Auto-Rickshaw,Medium,0,2,Saturday,June,MoRTH_Standardized_v2.1
MORTH23-10495,2023-04-18,10:09,Maharashtra,Pune,18.53147,73.85305,Clear,Others,Low,0,2,Tuesday,April,MoRTH_Standardized_v2.1
MORTH23-10496,2023-11-23,11:34,Tamil Nadu,Madurai,9.97296,78.10421,Clear,Others,Medium,0,2,Thursday,November,MoRTH_Standardized_v2.1
MORTH23-10497,2023-11-29,12:12,Delhi/NCR,Kolkata,22.51692,88.36671,Clear,Car/Jeep/Van,Low,0,1,Wednesday,November,MoRTH_Standardized_v2.1
MORTH23-10498,2023-04-18,18:53,Madhya Pradesh,Gwalior,26.21109,78.1917,Rainy,Two-Wheeler,Critical,1,2,Tuesday,April,MoRTH_Standardized_v2.1
MORTH23-10499,2023-03-13,06:50,Uttar Pradesh,Kanpur,26.45089,80.26386,Clear,Two-Wheeler,High,0,2,Monday,March,MoRTH_Standardized_v2.1
MORTH23-10500,2023-04-25,23:12,Tamil Nadu,Madurai,9.9238,78.08427,Rainy,Truck/Lorry,Critical,2,4,Tuesday,April,MoRTH_Standardized_v2.1
MORTH23-10501,2023-11-30,02:05,Delhi/NCR,Guwahati,26.10337,91.74642,Clear,Two-Wheeler,Critical,3,4,Thursday,November,MoRTH_Standardized_v2.1
MORTH23-10502,2023-11-24,18:02,Delhi/NCR,Guwahati,26.12685,91.74441,Clear,Two-Wheeler,Medium,0,1,Friday,November,MoRTH_Standardized_v2.1
MORTH23-10503,2023-10-19,01:20,Tamil Nadu,Madurai,9.97085,78.15598,Clear,Two-Wheeler,High,0,2,Thursday,October,MoRTH_Standardized_v2.1
MORTH23-10504,2023-12-14,17:03,Tamil Nadu,Coimbatore,10.9863,76.96467,Cloudy,Car/Jeep/Van,Low,0,1,Thursday,December,MoRTH_Standardized_v2.1
MORTH23-10505,2023-03-28,21:10,Karnataka,Bangalore,12.98711,77.56456,Clear,Two-Wheeler,High,1,4,Tuesday,March,MoRTH_Standardized_v2.1
MORTH23-10506,2023-10-09,14:46,Telangana,Warangal,17.9426,79.59383,Clear,Two-Wheeler,Medium,0,1,Monday,October,MoRTH_Standardized_v2.1
MORTH23-10507,2023-05-11,17:46,Delhi/NCR,Delhi,28.57104,77.15587,Clear,Two-Wheeler,Medium,0,1,Thursday,May,MoRTH_Standardized_v2.1
MORTH23-10508,2023-03-20,12:55,Kerala,Kochi,9.92703,76.24583,Clear,Bus,Low,0,2,Monday,March,MoRTH_Standardized_v2.1
MORTH23-10509,2023-12-22,15:57,Andhra Pradesh,Vijayawada,16.46177,80.62775,Rainy,Two-Wheeler,Critical,3,4,Friday,December,MoRTH_Standardized_v2.1
MORTH23-10510,2023-02-16,06:12,Tamil Nadu,Chennai,13.09583,80.29594,Clear,Two-Wheeler,Medium,0,2,Thursday,February,MoRTH_Standardized_v2.1
MORTH23-10511,2023-02-10,12:53,Uttar Pradesh,Agra,27.21188,77.98794,Clear,Others,Low,0,1,Friday,February,MoRTH_Standardized_v2.1
MORTH23-10512,2023-06-08,20:31,Karnataka,Bangalore,12.97072,77.63426,Clear,Bus,Low,0,1,Thursday,June,MoRTH_Standardized_v2.1
MORTH23-10513,2023-03-13,07:15,Delhi/NCR,Kolkata,22.54149,88.33688,Clear,Car/Jeep/Van,Low,0,2,Monday,March,MoRTH_Standardized_v2.1
MORTH23-10514,2023-01-07,18:08,Delhi/NCR,Guwahati,26.19923,91.73565,Clear,Two-Wheeler,High,0,4,Saturday,January,MoRTH_Standardized_v2.1
MORTH23-10515,2023-03-31,17:24,Telangana,Hyderabad,17.38553,78.49397,Cloudy,Two-Wheeler,Medium,0,2,Friday,March,MoRTH_Standardized_v2.1
MORTH23-10516,2023-07-20,00:27,Madhya Pradesh,Gwalior,26.24735,78.21084,Clear,Two-Wheeler,High,1,1,Thursday,July,MoRTH_Standardized_v2.1
MORTH23-10517,2023-05-05,17:30,Delhi/NCR,Delhi,28.60319,77.2154,Foggy,Car/Jeep/Van,High,0,4,Friday,May,MoRTH_Standardized_v2.1
MORTH23-10518,2023-10-19,08:56,Karnataka,Mysore,12.29698,76.60956,Clear,Two-Wheeler,Medium,0,2,Thursday,October,MoRTH_Standardized_v2.1
MORTH23-10519,2023-08-02,19:10,Delhi/NCR,Kolkata,22.56742,88.40715,Clear,Truck/Lorry,High,0,3,Wednesday,August,MoRTH_Standardized_v2.1
MORTH23-10520,2023-12-20,19:09,Uttar Pradesh,Lucknow,26.87228,80.94678,Clear,Car/Jeep/Van,Low,0,1,Wednesday,December,MoRTH_Standardized_v2.1
MORTH23-10521,2023-08-29,09:40,Telangana,Hyderabad,17.43584,78.4513,Clear,Others,Low,0,2,Tuesday,August,MoRTH_Standardized_v2.1
MORTH23-10522,2023-08-19,08:51,Uttar Pradesh,Kanpur,26.43796,80.37726,Clear,Truck/Lorry,Low,0,1,Saturday,August,MoRTH_Standardized_v2.1
MORTH23-10523,2023-11-02,08:59,Maharashtra,Pune,18.49483,73.88954,Clear,Auto-Rickshaw,Low,0,1,Thursday,November,MoRTH_Standardized_v2.1
MORTH23-10524,2023-05-17,10:41,Delhi/NCR,Kolkata,22.57899,88.37196,Clear,Two-Wheeler,High,0,4,Wednesday,May,MoRTH_Standardized_v2.1
MORTH23-10525,2023-05-11,06:22,Tamil Nadu,Chennai,13.06354,80.23065,Rainy,Bus,Medium,0,2,Thursday,May,MoRTH_Standardized_v2.1
MORTH23-10526,2023-02-14,07:02,Delhi/NCR,Kolkata,22.52943,88.36187,Clear,Others,Low,0,0,Tuesday,February,MoRTH_Standardized_v2.1
MORTH23-10527,2023-03-14,07:14,Tamil Nadu,Madurai,9.96109,78.15957,Clear,Bus,Medium,0,0,Tuesday,March,MoRTH_Standardized_v2.1
MORTH23-10528,2023-01-13,14:57,Delhi/NCR,Kolkata,22.59606,88.36485,Clear,Two-Wheeler,High,0,1,Friday,January,MoRTH_Standardized_v2.1
MORTH23-10529,2023-06-14,18:06,Karnataka,Bangalore,12.93679,77.57594,Clear,Two-Wheeler,Medium,0,1,Wednesday,June,MoRTH_Standardized_v2.1
MORTH23-10530,2023-05-23,06:47,Uttar Pradesh,Agra,27.18237,77.99251,Clear,Two-Wheeler,High,0,4,Tuesday,May,MoRTH_Standardized_v2.1
MORTH23-10531,2023-12-25,14:54,Madhya Pradesh,Indore,22.71549,75.8511,Clear,Two-Wheeler,Medium,0,2,Monday,December,MoRTH_Standardized_v2.1
MORTH23-10532,2023-04-08,09:32,Karnataka,Bangalore,12.96421,77.58665,Clear,Two-Wheeler,Medium,0,2,Saturday,April,MoRTH_Standardized_v2.1
MORTH23-10533,2023-01-31,13:02,Rajasthan,Jodhpur,26.2619,73.03179,Clear,Two-Wheeler,High,0,2,Tuesday,January,MoRTH_Standardized_v2.1
MORTH23-10534,2023-06-12,06:36,Uttar Pradesh,Kanpur,26.40912,80.36926,Clear,Others,Low,0,0,Monday,June,MoRTH_Standardized_v2.1
MORTH23-10535,2023-03-10,14:19,Andhra Pradesh,Visakhapatnam,17.68483,83.25563,Rainy,Truck/Lorry,Critical,3,4,Friday,March,MoRTH_Standardized_v2.1
MORTH23-10536,2023-06-23,20:03,Karnataka,Hubli,15.39597,75.08761,Clear,Bus,Low,0,1,Friday,June,MoRTH_Standardized_v2.1
MORTH23-10537,2023-03-31,12:55,Tamil Nadu,Coimbatore,11.06896,76.98123,Clear,Bus,Low,0,1,Friday,March,MoRTH_Standardized_v2.1
MORTH23-10538,2023-12-11,22:58,Andhra Pradesh,Vijayawada,16.58469,80.62183,Clear,Truck/Lorry,High,1,3,Monday,December,MoRTH_Standardized_v2.1
MORTH23-10539,2023-08-03,14:20,Madhya Pradesh,Gwalior,26.18079,78.1566,Clear,Car/Jeep/Van,Medium,0,1,Thursday,August,MoRTH_Standardized_v2.1
MORTH23-10540,2023-10-24,05:35,Telangana,Hyderabad,17.4112,78.47927,Clear,Two-Wheeler,High,0,3,Tuesday,October,MoRTH_Standardized_v2.1
MORTH23-10541,2023-06-23,17:52,Madhya Pradesh,Indore,22.72899,75.89101,Clear,Truck/Lorry,High,0,4,Friday,June,MoRTH_Standardized_v2.1
MORTH23-10542,2023-04-06,05:26,Maharashtra,Mumbai,19.06587,72.89245,Clear,Auto-Rickshaw,Low,0,0,Thursday,April,MoRTH_Standardized_v2.1
MORTH23-10543,2023-07-01,18:09,Delhi/NCR,Delhi,28.57435,77.20386,Rainy,Two-Wheeler,High,0,4,Saturday,July,MoRTH_Standardized_v2.1
MORTH23-10544,2023-09-10,21:39,Delhi/NCR,Delhi,28.5656,77.20347,Clear,Truck/Lorry,High,0,1,Sunday,September,MoRTH_Standardized_v2.1
MORTH23-10545,2023-10-26,06:21,Maharashtra,Pune,18.49122,73.89607,Clear,Two-Wheeler,High,0,3,Thursday,October,MoRTH_Standardized_v2.1
MORTH23-10546,2023-08-03,08:07,Maharashtra,Pune,18.50911,73.84386,Clear,Truck/Lorry,Low,0,1,Thursday,August,MoRTH_Standardized_v2.1
MORTH23-10547,2023-06-19,00:23,Madhya Pradesh,Indore,22.68448,75.87456,Foggy,Others,Critical,3,3,Monday,June,MoRTH_Standardized_v2.1
MORTH23-10548,2023-01-25,20:36,Andhra Pradesh,Vijayawada,16.50313,80.65541,Clear,Auto-Rickshaw,Low,0,0,Wednesday,January,MoRTH_Standardized_v2.1
MORTH23-10549,2023-02-16,03:46,Karnataka,Mysore,12.30322,76.6801,Clear,Two-Wheeler,Critical,3,3,Thursday,February,MoRTH_Standardized_v2.1
MORTH23-10550,2023-04-30,09:44,Delhi/NCR,Guwahati,26.15083,91.69732,Clear,Two-Wheeler,Medium,0,1,Sunday,April,MoRTH_Standardized_v2.1
MORTH23-10551,2023-08-10,02:04,Tamil Nadu,Coimbatore,11.07396,76.88966,Clear,Car/Jeep/Van,Low,0,1,Thursday,August,MoRTH_Standardized_v2.1
MORTH23-10552,2023-03-26,07:08,Maharashtra,Nagpur,21.13949,79.01367,Foggy,Others,Medium,0,2,Sunday,March,MoRTH_Standardized_v2.1
MORTH23-10553,2023-12-14,14:31,Gujarat,Surat,21.20008,72.87104,Rainy,Truck/Lorry,Critical,3,6,Thursday,December,MoRTH_Standardized_v2.1
MORTH23-10554,2023-12-03,14:01,Karnataka,Mysore,12.2088,76.6457,Cloudy,Bus,Medium,0,2,Sunday,December,MoRTH_Standardized_v2.1
MORTH23-10555,2023-05-25,03:33,Kerala,Kochi,9.99186,76.26651,Clear,Auto-Rickshaw,High,0,1,Thursday,May,MoRTH_Standardized_v2.1
MORTH23-10556,2023-09-26,17:42,Delhi/NCR,Guwahati,26.07748,91.72363,Clear,Truck/Lorry,Medium,0,0,Tuesday,September,MoRTH_Standardized_v2.1
MORTH23-10557,2023-04-17,15:32,Uttar Pradesh,Kanpur,26.48496,80.32117,Rainy,Bus,Medium,0,0,Monday,April,MoRTH_Standardized_v2.1
MORTH23-10558,2023-11-26,19:06,Delhi/NCR,Guwahati,26.13616,91.7328,Clear,Two-Wheeler,Medium,0,0,Sunday,November,MoRTH_Standardized_v2.1
MORTH23-10559,2023-11-24,12:26,Tamil Nadu,Coimbatore,11.01118,76.95806,Cloudy,Two-Wheeler,Medium,0,1,Friday,November,MoRTH_Standardized_v2.1
MORTH23-10560,2023-03-05,07:55,Delhi/NCR,Kolkata,22.62563,88.32919,Clear,Two-Wheeler,High,0,2,Sunday,March,MoRTH_Standardized_v2.1
MORTH23-10561,2023-06-20,22:05,Tamil Nadu,Madurai,9.96895,78.11301,Clear,Auto-Rickshaw,High,0,2,Tuesday,June,MoRTH_Standardized_v2.1
MORTH23-10562,2023-08-25,18:48,Karnataka,Mysore,12.32593,76.62956,Cloudy,Others,Medium,0,0,Friday,August,MoRTH_Standardized_v2.1
MORTH23-10563,2023-01-22,19:03,Maharashtra,Pune,18.54338,73.85916,Rainy,Car/Jeep/Van,Medium,0,1,Sunday,January,MoRTH_Standardized_v2.1
MORTH23-10564,2023-07-07,11:49,Tamil Nadu,Coimbatore,10.98517,77.00796,Rainy,Two-Wheeler,Critical,3,6,Friday,July,MoRTH_Standardized_v2.1
MORTH23-10565,2023-04-11,06:42,Tamil Nadu,Chennai,13.08386,80.29755,Rainy,Truck/Lorry,Critical,1,4,Tuesday,April,MoRTH_Standardized_v2.1
MORTH23-10566,2023-05-01,07:41,Rajasthan,Jaipur,26.89886,75.79485,Clear,Auto-Rickshaw,Low,0,1,Monday,May,MoRTH_Standardized_v2.1
MORTH23-10567,2023-01-30,03:08,Delhi/NCR,Guwahati,26.17931,91.80335,Clear,Two-Wheeler,High,0,3,Monday,January,MoRTH_Standardized_v2.1
MORTH23-10568,2023-10-15,10:22,Karnataka,Mysore,12.35429,76.64881,Clear,Two-Wheeler,Medium,0,2,Sunday,October,MoRTH_Standardized_v2.1
MORTH23-10569,2023-10-07,05:59,Tamil Nadu,Chennai,13.05683,80.29215,Cloudy,Two-Wheeler,Medium,0,2,Saturday,October,MoRTH_Standardized_v2.1
MORTH23-10570,2023-02-24,13:31,Madhya Pradesh,Gwalior,26.20535,78.1323,Rainy,Two-Wheeler,High,0,3,Friday,February,MoRTH_Standardized_v2.1
MORTH23-10571,2023-03-07,19:05,Maharashtra,Pune,18.55492,73.87151,Clear,Car/Jeep/Van,Low,0,1,Tuesday,March,MoRTH_Standardized_v2.1
MORTH23-10572,2023-03-30,05:34,Delhi/NCR,Delhi,28.6408,77.20045,Clear,Two-Wheeler,Medium,0,2,Thursday,March,MoRTH_Standardized_v2.1
MORTH23-10573,2023-03-05,18:47,Tamil Nadu,Madurai,9.92223,78.03012,Clear,Two-Wheeler,Medium,0,2,Sunday,March,MoRTH_Standardized_v2.1
MORTH23-10574,2023-07-18,03:10,Uttar Pradesh,Lucknow,26.84153,80.98206,Cloudy,Two-Wheeler,High,1,4,Tuesday,July,MoRTH_Standardized_v2.1
MORTH23-10575,2023-02-02,02:33,Tamil Nadu,Madurai,9.92876,78.11272,Clear,Car/Jeep/Van,Medium,0,1,Thursday,February,MoRTH_Standardized_v2.1
MORTH23-10576,2023-05-04,19:49,Kerala,Thiruvananthapuram,8.53032,76.91787,Clear,Two-Wheeler,High,0,1,Thursday,May,MoRTH_Standardized_v2.1
MORTH23-10577,2023-07-11,16:07,Maharashtra,Pune,18.5285,73.88394,Clear,Car/Jeep/Van,Low,0,0,Tuesday,July,MoRTH_Standardized_v2.1
MORTH23-10578,2023-05-02,07:09,Uttar Pradesh,Agra,27.1715,78.02332,Clear,Auto-Rickshaw,Low,0,0,Tuesday,May,MoRTH_Standardized_v2.1
MORTH23-10579,2023-05-12,23:19,Tamil Nadu,Coimbatore,11.00556,76.97072,Clear,Two-Wheeler,High,0,1,Friday,May,MoRTH_Standardized_v2.1
MORTH23-10580,2023-02-10,20:13,Kerala,Kozhikode,11.25161,75.78868,Clear,Truck/Lorry,Medium,0,2,Friday,February,MoRTH_Standardized_v2.1
MORTH23-10581,2023-11-23,20:29,Kerala,Kozhikode,11.23154,75.78436,Clear,Two-Wheeler,Medium,0,1,Thursday,November,MoRTH_Standardized_v2.1
MORTH23-10582,2023-07-27,14:21,Karnataka,Hubli,15.35258,75.09473,Clear,Two-Wheeler,Medium,0,0,Thursday,July,MoRTH_Standardized_v2.1
MORTH23-10583,2023-12-11,12:28,Maharashtra,Nagpur,21.17182,79.06215,Clear,Two-Wheeler,High,0,3,Monday,December,MoRTH_Standardized_v2.1
MORTH23-10584,2023-12-12,18:50,Maharashtra,Mumbai,19.01348,72.88052,Rainy,Auto-Rickshaw,High,1,2,Tuesday,December,MoRTH_Standardized_v2.1
MORTH23-10585,2023-03-13,17:55,Telangana,Warangal,17.99783,79.51365,Clear,Auto-Rickshaw,Low,0,0,Monday,March,MoRTH_Standardized_v2.1
MORTH23-10586,2023-04-10,15:07,Kerala,Kochi,9.95471,76.30954,Clear,Truck/Lorry,Medium,0,2,Monday,April,MoRTH_Standardized_v2.1
MORTH23-10587,2023-07-27,19:45,Delhi/NCR,Delhi,28.65256,77.23475,Rainy,Car/Jeep/Van,High,0,1,Thursday,July,MoRTH_Standardized_v2.1
MORTH23-10588,2023-06-22,15:55,Kerala,Kochi,9.90366,76.2974,Clear,Bus,Low,0,1,Thursday,June,MoRTH_Standardized_v2.1
MORTH23-10589,2023-01-15,18:00,Maharashtra,Pune,18.51371,73.85401,Rainy,Two-Wheeler,Critical,3,2,Sunday,January,MoRTH_Standardized_v2.1
MORTH23-10590,2023-03-31,15:08,Madhya Pradesh,Bhopal,23.25457,77.37931,Clear,Two-Wheeler,High,0,4,Friday,March,MoRTH_Standardized_v2.1
MORTH23-10591,2023-05-29,06:04,Madhya Pradesh,Gwalior,26.20417,78.17977,Clear,Car/Jeep/Van,Medium,0,0,Monday,May,MoRTH_Standardized_v2.1
MORTH23-10592,2023-07-14,17:58,Uttar Pradesh,Kanpur,26.4393,80.27047,Clear,Car/Jeep/Van,Low,0,0,Friday,July,MoRTH_Standardized_v2.1
MORTH23-10593,2023-06-27,15:41,Delhi/NCR,Delhi,28.67046,77.22447,Clear,Others,Low,0,0,Tuesday,June,MoRTH_Standardized_v2.1
MORTH23-10594,2023-05-14,10:18,Uttar Pradesh,Kanpur,26.42634,80.31112,Clear,Bus,Low,0,1,Sunday,May,MoRTH_Standardized_v2.1
MORTH23-10595,2023-08-14,18:12,Uttar Pradesh,Agra,27.15402,77.99082,Clear,Car/Jeep/Van,Low,0,0,Monday,August,MoRTH_Standardized_v2.1
MORTH23-10596,2023-06-14,18:42,Telangana,Warangal,17.98386,79.59259,Clear,Car/Jeep/Van,Medium,0,1,Wednesday,June,MoRTH_Standardized_v2.1
MORTH23-10597,2023-11-07,09:09,Tamil Nadu,Coimbatore,11.04271,76.97249,Clear,Two-Wheeler,High,0,3,Tuesday,November,MoRTH_Standardized_v2.1
MORTH23-10598,2023-06-22,02:49,Madhya Pradesh,Bhopal,23.23166,77.44241,Clear,Two-Wheeler,Critical,1,5,Thursday,June,MoRTH_Standardized_v2.1
MORTH23-10599,2023-08-08,21:22,Delhi/NCR,Guwahati,26.0678,91.75111,Clear,Car/Jeep/Van,Medium,0,1,Tuesday,August,MoRTH_Standardized_v2.1
MORTH23-10600,2023-08-10,02:57,Kerala,Kozhikode,11.2821,75.75115,Clear,Bus,High,0,2,Thursday,August,MoRTH_Standardized_v2.1
MORTH23-10601,2023-07-13,17:14,Kerala,Kochi,9.93296,76.22529,Clear,Two-Wheeler,High,0,1,Thursday,July,MoRTH_Standardized_v2.1
MORTH23-10602,2023-06-13,08:13,Tamil Nadu,Madurai,9.92394,78.10019,Cloudy,Two-Wheeler,High,0,4,Tuesday,June,MoRTH_Standardized_v2.1
MORTH23-10603,2023-09-27,19:55,Tamil Nadu,Madurai,9.91016,78.09328,Clear,Others,Low,0,2,Wednesday,September,MoRTH_Standardized_v2.1
MORTH23-10604,2023-01-30,14:23,Delhi/NCR,Kolkata,22.61379,88.3794,Cloudy,Two-Wheeler,Medium,0,2,Monday,January,MoRTH_Standardized_v2.1
MORTH23-10605,2023-07-13,12:35,Karnataka,Bangalore,12.99867,77.66243,Cloudy,Two-Wheeler,Medium,0,1,Thursday,July,MoRTH_Standardized_v2.1
MORTH23-10606,2023-01-13,00:47,Delhi/NCR,Guwahati,26.16012,91.72656,Clear,Truck/Lorry,Medium,0,0,Friday,January,MoRTH_Standardized_v2.1
MORTH23-10607,2023-09-26,15:23,Uttar Pradesh,Agra,27.17168,78.03428,Clear,Bus,Low,0,0,Tuesday,September,MoRTH_Standardized_v2.1
MORTH23-10608,2023-03-24,20:43,Andhra Pradesh,Vijayawada,16.51851,80.64118,Rainy,Bus,High,0,4,Friday,March,MoRTH_Standardized_v2.1
MORTH23-10609,2023-12-18,17:10,Maharashtra,Pune,18.51932,73.88271,Foggy,Bus,Medium,0,0,Monday,December,MoRTH_Standardized_v2.1
MORTH23-10610,2023-08-29,04:38,Delhi/NCR,Delhi,28.61205,77.20389,Clear,Two-Wheeler,High,0,1,Tuesday,August,MoRTH_Standardized_v2.1
MORTH23-10611,2023-02-26,16:30,Andhra Pradesh,Vijayawada,16.48188,80.6262,Clear,Two-Wheeler,High,1,3,Sunday,February,MoRTH_Standardized_v2.1
MORTH23-10612,2023-01-28,14:04,Maharashtra,Mumbai,19.09149,72.91771,Clear,Auto-Rickshaw,Low,0,2,Saturday,January,MoRTH_Standardized_v2.1
MORTH23-10613,2023-08-16,18:46,Madhya Pradesh,Bhopal,23.29479,77.39291,Clear,Two-Wheeler,Medium,0,0,Wednesday,August,MoRTH_Standardized_v2.1
MORTH23-10614,2023-08-10,22:11,Uttar Pradesh,Lucknow,26.82359,80.97265,Rainy,Auto-Rickshaw,Critical,1,3,Thursday,August,MoRTH_Standardized_v2.1
MORTH23-10615,2023-07-02,18:30,Delhi/NCR,Guwahati,26.13033,91.76832,Clear,Bus,Medium,0,2,Sunday,July,MoRTH_Standardized_v2.1
MORTH23-10616,2023-10-02,07:15,Telangana,Warangal,17.90882,79.56576,Foggy,Auto-Rickshaw,High,0,4,Monday,October,MoRTH_Standardized_v2.1
MORTH23-10617,2023-11-05,15:52,Delhi/NCR,Delhi,28.64265,77.21019,Clear,Two-Wheeler,Medium,0,1,Sunday,November,MoRTH_Standardized_v2.1
MORTH23-10618,2023-08-16,18:52,Delhi/NCR,Kolkata,22.58461,88.35214,Clear,Truck/Lorry,Medium,0,2,Wednesday,August,MoRTH_Standardized_v2.1
MORTH23-10619,2023-09-05,09:27,Kerala,Kochi,9.93493,76.22876,Clear,Two-Wheeler,Medium,0,0,Tuesday,September,MoRTH_Standardized_v2.1
MORTH23-10620,2023-09-03,10:59,Delhi/NCR,Kolkata,22.57464,88.37286,Rainy,Truck/Lorry,Critical,3,3,Sunday,September,MoRTH_Standardized_v2.1
MORTH23-10621,2023-06-18,18:04,Madhya Pradesh,Bhopal,23.29035,77.38283,Clear,Car/Jeep/Van,Low,0,0,Sunday,June,MoRTH_Standardized_v2.1
MORTH23-10622,2023-09-26,08:30,Madhya Pradesh,Indore,22.6786,75.92428,Clear,Two-Wheeler,Medium,0,0,Tuesday,September,MoRTH_Standardized_v2.1
MORTH23-10623,2023-11-05,15:07,Delhi/NCR,Kolkata,22.58272,88.32257,Clear,Two-Wheeler,Medium,0,2,Sunday,November,MoRTH_Standardized_v2.1
MORTH23-10624,2023-02-24,07:54,Delhi/NCR,Delhi,28.62967,77.25372,Clear,Two-Wheeler,High,0,3,Friday,February,MoRTH_Standardized_v2.1
MORTH23-10625,2023-12-24,10:24,Uttar Pradesh,Lucknow,26.85784,80.93948,Clear,Two-Wheeler,High,1,3,Sunday,December,MoRTH_Standardized_v2.1
MORTH23-10626,2023-04-21,14:08,Andhra Pradesh,Visakhapatnam,17.71759,83.20495,Rainy,Others,High,0,3,Friday,April,MoRTH_Standardized_v2.1
MORTH23-10627,2023-11-30,09:07,Karnataka,Hubli,15.34842,75.11882,Clear,Others,Low,0,2,Thursday,November,MoRTH_Standardized_v2.1
MORTH23-10628,2023-12-20,01:08,Delhi/NCR,Kolkata,22.60608,88.38655,Clear,Two-Wheeler,Critical,2,5,Wednesday,December,MoRTH_Standardized_v2.1
MORTH23-10629,2023-04-02,11:40,Tamil Nadu,Chennai,13.05864,80.28096,Foggy,Two-Wheeler,Critical,1,5,Sunday,April,MoRTH_Standardized_v2.1
MORTH23-10630,2023-04-02,14:14,Tamil Nadu,Coimbatore,11.00059,76.94293,Cloudy,Auto-Rickshaw,Low,0,0,Sunday,April,MoRTH_Standardized_v2.1
MORTH23-10631,2023-02-08,14:32,Telangana,Hyderabad,17.41926,78.4819,Clear,Truck/Lorry,Medium,0,1,Wednesday,February,MoRTH_Standardized_v2.1
MORTH23-10632,2023-01-03,19:13,Tamil Nadu,Madurai,9.84877,78.14273,Clear,Car/Jeep/Van,Low,0,1,Tuesday,January,MoRTH_Standardized_v2.1
MORTH23-10633,2023-05-09,21:13,Tamil Nadu,Madurai,9.95813,78.1291,Clear,Two-Wheeler,Medium,0,1,Tuesday,May,MoRTH_Standardized_v2.1
MORTH23-10634,2023-09-23,22:00,Delhi/NCR,Kolkata,22.56427,88.35947,Clear,Car/Jeep/Van,High,0,3,Saturday,September,MoRTH_Standardized_v2.1
MORTH23-10635,2023-03-05,15:08,Kerala,Kochi,9.94777,76.24262,Clear,Two-Wheeler,High,1,2,Sunday,March,MoRTH_Standardized_v2.1
MORTH23-10636,2023-04-30,16:53,Delhi/NCR,Kolkata,22.56097,88.33986,Foggy,Two-Wheeler,Critical,1,2,Sunday,April,MoRTH_Standardized_v2.1
MORTH23-10637,2023-10-31,15:21,Karnataka,Hubli,15.32157,75.08482,Cloudy,Others,Low,0,0,Tuesday,October,MoRTH_Standardized_v2.1
MORTH23-10638,2023-09-19,11:20,Telangana,Hyderabad,17.33778,78.49967,Rainy,Truck/Lorry,High,0,3,Tuesday,September,MoRTH_Standardized_v2.1
MORTH23-10639,2023-11-16,07:34,Madhya Pradesh,Bhopal,23.23562,77.43657,Clear,Two-Wheeler,Medium,0,1,Thursday,November,MoRTH_Standardized_v2.1
MORTH23-10640,2023-02-22,18:12,Delhi/NCR,Guwahati,26.14813,91.69949,Rainy,Truck/Lorry,Critical,3,6,Wednesday,February,MoRTH_Standardized_v2.1
MORTH23-10641,2023-03-03,19:31,Delhi/NCR,Delhi,28.59398,77.23619,Cloudy,Truck/Lorry,Medium,0,0,Friday,March,MoRTH_Standardized_v2.1
MORTH23-10642,2023-05-28,04:44,Telangana,Hyderabad,17.33455,78.48632,Clear,Car/Jeep/Van,High,1,2,Sunday,May,MoRTH_Standardized_v2.1
MORTH23-10643,2023-09-06,09:12,Madhya Pradesh,Gwalior,26.24806,78.16397,Clear,Bus,Low,0,0,Wednesday,September,MoRTH_Standardized_v2.1
MORTH23-10644,2023-04-10,12:59,Rajasthan,Jaipur,26.88688,75.77547,Clear,Car/Jeep/Van,Medium,0,2,Monday,April,MoRTH_Standardized_v2.1
MORTH23-10645,2023-08-24,02:10,Madhya Pradesh,Gwalior,26.19664,78.15148,Clear,Truck/Lorry,Medium,0,1,Thursday,August,MoRTH_Standardized_v2.1
MORTH23-10646,2023-02-08,04:42,Madhya Pradesh,Gwalior,26.25665,78.19635,Clear,Two-Wheeler,High,0,3,Wednesday,February,MoRTH_Standardized_v2.1
MORTH23-10647,2023-12-26,16:12,Uttar Pradesh,Agra,27.20746,77.96143,Clear,Car/Jeep/Van,Medium,0,1,Tuesday,December,MoRTH_Standardized_v2.1
MORTH23-10648,2023-11-20,19:22,Madhya Pradesh,Indore,22.74109,75.89473,Clear,Two-Wheeler,High,0,2,Monday,November,MoRTH_Standardized_v2.1
MORTH23-10649,2023-11-20,10:37,Kerala,Thiruvananthapuram,8.53364,76.95659,Clear,Car/Jeep/Van,Low,0,2,Monday,November,MoRTH_Standardized_v2.1
MORTH23-10650,2023-01-14,12:24,Tamil Nadu,Coimbatore,11.01891,76.9169,Rainy,Truck/Lorry,High,0,3,Saturday,January,MoRTH_Standardized_v2.1
MORTH23-10651,2023-05-04,12:36,Maharashtra,Pune,18.52121,73.81963,Rainy,Two-Wheeler,High,0,3,Thursday,May,MoRTH_Standardized_v2.1
MORTH23-10652,2023-05-19,14:16,Delhi/NCR,Delhi,28.60588,77.20172,Clear,Others,Low,0,1,Friday,May,MoRTH_Standardized_v2.1
MORTH23-10653,2023-03-02,22:41,Delhi/NCR,Delhi,28.59566,77.20381,Foggy,Two-Wheeler,Critical,1,2,Thursday,March,MoRTH_Standardized_v2.1
MORTH23-10654,2023-11-29,07:23,Uttar Pradesh,Lucknow,26.89421,81.00067,Clear,Two-Wheeler,Medium,0,2,Wednesday,November,MoRTH_Standardized_v2.1
MORTH23-10655,2023-04-17,16:21,Delhi/NCR,Delhi,28.64344,77.1958,Clear,Two-Wheeler,High,0,3,Monday,April,MoRTH_Standardized_v2.1
MORTH23-10656,2023-05-27,18:01,Delhi/NCR,Delhi,28.63341,77.2112,Clear,Car/Jeep/Van,Low,0,0,Saturday,May,MoRTH_Standardized_v2.1
MORTH23-10657,2023-11-11,06:40,Delhi/NCR,Delhi,28.5869,77.17636,Clear,Two-Wheeler,Medium,0,0,Saturday,November,MoRTH_Standardized_v2.1
MORTH23-10658,2023-12-10,20:01,Uttar Pradesh,Lucknow,26.90131,80.98067,Cloudy,Two-Wheeler,High,0,4,Sunday,December,MoRTH_Standardized_v2.1
MORTH23-10659,2023-07-15,21:00,Kerala,Kochi,9.93298,76.26862,Clear,Two-Wheeler,Medium,0,0,Saturday,July,MoRTH_Standardized_v2.1
MORTH23-10660,2023-02-28,20:00,Delhi/NCR,Delhi,28.61191,77.21402,Cloudy,Two-Wheeler,High,0,4,Tuesday,February,MoRTH_Standardized_v2.1
MORTH23-10661,2023-10-15,13:53,Delhi/NCR,Kolkata,22.61049,88.32983,Cloudy,Others,Medium,0,0,Sunday,October,MoRTH_Standardized_v2.1
MORTH23-10662,2023-07-05,04:07,Uttar Pradesh,Lucknow,26.87451,80.97504,Clear,Two-Wheeler,High,1,1,Wednesday,July,MoRTH_Standardized_v2.1
MORTH23-10663,2023-08-21,08:42,Madhya Pradesh,Bhopal,23.26217,77.40118,Rainy,Two-Wheeler,Critical,2,2,Monday,August,MoRTH_Standardized_v2.1
MORTH23-10664,2023-06-12,16:07,Maharashtra,Mumbai,19.024,72.8836,Foggy,Auto-Rickshaw,High,0,2,Monday,June,MoRTH_Standardized_v2.1
MORTH23-10665,2023-01-21,17:55,Tamil Nadu,Coimbatore,11.03538,76.94634,Clear,Two-Wheeler,High,0,2,Saturday,January,MoRTH_Standardized_v2.1
MORTH23-10666,2023-04-28,14:16,Andhra Pradesh,Visakhapatnam,17.70449,83.22428,Clear,Car/Jeep/Van,Low,0,0,Friday,April,MoRTH_Standardized_v2.1
MORTH23-10667,2023-11-20,21:14,Andhra Pradesh,Visakhapatnam,17.65378,83.22436,Foggy,Others,Medium,0,2,Monday,November,MoRTH_Standardized_v2.1
MORTH23-10668,2023-10-16,18:08,Kerala,Thiruvananthapuram,8.56828,76.92942,Clear,Car/Jeep/Van,Low,0,0,Monday,October,MoRTH_Standardized_v2.1
MORTH23-10669,2023-12-29,08:13,Kerala,Kochi,9.89782,76.2387,Cloudy,Two-Wheeler,Medium,0,0,Friday,December,MoRTH_Standardized_v2.1
MORTH23-10670,2023-03-21,12:11,Delhi/NCR,Kolkata,22.57954,88.31959,Clear,Others,Low,0,1,Tuesday,March,MoRTH_Standardized_v2.1
MORTH23-10671,2023-03-27,06:22,Delhi/NCR,Kolkata,22.55067,88.40276,Clear,Two-Wheeler,Medium,0,0,Monday,March,MoRTH_Standardized_v2.1
MORTH23-10672,2023-07-30,21:50,Delhi/NCR,Delhi,28.59929,77.20251,Clear,Two-Wheeler,Medium,0,2,Sunday,July,MoRTH_Standardized_v2.1
MORTH23-10673,2023-02-23,12:47,Maharashtra,Nagpur,21.21293,79.11825,Rainy,Others,High,1,3,Thursday,February,MoRTH_Standardized_v2.1
MORTH23-10674,2023-02-06,10:02,Karnataka,Hubli,15.32835,75.13789,Rainy,Car/Jeep/Van,High,0,3,Monday,February,MoRTH_Standardized_v2.1
MORTH23-10675,2023-03-27,01:57,Tamil Nadu,Madurai,9.91229,78.10159,Rainy,Truck/Lorry,Critical,2,6,Monday,March,MoRTH_Standardized_v2.1
MORTH23-10676,2023-02-16,19:50,Maharashtra,Pune,18.50919,73.86514,Foggy,Others,Medium,0,1,Thursday,February,MoRTH_Standardized_v2.1
MORTH23-10677,2023-04-25,16:41,Delhi/NCR,Guwahati,26.14877,91.72078,Clear,Others,Medium,0,0,Tuesday,April,MoRTH_Standardized_v2.1
MORTH23-10678,2023-07-29,21:08,Delhi/NCR,Guwahati,26.22299,91.71449,Cloudy,Two-Wheeler,High,1,2,Saturday,July,MoRTH_Standardized_v2.1
MORTH23-10679,2023-12-25,03:07,Madhya Pradesh,Indore,22.71196,75.91064,Clear,Two-Wheeler,Critical,2,4,Monday,December,MoRTH_Standardized_v2.1
MORTH23-10680,2023-12-11,12:34,Delhi/NCR,Kolkata,22.55482,88.36162,Clear,Two-Wheeler,High,0,1,Monday,December,MoRTH_Standardized_v2.1
MORTH23-10681,2023-02-12,14:22,Tamil Nadu,Madurai,9.92558,78.17582,Clear,Car/Jeep/Van,Low,0,2,Sunday,February,MoRTH_Standardized_v2.1
MORTH23-10682,2023-08-07,12:18,Maharashtra,Nagpur,21.15664,79.05376,Clear,Two-Wheeler,High,1,4,Monday,August,MoRTH_Standardized_v2.1
MORTH23-10683,2023-10-31,18:25,Tamil Nadu,Chennai,13.06543,80.23953,Clear,Others,Low,0,2,Tuesday,October,MoRTH_Standardized_v2.1
MORTH23-10684,2023-11-27,11:14,Delhi/NCR,Guwahati,26.12103,91.72501,Clear,Car/Jeep/Van,Low,0,1,Monday,November,MoRTH_Standardized_v2.1
MORTH23-10685,2023-06-25,07:39,Gujarat,Surat,21.1473,72.79211,Clear,Auto-Rickshaw,Low,0,2,Sunday,June,MoRTH_Standardized_v2.1
MORTH23-10686,2023-05-28,16:22,Tamil Nadu,Madurai,9.91426,78.14012,Clear,Auto-Rickshaw,Medium,0,1,Sunday,May,MoRTH_Standardized_v2.1
MORTH23-10687,2023-05-11,19:52,Maharashtra,Nagpur,21.14155,79.09177,Clear,Two-Wheeler,High,0,2,Thursday,May,MoRTH_Standardized_v2.1
MORTH23-10688,2023-06-08,10:18,Madhya Pradesh,Indore,22.7113,75.87899,Clear,Bus,Medium,0,2,Thursday,June,MoRTH_Standardized_v2.1
MORTH23-10689,2023-07-09,22:22,Tamil Nadu,Madurai,9.98319,78.08047,Rainy,Two-Wheeler,Critical,1,3,Sunday,July,MoRTH_Standardized_v2.1
MORTH23-10690,2023-07-20,08:51,Rajasthan,Jaipur,26.9345,75.78293,Clear,Two-Wheeler,High,0,1,Thursday,July,MoRTH_Standardized_v2.1
MORTH23-10691,2023-01-04,12:43,Delhi/NCR,Delhi,28.64528,77.17607,Clear,Two-Wheeler,Medium,0,0,Wednesday,January,MoRTH_Standardized_v2.1
MORTH23-10692,2023-03-20,09:18,Andhra Pradesh,Visakhapatnam,17.69246,83.20091,Foggy,Two-Wheeler,Critical,1,2,Monday,March,MoRTH_Standardized_v2.1
MORTH23-10693,2023-10-01,13:15,Telangana,Hyderabad,17.38837,78.52405,Clear,Others,Low,0,2,Sunday,October,MoRTH_Standardized_v2.1
MORTH23-10694,2023-04-22,10:21,Telangana,Hyderabad,17.35475,78.48303,Clear,Two-Wheeler,High,0,1,Saturday,April,MoRTH_Standardized_v2.1
MORTH23-10695,2023-10-13,16:56,Telangana,Hyderabad,17.41406,78.53697,Clear,Two-Wheeler,Medium,0,0,Friday,October,MoRTH_Standardized_v2.1
MORTH23-10696,2023-03-18,09:04,Telangana,Warangal,18.02051,79.60705,Clear,Auto-Rickshaw,Low,0,1,Saturday,March,MoRTH_Standardized_v2.1
MORTH23-10697,2023-01-06,21:48,Delhi/NCR,Guwahati,26.11262,91.75662,Clear,Auto-Rickshaw,Low,0,1,Friday,January,MoRTH_Standardized_v2.1
MORTH23-10698,2023-04-02,08:36,Uttar Pradesh,Kanpur,26.47929,80.38459,Cloudy,Bus,Medium,0,1,Sunday,April,MoRTH_Standardized_v2.1
MORTH23-10699,2023-11-13,02:11,Delhi/NCR,Delhi,28.66634,77.18114,Clear,Two-Wheeler,High,0,2,Monday,November,MoRTH_Standardized_v2.1
MORTH23-10700,2023-09-03,12:22,Tamil Nadu,Coimbatore,11.05223,76.93557,Foggy,Truck/Lorry,High,0,2,Sunday,September,MoRTH_Standardized_v2.1
MORTH23-10701,2023-05-03,18:05,Tamil Nadu,Madurai,9.85911,78.12923,Clear,Auto-Rickshaw,Low,0,0,Wednesday,May,MoRTH_Standardized_v2.1
MORTH23-10702,2023-01-10,08:25,Delhi/NCR,Delhi,28.63536,77.19894,Clear,Two-Wheeler,High,0,2,Tuesday,January,MoRTH_Standardized_v2.1
MORTH23-10703,2023-09-22,15:04,Delhi/NCR,Guwahati,26.14464,91.7275,Clear,Bus,Low,0,0,Friday,September,MoRTH_Standardized_v2.1
MORTH23-10704,2023-07-14,17:19,Tamil Nadu,Chennai,13.08353,80.22934,Cloudy,Car/Jeep/Van,Low,0,1,Friday,July,MoRTH_Standardized_v2.1
MORTH23-10705,2023-02-21,14:45,Andhra Pradesh,Vijayawada,16.47523,80.62625,Clear,Auto-Rickshaw,Low,0,0,Tuesday,February,MoRTH_Standardized_v2.1
MORTH23-10706,2023-03-22,18:33,Kerala,Kozhikode,11.27677,75.81913,Clear,Bus,Low,0,2,Wednesday,March,MoRTH_Standardized_v2.1
MORTH23-10707,2023-07-29,13:57,Telangana,Hyderabad,17.38376,78.46389,Foggy,Auto-Rickshaw,Medium,0,0,Saturday,July,MoRTH_Standardized_v2.1
MORTH23-10708,2023-08-12,11:25,Madhya Pradesh,Bhopal,23.29505,77.4451,Clear,Others,Low,0,0,Saturday,August,MoRTH_Standardized_v2.1
MORTH23-10709,2023-10-18,16:37,Karnataka,Hubli,15.41033,75.16801,Foggy,Car/Jeep/Van,High,1,4,Wednesday,October,MoRTH_Standardized_v2.1
MORTH23-10710,2023-11-22,11:38,Kerala,Kochi,9.94459,76.26118,Clear,Two-Wheeler,High,0,4,Wednesday,November,MoRTH_Standardized_v2.1
MORTH23-10711,2023-09-28,09:47,Delhi/NCR,Guwahati,26.12793,91.68881,Clear,Car/Jeep/Van,Low,0,1,Thursday,September,MoRTH_Standardized_v2.1
MORTH23-10712,2023-06-01,17:31,Madhya Pradesh,Indore,22.67612,75.84802,Clear,Car/Jeep/Van,Low,0,2,Thursday,June,MoRTH_Standardized_v2.1
MORTH23-10713,2023-07-15,06:42,Delhi/NCR,Kolkata,22.60554,88.36086,Foggy,Truck/Lorry,High,0,1,Saturday,July,MoRTH_Standardized_v2.1
MORTH23-10714,2023-03-22,09:18,Maharashtra,Pune,18.50758,73.82942,Clear,Car/Jeep/Van,Low,0,2,Wednesday,March,MoRTH_Standardized_v2.1
MORTH23-10715,2023-08-04,15:33,Delhi/NCR,Delhi,28.5845,77.23961,Clear,Car/Jeep/Van,Low,0,0,Friday,August,MoRTH_Standardized_v2.1
MORTH23-10716,2023-09-07,17:17,Delhi/NCR,Guwahati,26.20081,91.73514,Clear,Two-Wheeler,Medium,0,0,Thursday,September,MoRTH_Standardized_v2.1
MORTH23-10717,2023-08-09,17:53,Maharashtra,Mumbai,19.08362,72.83348,Clear,Car/Jeep/Van,Low,0,1,Wednesday,August,MoRTH_Standardized_v2.1
MORTH23-10718,2023-03-11,17:59,Delhi/NCR,Guwahati,26.12729,91.6975,Clear,Car/Jeep/Van,Low,0,0,Saturday,March,MoRTH_Standardized_v2.1
MORTH23-10719,2023-05-05,09:47,Madhya Pradesh,Indore,22.71584,75.8529,Clear,Two-Wheeler,High,0,4,Friday,May,MoRTH_Standardized_v2.1
MORTH23-10720,2023-09-12,21:46,Tamil Nadu,Madurai,9.86416,78.18488,Clear,Two-Wheeler,High,0,2,Tuesday,September,MoRTH_Standardized_v2.1
MORTH23-10721,2023-11-19,18:14,Uttar Pradesh,Lucknow,26.82727,80.95204,Cloudy,Two-Wheeler,High,0,3,Sunday,November,MoRTH_Standardized_v2.1
MORTH23-10722,2023-06-05,15:22,Madhya Pradesh,Bhopal,23.23595,77.44041,Clear,Two-Wheeler,Medium,0,0,Monday,June,MoRTH_Standardized_v2.1
MORTH23-10723,2023-06-02,10:49,Tamil Nadu,Coimbatore,10.98986,77.02754,Clear,Two-Wheeler,Medium,0,0,Friday,June,MoRTH_Standardized_v2.1
MORTH23-10724,2023-04-06,20:35,Tamil Nadu,Coimbatore,11.06012,76.96709,Clear,Car/Jeep/Van,Low,0,0,Thursday,April,MoRTH_Standardized_v2.1
MORTH23-10725,2023-02-13,15:24,Maharashtra,Mumbai,19.0681,72.8759,Cloudy,Two-Wheeler,Medium,0,2,Monday,February,MoRTH_Standardized_v2.1
MORTH23-10726,2023-07-15,21:46,Gujarat,Ahmedabad,22.98093,72.52818,Clear,Two-Wheeler,High,1,1,Saturday,July,MoRTH_Standardized_v2.1
MORTH23-10727,2023-07-01,15:36,Delhi/NCR,Guwahati,26.12428,91.70687,Rainy,Two-Wheeler,High,0,1,Saturday,July,MoRTH_Standardized_v2.1
MORTH23-10728,2023-05-04,14:14,Delhi/NCR,Guwahati,26.15703,91.74256,Clear,Two-Wheeler,Medium,0,2,Thursday,May,MoRTH_Standardized_v2.1
MORTH23-10729,2023-11-05,11:32,Tamil Nadu,Chennai,13.04159,80.2372,Rainy,Two-Wheeler,High,0,2,Sunday,November,MoRTH_Standardized_v2.1
MORTH23-10730,2023-10-29,17:04,Maharashtra,Mumbai,19.10835,72.90054,Clear,Truck/Lorry,Low,0,0,Sunday,October,MoRTH_Standardized_v2.1
MORTH23-10731,2023-05-14,11:27,Madhya Pradesh,Gwalior,26.24815,78.22718,Foggy,Two-Wheeler,Critical,3,2,Sunday,May,MoRTH_Standardized_v2.1
MORTH23-10732,2023-06-08,18:03,Uttar Pradesh,Lucknow,26.8402,80.91385,Clear,Car/Jeep/Van,Medium,0,2,Thursday,June,MoRTH_Standardized_v2.1
MORTH23-10733,2023-08-28,11:48,Karnataka,Mysore,12.28375,76.63771,Clear,Two-Wheeler,High,0,4,Monday,August,MoRTH_Standardized_v2.1
MORTH23-10734,2023-07-17,16:21,Karnataka,Mysore,12.24642,76.67667,Clear,Truck/Lorry,Low,0,2,Monday,July,MoRTH_Standardized_v2.1
MORTH23-10735,2023-12-23,21:31,Tamil Nadu,Coimbatore,11.0551,76.96868,Foggy,Two-Wheeler,High,0,4,Saturday,December,MoRTH_Standardized_v2.1
MORTH23-10736,2023-06-07,20:24,Delhi/NCR,Guwahati,26.14434,91.7205,Clear,Two-Wheeler,High,0,1,Wednesday,June,MoRTH_Standardized_v2.1
MORTH23-10737,2023-09-17,14:07,Maharashtra,Pune,18.48911,73.86214,Clear,Two-Wheeler,Medium,0,1,Sunday,September,MoRTH_Standardized_v2.1
MORTH23-10738,2023-02-12,17:56,Uttar Pradesh,Lucknow,26.85113,80.92906,Foggy,Two-Wheeler,Critical,2,2,Sunday,February,MoRTH_Standardized_v2.1
MORTH23-10739,2023-04-05,20:41,Gujarat,Ahmedabad,23.03667,72.57433,Cloudy,Two-Wheeler,High,1,2,Wednesday,April,MoRTH_Standardized_v2.1
MORTH23-10740,2023-05-19,15:25,Kerala,Thiruvananthapuram,8.54912,76.96903,Foggy,Bus,Medium,0,2,Friday,May,MoRTH_Standardized_v2.1
MORTH23-10741,2023-05-19,10:43,Maharashtra,Pune,18.57283,73.84504,Clear,Two-Wheeler,High,0,1,Friday,May,MoRTH_Standardized_v2.1
MORTH23-10742,2023-12-30,19:32,Uttar Pradesh,Kanpur,26.45163,80.31972,Clear,Car/Jeep/Van,Low,0,1,Saturday,December,MoRTH_Standardized_v2.1
MORTH23-10743,2023-04-02,03:22,Karnataka,Hubli,15.37851,75.11884,Clear,Truck/Lorry,High,0,2,Sunday,April,MoRTH_Standardized_v2.1
MORTH23-10744,2023-03-22,02:56,Delhi/NCR,Delhi,28.63777,77.22219,Clear,Others,Medium,0,1,Wednesday,March,MoRTH_Standardized_v2.1
MORTH23-10745,2023-11-16,06:56,Madhya Pradesh,Indore,22.77754,75.811,Cloudy,Truck/Lorry,High,0,2,Thursday,November,MoRTH_Standardized_v2.1
MORTH23-10746,2023-12-15,08:58,Maharashtra,Mumbai,19.08354,72.87712,Clear,Car/Jeep/Van,Low,0,0,Friday,December,MoRTH_Standardized_v2.1
MORTH23-10747,2023-06-26,18:46,Delhi/NCR,Guwahati,26.08989,91.73032,Clear,Two-Wheeler,Medium,0,0,Monday,June,MoRTH_Standardized_v2.1
MORTH23-10748,2023-11-11,00:17,Gujarat,Surat,21.19047,72.82549,Clear,Two-Wheeler,Critical,3,3,Saturday,November,MoRTH_Standardized_v2.1
MORTH23-10749,2023-09-15,17:51,Madhya Pradesh,Bhopal,23.28894,77.39644,Clear,Two-Wheeler,High,0,4,Friday,September,MoRTH_Standardized_v2.1
MORTH23-10750,2023-09-02,14:02,Rajasthan,Jodhpur,26.19948,73.01867,Clear,Two-Wheeler,Medium,0,0,Saturday,September,MoRTH_Standardized_v2.1
MORTH23-10751,2023-11-02,20:36,Delhi/NCR,Delhi,28.59986,77.20151,Rainy,Two-Wheeler,Critical,3,4,Thursday,November,MoRTH_Standardized_v2.1
MORTH23-10752,2023-12-05,11:23,Kerala,Thiruvananthapuram,8.53541,76.92024,Clear,Auto-Rickshaw,Medium,0,0,Tuesday,December,MoRTH_Standardized_v2.1
MORTH23-10753,2023-12-10,14:23,Rajasthan,Jaipur,26.9153,75.74423,Clear,Bus,Medium,0,1,Sunday,December,MoRTH_Standardized_v2.1
MORTH23-10754,2023-04-11,10:36,Delhi/NCR,Delhi,28.61867,77.17437,Clear,Truck/Lorry,Low,0,1,Tuesday,April,MoRTH_Standardized_v2.1
MORTH23-10755,2023-03-16,14:45,Maharashtra,Pune,18.47753,73.91943,Rainy,Bus,High,1,1,Thursday,March,MoRTH_Standardized_v2.1
MORTH23-10756,2023-01-06,07:52,Delhi/NCR,Guwahati,26.21188,91.74277,Clear,Car/Jeep/Van,Low,0,1,Friday,January,MoRTH_Standardized_v2.1
MORTH23-10757,2023-01-02,20:48,Madhya Pradesh,Gwalior,26.24202,78.18682,Clear,Car/Jeep/Van,Low,0,0,Monday,January,MoRTH_Standardized_v2.1
MORTH23-10758,2023-07-26,21:13,Delhi/NCR,Delhi,28.61221,77.22452,Rainy,Two-Wheeler,Critical,3,6,Wednesday,July,MoRTH_Standardized_v2.1
MORTH23-10759,2023-12-02,17:24,Tamil Nadu,Madurai,9.91022,78.10649,Clear,Truck/Lorry,Low,0,0,Saturday,December,MoRTH_Standardized_v2.1
MORTH23-10760,2023-02-10,16:39,Telangana,Warangal,17.92801,79.56086,Clear,Two-Wheeler,High,1,3,Friday,February,MoRTH_Standardized_v2.1
MORTH23-10761,2023-07-30,16:07,Karnataka,Bangalore,12.97829,77.58899,Foggy,Auto-Rickshaw,High,0,3,Sunday,July,MoRTH_Standardized_v2.1
MORTH23-10762,2023-03-25,15:38,Uttar Pradesh,Lucknow,26.88957,80.87596,Rainy,Two-Wheeler,Critical,3,4,Saturday,March,MoRTH_Standardized_v2.1
MORTH23-10763,2023-03-13,03:02,Gujarat,Ahmedabad,23.03942,72.55416,Rainy,Car/Jeep/Van,High,0,2,Monday,March,MoRTH_Standardized_v2.1
MORTH23-10764,2023-07-18,12:09,Uttar Pradesh,Lucknow,26.86124,80.98358,Foggy,Two-Wheeler,Critical,1,3,Tuesday,July,MoRTH_Standardized_v2.1
MORTH23-10765,2023-08-08,19:25,Uttar Pradesh,Kanpur,26.45132,80.36414,Cloudy,Auto-Rickshaw,Low,0,0,Tuesday,August,MoRTH_Standardized_v2.1
MORTH23-10766,2023-04-10,20:39,Delhi/NCR,Delhi,28.64264,77.16524,Clear,Two-Wheeler,High,0,4,Monday,April,MoRTH_Standardized_v2.1
MORTH23-10767,2023-10-11,12:12,Tamil Nadu,Madurai,9.90449,78.10473,Rainy,Car/Jeep/Van,High,0,2,Wednesday,October,MoRTH_Standardized_v2.1
MORTH23-10768,2023-03-03,06:30,Kerala,Kochi,9.87285,76.2904,Clear,Two-Wheeler,High,0,3,Friday,March,MoRTH_Standardized_v2.1
MORTH23-10769,2023-09-25,17:26,Delhi/NCR,Kolkata,22.55941,88.3352,Clear,Two-Wheeler,High,0,3,Monday,September,MoRTH_Standardized_v2.1
MORTH23-10770,2023-04-02,12:16,Delhi/NCR,Guwahati,26.16203,91.70456,Clear,Truck/Lorry,Low,0,1,Sunday,April,MoRTH_Standardized_v2.1
MORTH23-10771,2023-01-31,17:10,Uttar Pradesh,Agra,27.23984,78.00661,Clear,Bus,Low,0,2,Tuesday,January,MoRTH_Standardized_v2.1
MORTH23-10772,2023-08-11,15:35,Kerala,Thiruvananthapuram,8.43912,76.93649,Cloudy,Bus,Low,0,1,Friday,August,MoRTH_Standardized_v2.1
MORTH23-10773,2023-01-29,01:16,Maharashtra,Mumbai,19.07242,72.87954,Clear,Two-Wheeler,Critical,1,5,Sunday,January,MoRTH_Standardized_v2.1
MORTH23-10774,2023-08-23,06:31,Kerala,Kochi,9.87527,76.31066,Clear,Two-Wheeler,High,1,1,Wednesday,August,MoRTH_Standardized_v2.1
MORTH23-10775,2023-09-15,23:00,Delhi/NCR,Guwahati,26.13513,91.73469,Foggy,Car/Jeep/Van,High,0,2,Friday,September,MoRTH_Standardized_v2.1
MORTH23-10776,2023-11-02,17:09,Madhya Pradesh,Indore,22.69825,75.82755,Clear,Two-Wheeler,High,0,2,Thursday,November,MoRTH_Standardized_v2.1
MORTH23-10777,2023-08-29,21:08,Madhya Pradesh,Gwalior,26.16466,78.15881,Clear,Car/Jeep/Van,Low,0,2,Tuesday,August,MoRTH_Standardized_v2.1
MORTH23-10778,2023-11-22,15:24,Uttar Pradesh,Lucknow,26.8176,80.91382,Clear,Auto-Rickshaw,Low,0,0,Wednesday,November,MoRTH_Standardized_v2.1
MORTH23-10779,2023-10-29,23:13,Gujarat,Ahmedabad,23.06162,72.60013,Clear,Auto-Rickshaw,High,0,2,Sunday,October,MoRTH_Standardized_v2.1
MORTH23-10780,2023-05-20,12:37,Telangana,Hyderabad,17.38965,78.48058,Clear,Two-Wheeler,High,0,4,Saturday,May,MoRTH_Standardized_v2.1
MORTH23-10781,2023-05-19,00:40,Karnataka,Bangalore,12.93239,77.61344,Clear,Bus,Low,0,1,Friday,May,MoRTH_Standardized_v2.1
MORTH23-10782,2023-07-03,22:56,Delhi/NCR,Delhi,28.61182,77.20915,Clear,Bus,Low,0,2,Monday,July,MoRTH_Standardized_v2.1
MORTH23-10783,2023-01-23,19:02,Telangana,Hyderabad,17.40164,78.50923,Clear,Others,Low,0,2,Monday,January,MoRTH_Standardized_v2.1
MORTH23-10784,2023-07-27,01:24,Tamil Nadu,Chennai,13.04981,80.23259,Clear,Car/Jeep/Van,Medium,0,2,Thursday,July,MoRTH_Standardized_v2.1
MORTH23-10785,2023-01-31,10:17,Rajasthan,Jodhpur,26.21915,72.9994,Foggy,Bus,High,1,4,Tuesday,January,MoRTH_Standardized_v2.1
MORTH23-10786,2023-03-05,22:44,Kerala,Kochi,9.95901,76.209,Foggy,Two-Wheeler,Critical,2,5,Sunday,March,MoRTH_Standardized_v2.1
MORTH23-10787,2023-11-13,20:01,Tamil Nadu,Madurai,9.8681,78.14546,Clear,Two-Wheeler,High,1,4,Monday,November,MoRTH_Standardized_v2.1
MORTH23-10788,2023-08-20,19:03,Delhi/NCR,Delhi,28.6122,77.21985,Clear,Bus,Low,0,0,Sunday,August,MoRTH_Standardized_v2.1
MORTH23-10789,2023-11-21,12:48,Madhya Pradesh,Indore,22.74972,75.82258,Clear,Others,Medium,0,2,Tuesday,November,MoRTH_Standardized_v2.1
MORTH23-10790,2023-05-30,22:58,Uttar Pradesh,Lucknow,26.86707,80.92855,Rainy,Two-Wheeler,Critical,3,4,Tuesday,May,MoRTH_Standardized_v2.1
MORTH23-10791,2023-10-09,17:51,Tamil Nadu,Madurai,9.88059,78.12638,Clear,Two-Wheeler,Medium,0,2,Monday,October,MoRTH_Standardized_v2.1
MORTH23-10792,2023-01-31,17:19,Karnataka,Hubli,15.41126,75.1075,Clear,Two-Wheeler,Medium,0,0,Tuesday,January,MoRTH_Standardized_v2.1
MORTH23-10793,2023-12-31,20:21,Karnataka,Bangalore,12.94393,77.6283,Clear,Two-Wheeler,Medium,0,2,Sunday,December,MoRTH_Standardized_v2.1
MORTH23-10794,2023-06-06,11:37,Delhi/NCR,Kolkata,22.55169,88.33403,Clear,Two-Wheeler,Medium,0,0,Tuesday,June,MoRTH_Standardized_v2.1
MORTH23-10795,2023-08-15,06:26,Telangana,Warangal,17.96069,79.61306,Clear,Truck/Lorry,Medium,0,0,Tuesday,August,MoRTH_Standardized_v2.1
MORTH23-10796,2023-05-01,04:50,Karnataka,Mysore,12.27764,76.64706,Clear,Auto-Rickshaw,Low,0,0,Monday,May,MoRTH_Standardized_v2.1
MORTH23-10797,2023-10-14,02:53,Andhra Pradesh,Visakhapatnam,17.70178,83.22764,Clear,Car/Jeep/Van,Medium,0,1,Saturday,October,MoRTH_Standardized_v2.1
MORTH23-10798,2023-10-24,15:40,Telangana,Hyderabad,17.37786,78.46433,Clear,Bus,Low,0,0,Tuesday,October,MoRTH_Standardized_v2.1
MORTH23-10799,2023-11-26,06:30,Uttar Pradesh,Lucknow,26.83316,80.92814,Clear,Others,Medium,0,2,Sunday,November,MoRTH_Standardized_v2.1
MORTH23-10800,2023-02-17,01:09,Kerala,Kochi,9.91739,76.25115,Rainy,Two-Wheeler,Critical,1,4,Friday,February,MoRTH_Standardized_v2.1
MORTH23-10801,2023-11-06,10:59,Maharashtra,Mumbai,19.09204,72.87358,Clear,Car/Jeep/Van,Medium,0,0,Monday,November,MoRTH_Standardized_v2.1
MORTH23-10802,2023-10-18,19:14,Uttar Pradesh,Kanpur,26.42893,80.35168,Foggy,Two-Wheeler,Critical,2,6,Wednesday,October,MoRTH_Standardized_v2.1
MORTH23-10803,2023-11-10,02:35,Tamil Nadu,Madurai,9.9111,78.09947,Foggy,Two-Wheeler,Critical,2,5,Friday,November,MoRTH_Standardized_v2.1
MORTH23-10804,2023-10-07,16:59,Tamil Nadu,Madurai,9.87603,78.14325,Clear,Car/Jeep/Van,Medium,0,0,Saturday,October,MoRTH_Standardized_v2.1
MORTH23-10805,2023-12-16,23:43,Telangana,Hyderabad,17.39459,78.51399,Clear,Car/Jeep/Van,High,0,4,Saturday,December,MoRTH_Standardized_v2.1
MORTH23-10806,2023-02-10,09:07,Delhi/NCR,Delhi,28.58803,77.19152,Cloudy,Auto-Rickshaw,Low,0,1,Friday,February,MoRTH_Standardized_v2.1
MORTH23-10807,2023-08-05,15:06,Karnataka,Bangalore,12.9491,77.61775,Clear,Two-Wheeler,High,0,4,Saturday,August,MoRTH_Standardized_v2.1
MORTH23-10808,2023-11-03,06:00,Telangana,Hyderabad,17.43349,78.49741,Clear,Auto-Rickshaw,Medium,0,0,Friday,November,MoRTH_Standardized_v2.1
MORTH23-10809,2023-01-08,13:11,Gujarat,Ahmedabad,23.00774,72.58655,Clear,Truck/Lorry,Medium,0,0,Sunday,January,MoRTH_Standardized_v2.1
MORTH23-10810,2023-09-09,07:49,Maharashtra,Pune,18.52304,73.88219,Foggy,Bus,Medium,0,0,Saturday,September,MoRTH_Standardized_v2.1
MORTH23-10811,2023-12-11,05:52,Maharashtra,Mumbai,19.07708,72.86266,Clear,Two-Wheeler,High,1,1,Monday,December,MoRTH_Standardized_v2.1
MORTH23-10812,2023-03-10,17:59,Tamil Nadu,Madurai,9.88898,78.12778,Cloudy,Two-Wheeler,High,0,1,Friday,March,MoRTH_Standardized_v2.1
MORTH23-10813,2023-02-28,17:54,Uttar Pradesh,Kanpur,26.47292,80.33348,Clear,Car/Jeep/Van,Low,0,0,Tuesday,February,MoRTH_Standardized_v2.1
MORTH23-10814,2023-07-29,08:10,Madhya Pradesh,Bhopal,23.31156,77.40231,Clear,Two-Wheeler,High,0,1,Saturday,July,MoRTH_Standardized_v2.1
MORTH23-10815,2023-03-16,13:17,Andhra Pradesh,Vijayawada,16.52467,80.63456,Rainy,Two-Wheeler,Critical,1,4,Thursday,March,MoRTH_Standardized_v2.1
MORTH23-10816,2023-07-11,07:23,Telangana,Warangal,17.92375,79.62496,Foggy,Two-Wheeler,Critical,2,6,Tuesday,July,MoRTH_Standardized_v2.1
MORTH23-10817,2023-10-01,08:29,Uttar Pradesh,Kanpur,26.39783,80.32764,Rainy,Bus,High,0,1,Sunday,October,MoRTH_Standardized_v2.1
MORTH23-10818,2023-06-29,01:08,Delhi/NCR,Kolkata,22.57085,88.33064,Clear,Two-Wheeler,Critical,1,3,Thursday,June,MoRTH_Standardized_v2.1
MORTH23-10819,2023-10-30,18:14,Kerala,Kochi,9.93147,76.26009,Cloudy,Two-Wheeler,Medium,0,1,Monday,October,MoRTH_Standardized_v2.1
MORTH23-10820,2023-10-25,16:12,Uttar Pradesh,Agra,27.24258,77.97751,Rainy,Car/Jeep/Van,Medium,0,1,Wednesday,October,MoRTH_Standardized_v2.1
MORTH23-10821,2023-06-17,14:30,Uttar Pradesh,Agra,27.21303,78.0381,Clear,Two-Wheeler,Medium,0,0,Saturday,June,MoRTH_Standardized_v2.1
MORTH23-10822,2023-12-19,11:22,Tamil Nadu,Madurai,9.91536,78.08851,Clear,Truck/Lorry,High,1,2,Tuesday,December,MoRTH_Standardized_v2.1
MORTH23-10823,2023-12-07,04:15,Uttar Pradesh,Agra,27.20033,77.95219,Clear,Truck/Lorry,High,0,1,Thursday,December,MoRTH_Standardized_v2.1
MORTH23-10824,2023-06-18,09:59,Uttar Pradesh,Kanpur,26.41891,80.33595,Clear,Bus,Low,0,2,Sunday,June,MoRTH_Standardized_v2.1
MORTH23-10825,2023-11-19,15:03,Tamil Nadu,Madurai,9.93702,78.09078,Clear,Others,Low,0,1,Sunday,November,MoRTH_Standardized_v2.1
MORTH23-10826,2023-01-11,03:25,Delhi/NCR,Kolkata,22.54768,88.35918,Clear,Two-Wheeler,High,0,3,Wednesday,January,MoRTH_Standardized_v2.1
MORTH23-10827,2023-08-27,09:37,Uttar Pradesh,Agra,27.21718,78.0375,Clear,Truck/Lorry,High,0,4,Sunday,August,MoRTH_Standardized_v2.1
MORTH23-10828,2023-11-30,21:31,Karnataka,Hubli,15.38249,75.11235,Clear,Two-Wheeler,High,1,4,Thursday,November,MoRTH_Standardized_v2.1
MORTH23-10829,2023-12-15,18:07,Delhi/NCR,Guwahati,26.19764,91.7484,Clear,Two-Wheeler,Medium,0,2,Friday,December,MoRTH_Standardized_v2.1
MORTH23-10830,2023-04-22,10:29,Uttar Pradesh,Kanpur,26.47425,80.3049,Clear,Two-Wheeler,Medium,0,0,Saturday,April,MoRTH_Standardized_v2.1
MORTH23-10831,2023-10-10,21:42,Delhi/NCR,Delhi,28.66046,77.22432,Clear,Auto-Rickshaw,Medium,0,0,Tuesday,October,MoRTH_Standardized_v2.1
MORTH23-10832,2023-07-01,19:46,Uttar Pradesh,Kanpur,26.48048,80.30713,Clear,Car/Jeep/Van,Low,0,1,Saturday,July,MoRTH_Standardized_v2.1
MORTH23-10833,2023-04-09,10:00,Rajasthan,Jaipur,26.92628,75.75823,Clear,Auto-Rickshaw,Medium,0,2,Sunday,April,MoRTH_Standardized_v2.1
MORTH23-10834,2023-03-14,04:55,Delhi/NCR,Kolkata,22.64329,88.37719,Clear,Truck/Lorry,Medium,0,0,Tuesday,March,MoRTH_Standardized_v2.1
MORTH23-10835,2023-11-09,06:26,Tamil Nadu,Madurai,9.93399,78.13066,Rainy,Car/Jeep/Van,Medium,0,2,Thursday,November,MoRTH_Standardized_v2.1
MORTH23-10836,2023-05-22,12:03,Delhi/NCR,Kolkata,22.50383,88.32631,Clear,Truck/Lorry,Low,0,2,Monday,May,MoRTH_Standardized_v2.1
MORTH23-10837,2023-11-27,08:43,Madhya Pradesh,Bhopal,23.24145,77.43534,Clear,Two-Wheeler,High,1,3,Monday,November,MoRTH_Standardized_v2.1
MORTH23-10838,2023-10-31,01:29,Delhi/NCR,Delhi,28.62965,77.22178,Clear,Two-Wheeler,High,1,4,Tuesday,October,MoRTH_Standardized_v2.1
MORTH23-10839,2023-02-21,08:21,Madhya Pradesh,Gwalior,26.20063,78.16925,Foggy,Two-Wheeler,Critical,2,5,Tuesday,February,MoRTH_Standardized_v2.1
MORTH23-10840,2023-05-25,09:21,Karnataka,Bangalore,12.98399,77.63181,Clear,Two-Wheeler,High,0,2,Thursday,May,MoRTH_Standardized_v2.1
MORTH23-10841,2023-07-09,09:30,Delhi/NCR,Guwahati,26.12735,91.75526,Clear,Two-Wheeler,High,0,4,Sunday,July,MoRTH_Standardized_v2.1
MORTH23-10842,2023-12-22,13:47,Andhra Pradesh,Visakhapatnam,17.69634,83.22968,Rainy,Car/Jeep/Van,High,0,3,Friday,December,MoRTH_Standardized_v2.1
MORTH23-10843,2023-02-22,10:14,Delhi/NCR,Kolkata,22.53321,88.36794,Clear,Two-Wheeler,Medium,0,2,Wednesday,February,MoRTH_Standardized_v2.1
MORTH23-10844,2023-05-16,23:27,Telangana,Hyderabad,17.4181,78.50812,Clear,Car/Jeep/Van,Low,0,2,Tuesday,May,MoRTH_Standardized_v2.1
MORTH23-10845,2023-04-15,09:04,Delhi/NCR,Kolkata,22.57149,88.43181,Clear,Two-Wheeler,Medium,0,0,Saturday,April,MoRTH_Standardized_v2.1
MORTH23-10846,2023-01-03,11:56,Delhi/NCR,Kolkata,22.5383,88.34691,Clear,Two-Wheeler,High,0,2,Tuesday,January,MoRTH_Standardized_v2.1
MORTH23-10847,2023-01-13,20:23,Gujarat,Ahmedabad,23.01201,72.56734,Clear,Two-Wheeler,High,0,2,Friday,January,MoRTH_Standardized_v2.1
MORTH23-10848,2023-01-17,23:33,Karnataka,Mysore,12.29416,76.65391,Clear,Two-Wheeler,Critical,1,3,Tuesday,January,MoRTH_Standardized_v2.1
MORTH23-10849,2023-10-31,20:42,Delhi/NCR,Delhi,28.56527,77.17029,Clear,Car/Jeep/Van,Low,0,2,Tuesday,October,MoRTH_Standardized_v2.1
MORTH23-10850,2023-01-12,15:17,Tamil Nadu,Chennai,13.08773,80.26932,Clear,Car/Jeep/Van,Medium,0,1,Thursday,January,MoRTH_Standardized_v2.1
MORTH23-10851,2023-07-03,10:45,Tamil Nadu,Coimbatore,11.00213,76.95087,Clear,Car/Jeep/Van,Low,0,1,Monday,July,MoRTH_Standardized_v2.1
MORTH23-10852,2023-08-16,16:14,Kerala,Thiruvananthapuram,8.5058,76.95969,Clear,Two-Wheeler,Medium,0,2,Wednesday,August,MoRTH_Standardized_v2.1
MORTH23-10853,2023-10-03,06:43,Gujarat,Surat,21.16958,72.8202,Clear,Two-Wheeler,High,0,1,Tuesday,October,MoRTH_Standardized_v2.1
MORTH23-10854,2023-07-02,17:52,Rajasthan,Jodhpur,26.2435,73.00901,Cloudy,Two-Wheeler,High,0,2,Sunday,July,MoRTH_Standardized_v2.1
MORTH23-10855,2023-12-26,12:29,Uttar Pradesh,Lucknow,26.79426,80.93591,Clear,Auto-Rickshaw,Low,0,0,Tuesday,December,MoRTH_Standardized_v2.1
MORTH23-10856,2023-11-24,18:20,Tamil Nadu,Madurai,9.93549,78.17722,Clear,Two-Wheeler,High,0,4,Friday,November,MoRTH_Standardized_v2.1
MORTH23-10857,2023-01-14,13:27,Delhi/NCR,Delhi,28.58494,77.22776,Clear,Two-Wheeler,High,0,4,Saturday,January,MoRTH_Standardized_v2.1
MORTH23-10858,2023-08-07,14:06,Madhya Pradesh,Gwalior,26.24686,78.20703,Rainy,Truck/Lorry,Critical,3,5,Monday,August,MoRTH_Standardized_v2.1
MORTH23-10859,2023-06-08,21:42,Maharashtra,Mumbai,19.10729,72.91118,Clear,Car/Jeep/Van,Low,0,2,Thursday,June,MoRTH_Standardized_v2.1
MORTH23-10860,2023-11-28,22:25,Delhi/NCR,Kolkata,22.55689,88.32931,Clear,Two-Wheeler,High,0,1,Tuesday,November,MoRTH_Standardized_v2.1
MORTH23-10861,2023-01-10,19:15,Uttar Pradesh,Lucknow,26.82391,80.93905,Clear,Car/Jeep/Van,Low,0,1,Tuesday,January,MoRTH_Standardized_v2.1
MORTH23-10862,2023-04-08,23:15,Uttar Pradesh,Agra,27.15047,78.03419,Clear,Truck/Lorry,High,1,4,Saturday,April,MoRTH_Standardized_v2.1
MORTH23-10863,2023-01-06,12:37,Delhi/NCR,Guwahati,26.08397,91.73993,Rainy,Auto-Rickshaw,Medium,0,0,Friday,January,MoRTH_Standardized_v2.1
MORTH23-10864,2023-09-22,12:08,Andhra Pradesh,Vijayawada,16.44926,80.62083,Clear,Truck/Lorry,Low,0,0,Friday,September,MoRTH_Standardized_v2.1
MORTH23-10865,2023-11-05,23:02,Delhi/NCR,Delhi,28.63499,77.19775,Clear,Two-Wheeler,Critical,1,6,Sunday,November,MoRTH_Standardized_v2.1
MORTH23-10866,2023-12-04,16:02,Gujarat,Surat,21.16377,72.88405,Cloudy,Auto-Rickshaw,Low,0,2,Monday,December,MoRTH_Standardized_v2.1
MORTH23-10867,2023-11-21,21:55,Tamil Nadu,Coimbatore,11.04687,76.90889,Rainy,Two-Wheeler,Critical,3,5,Tuesday,November,MoRTH_Standardized_v2.1
MORTH23-10868,2023-09-06,09:37,Madhya Pradesh,Bhopal,23.25442,77.39703,Clear,Two-Wheeler,High,1,3,Wednesday,September,MoRTH_Standardized_v2.1
MORTH23-10869,2023-12-11,21:37,Delhi/NCR,Delhi,28.61347,77.24779,Clear,Truck/Lorry,Low,0,1,Monday,December,MoRTH_Standardized_v2.1
MORTH23-10870,2023-08-03,17:37,Madhya Pradesh,Indore,22.70504,75.81015,Clear,Car/Jeep/Van,Low,0,2,Thursday,August,MoRTH_Standardized_v2.1
MORTH23-10871,2023-06-28,00:58,Delhi/NCR,Kolkata,22.59357,88.35671,Clear,Two-Wheeler,Critical,3,6,Wednesday,June,MoRTH_Standardized_v2.1
MORTH23-10872,2023-08-23,21:24,Andhra Pradesh,Visakhapatnam,17.67488,83.2374,Clear,Car/Jeep/Van,Low,0,1,Wednesday,August,MoRTH_Standardized_v2.1
MORTH23-10873,2023-08-17,15:56,Delhi/NCR,Kolkata,22.60643,88.3479,Rainy,Two-Wheeler,High,0,3,Thursday,August,MoRTH_Standardized_v2.1
MORTH23-10874,2023-10-19,11:10,Andhra Pradesh,Visakhapatnam,17.62908,83.21256,Clear,Two-Wheeler,Medium,0,0,Thursday,October,MoRTH_Standardized_v2.1
MORTH23-10875,2023-05-10,09:51,Rajasthan,Jodhpur,26.33362,73.00368,Clear,Bus,Low,0,0,Wednesday,May,MoRTH_Standardized_v2.1
MORTH23-10876,2023-07-11,20:22,Andhra Pradesh,Vijayawada,16.47997,80.5784,Clear,Two-Wheeler,High,1,1,Tuesday,July,MoRTH_Standardized_v2.1
MORTH23-10877,2023-07-11,10:03,Uttar Pradesh,Agra,27.10536,78.03723,Cloudy,Two-Wheeler,High,1,1,Tuesday,July,MoRTH_Standardized_v2.1
MORTH23-10878,2023-06-22,19:58,Madhya Pradesh,Gwalior,26.24523,78.18065,Clear,Two-Wheeler,Medium,0,2,Thursday,June,MoRTH_Standardized_v2.1
MORTH23-10879,2023-01-28,23:30,Kerala,Kozhikode,11.29907,75.81759,Clear,Auto-Rickshaw,High,1,2,Saturday,January,MoRTH_Standardized_v2.1
MORTH23-10880,2023-01-15,07:03,Uttar Pradesh,Agra,27.19339,78.02052,Clear,Two-Wheeler,Medium,0,2,Sunday,January,MoRTH_Standardized_v2.1
MORTH23-10881,2023-05-16,17:30,Madhya Pradesh,Indore,22.73963,75.85165,Foggy,Two-Wheeler,Critical,3,4,Tuesday,May,MoRTH_Standardized_v2.1
MORTH23-10882,2023-01-30,20:30,Telangana,Warangal,17.9205,79.59277,Clear,Truck/Lorry,Low,0,1,Monday,January,MoRTH_Standardized_v2.1
MORTH23-10883,2023-12-26,15:24,Kerala,Kochi,9.89572,76.28676,Cloudy,Auto-Rickshaw,Low,0,1,Tuesday,December,MoRTH_Standardized_v2.1
MORTH23-10884,2023-06-19,09:46,Gujarat,Ahmedabad,23.02797,72.56803,Clear,Two-Wheeler,High,0,1,Monday,June,MoRTH_Standardized_v2.1
MORTH23-10885,2023-04-25,10:38,Gujarat,Surat,21.14334,72.87269,Clear,Two-Wheeler,Medium,0,0,Tuesday,April,MoRTH_Standardized_v2.1
MORTH23-10886,2023-08-13,08:25,Uttar Pradesh,Lucknow,26.84725,80.95904,Clear,Two-Wheeler,Medium,0,1,Sunday,August,MoRTH_Standardized_v2.1
MORTH23-10887,2023-03-30,14:11,Telangana,Hyderabad,17.43367,78.51449,Clear,Truck/Lorry,Low,0,2,Thursday,March,MoRTH_Standardized_v2.1
MORTH23-10888,2023-03-07,18:03,Maharashtra,Mumbai,19.05996,72.8761,Cloudy,Two-Wheeler,High,0,1,Tuesday,March,MoRTH_Standardized_v2.1
MORTH23-10889,2023-07-30,21:21,Madhya Pradesh,Gwalior,26.22868,78.21178,Clear,Two-Wheeler,Medium,0,2,Sunday,July,MoRTH_Standardized_v2.1
MORTH23-10890,2023-01-12,18:03,Madhya Pradesh,Gwalior,26.21182,78.20603,Clear,Two-Wheeler,High,0,4,Thursday,January,MoRTH_Standardized_v2.1
MORTH23-10891,2023-03-06,18:51,Tamil Nadu,Coimbatore,11.04109,76.89175,Clear,Two-Wheeler,High,0,2,Monday,March,MoRTH_Standardized_v2.1
MORTH23-10892,2023-12-28,19:25,Rajasthan,Jaipur,26.9211,75.77846,Clear,Truck/Lorry,Medium,0,0,Thursday,December,MoRTH_Standardized_v2.1
MORTH23-10893,2023-08-06,17:35,Delhi/NCR,Guwahati,26.15926,91.68147,Clear,Two-Wheeler,High,1,1,Sunday,August,MoRTH_Standardized_v2.1
MORTH23-10894,2023-01-29,07:19,Maharashtra,Mumbai,19.06117,72.82875,Clear,Others,Low,0,1,Sunday,January,MoRTH_Standardized_v2.1
MORTH23-10895,2023-12-21,18:53,Madhya Pradesh,Indore,22.72231,75.87406,Clear,Two-Wheeler,High,0,3,Thursday,December,MoRTH_Standardized_v2.1
MORTH23-10896,2023-05-05,17:06,Tamil Nadu,Coimbatore,10.98159,76.95305,Clear,Two-Wheeler,High,1,1,Friday,May,MoRTH_Standardized_v2.1
MORTH23-10897,2023-10-05,14:44,Delhi/NCR,Guwahati,26.14266,91.7357,Clear,Others,Medium,0,1,Thursday,October,MoRTH_Standardized_v2.1
MORTH23-10898,2023-03-06,11:19,Madhya Pradesh,Bhopal,23.26503,77.39889,Clear,Car/Jeep/Van,Low,0,1,Monday,March,MoRTH_Standardized_v2.1
MORTH23-10899,2023-04-15,11:38,Tamil Nadu,Madurai,9.90822,78.1163,Rainy,Car/Jeep/Van,High,1,3,Saturday,April,MoRTH_Standardized_v2.1
MORTH23-10900,2023-08-05,15:53,Delhi/NCR,Kolkata,22.55843,88.36202,Clear,Two-Wheeler,High,1,4,Saturday,August,MoRTH_Standardized_v2.1
MORTH23-10901,2023-11-16,06:23,Telangana,Warangal,17.94743,79.60555,Clear,Auto-Rickshaw,Medium,0,2,Thursday,November,MoRTH_Standardized_v2.1
MORTH23-10902,2023-04-21,11:06,Uttar Pradesh,Kanpur,26.44938,80.3,Clear,Two-Wheeler,Medium,0,0,Friday,April,MoRTH_Standardized_v2.1
MORTH23-10903,2023-01-13,17:10,Delhi/NCR,Guwahati,26.14677,91.73479,Clear,Truck/Lorry,Low,0,1,Friday,January,MoRTH_Standardized_v2.1
MORTH23-10904,2023-07-04,06:54,Telangana,Warangal,17.96179,79.60672,Clear,Two-Wheeler,High,1,3,Tuesday,July,MoRTH_Standardized_v2.1
MORTH23-10905,2023-04-29,15:24,Karnataka,Mysore,12.25444,76.62163,Clear,Bus,Medium,0,1,Saturday,April,MoRTH_Standardized_v2.1
MORTH23-10906,2023-11-12,10:40,Delhi/NCR,Guwahati,26.16475,91.72078,Clear,Two-Wheeler,Medium,0,0,Sunday,November,MoRTH_Standardized_v2.1
MORTH23-10907,2023-01-11,19:24,Uttar Pradesh,Kanpur,26.44894,80.33903,Clear,Two-Wheeler,High,1,3,Wednesday,January,MoRTH_Standardized_v2.1
MORTH23-10908,2023-01-22,19:34,Karnataka,Bangalore,13.01101,77.61706,Clear,Bus,Medium,0,2,Sunday,January,MoRTH_Standardized_v2.1
MORTH23-10909,2023-11-30,08:59,Maharashtra,Nagpur,21.155,79.13879,Cloudy,Two-Wheeler,Medium,0,2,Thursday,November,MoRTH_Standardized_v2.1
MORTH23-10910,2023-02-25,09:34,Madhya Pradesh,Bhopal,23.21936,77.42506,Clear,Two-Wheeler,High,0,3,Saturday,February,MoRTH_Standardized_v2.1
MORTH23-10911,2023-03-05,00:25,Tamil Nadu,Coimbatore,11.06468,76.99507,Clear,Car/Jeep/Van,Medium,0,1,Sunday,March,MoRTH_Standardized_v2.1
MORTH23-10912,2023-04-26,08:02,Maharashtra,Pune,18.52256,73.84196,Clear,Car/Jeep/Van,Low,0,1,Wednesday,April,MoRTH_Standardized_v2.1
MORTH23-10913,2023-09-29,17:11,Karnataka,Bangalore,12.94345,77.58305,Clear,Car/Jeep/Van,Low,0,2,Friday,September,MoRTH_Standardized_v2.1
MORTH23-10914,2023-03-02,07:19,Rajasthan,Jodhpur,26.20841,73.00328,Clear,Two-Wheeler,High,0,1,Thursday,March,MoRTH_Standardized_v2.1
MORTH23-10915,2023-04-22,18:55,Karnataka,Mysore,12.30962,76.70458,Clear,Others,Low,0,0,Saturday,April,MoRTH_Standardized_v2.1
MORTH23-10916,2023-02-13,17:02,Madhya Pradesh,Bhopal,23.22766,77.36807,Clear,Bus,Low,0,2,Monday,February,MoRTH_Standardized_v2.1
MORTH23-10917,2023-10-22,07:53,Tamil Nadu,Coimbatore,11.03671,76.91705,Rainy,Truck/Lorry,High,0,4,Sunday,October,MoRTH_Standardized_v2.1
MORTH23-10918,2023-05-04,16:46,Rajasthan,Jaipur,26.94363,75.7692,Clear,Others,Low,0,0,Thursday,May,MoRTH_Standardized_v2.1
MORTH23-10919,2023-09-06,06:01,Delhi/NCR,Delhi,28.65012,77.26101,Clear,Car/Jeep/Van,Low,0,0,Wednesday,September,MoRTH_Standardized_v2.1
MORTH23-10920,2023-01-28,13:10,Delhi/NCR,Kolkata,22.57019,88.33579,Foggy,Two-Wheeler,Critical,3,5,Saturday,January,MoRTH_Standardized_v2.1
MORTH23-10921,2023-05-05,20:39,Delhi/NCR,Delhi,28.62309,77.22968,Clear,Others,Medium,0,1,Friday,May,MoRTH_Standardized_v2.1
MORTH23-10922,2023-12-04,07:12,Madhya Pradesh,Bhopal,23.25925,77.34309,Cloudy,Car/Jeep/Van,Low,0,2,Monday,December,MoRTH_Standardized_v2.1
MORTH23-10923,2023-05-09,07:03,Delhi/NCR,Guwahati,26.11381,91.74819,Rainy,Auto-Rickshaw,High,1,3,Tuesday,May,MoRTH_Standardized_v2.1
MORTH23-10924,2023-11-07,10:07,Delhi/NCR,Delhi,28.63239,77.24994,Clear,Two-Wheeler,Medium,0,0,Tuesday,November,MoRTH_Standardized_v2.1
MORTH23-10925,2023-02-24,04:42,Delhi/NCR,Kolkata,22.56282,88.36956,Clear,Two-Wheeler,Critical,2,4,Friday,February,MoRTH_Standardized_v2.1
MORTH23-10926,2023-09-17,21:37,Delhi/NCR,Delhi,28.58281,77.2248,Clear,Car/Jeep/Van,Low,0,0,Sunday,September,MoRTH_Standardized_v2.1
MORTH23-10927,2023-04-13,21:20,Uttar Pradesh,Lucknow,26.87874,80.94135,Clear,Car/Jeep/Van,Low,0,1,Thursday,April,MoRTH_Standardized_v2.1
MORTH23-10928,2023-11-22,23:04,Tamil Nadu,Coimbatore,11.02299,76.9657,Foggy,Bus,High,0,4,Wednesday,November,MoRTH_Standardized_v2.1
MORTH23-10929,2023-07-14,10:40,Delhi/NCR,Kolkata,22.60828,88.38459,Rainy,Car/Jeep/Van,Medium,0,0,Friday,July,MoRTH_Standardized_v2.1
MORTH23-10930,2023-10-20,13:20,Andhra Pradesh,Vijayawada,16.51284,80.64165,Rainy,Two-Wheeler,Critical,2,2,Friday,October,MoRTH_Standardized_v2.1
MORTH23-10931,2023-07-03,17:32,Madhya Pradesh,Bhopal,23.22851,77.40917,Clear,Two-Wheeler,High,0,4,Monday,July,MoRTH_Standardized_v2.1
MORTH23-10932,2023-12-04,09:00,Kerala,Kozhikode,11.30746,75.795,Clear,Two-Wheeler,High,1,3,Monday,December,MoRTH_Standardized_v2.1
MORTH23-10933,2023-09-24,04:41,Madhya Pradesh,Gwalior,26.1805,78.18064,Clear,Two-Wheeler,High,0,4,Sunday,September,MoRTH_Standardized_v2.1
MORTH23-10934,2023-04-04,06:43,Rajasthan,Jaipur,26.95052,75.80982,Clear,Car/Jeep/Van,Low,0,1,Tuesday,April,MoRTH_Standardized_v2.1
MORTH23-10935,2023-03-24,17:08,Maharashtra,Pune,18.4584,73.88806,Clear,Bus,Low,0,1,Friday,March,MoRTH_Standardized_v2.1
MORTH23-10936,2023-01-10,15:42,Karnataka,Mysore,12.31957,76.59898,Clear,Others,Low,0,2,Tuesday,January,MoRTH_Standardized_v2.1
MORTH23-10937,2023-04-21,04:41,Delhi/NCR,Guwahati,26.15632,91.74156,Clear,Two-Wheeler,Critical,3,3,Friday,April,MoRTH_Standardized_v2.1
MORTH23-10938,2023-02-06,05:24,Karnataka,Bangalore,13.02796,77.6512,Clear,Two-Wheeler,High,1,2,Monday,February,MoRTH_Standardized_v2.1
MORTH23-10939,2023-12-06,22:09,Kerala,Kochi,9.96039,76.28674,Clear,Two-Wheeler,High,1,2,Wednesday,December,MoRTH_Standardized_v2.1
MORTH23-10940,2023-12-15,22:01,Tamil Nadu,Coimbatore,11.00635,77.00653,Rainy,Two-Wheeler,Critical,1,4,Friday,December,MoRTH_Standardized_v2.1
MORTH23-10941,2023-05-02,00:08,Madhya Pradesh,Indore,22.7149,75.88339,Clear,Two-Wheeler,Critical,2,5,Tuesday,May,MoRTH_Standardized_v2.1
MORTH23-10942,2023-09-16,10:10,Delhi/NCR,Guwahati,26.12674,91.74193,Clear,Two-Wheeler,Medium,0,1,Saturday,September,MoRTH_Standardized_v2.1
MORTH23-10943,2023-12-25,13:20,Delhi/NCR,Delhi,28.61006,77.20062,Clear,Auto-Rickshaw,Low,0,2,Monday,December,MoRTH_Standardized_v2.1
MORTH23-10944,2023-01-17,20:39,Gujarat,Ahmedabad,23.00884,72.55187,Clear,Truck/Lorry,Medium,0,1,Tuesday,January,MoRTH_Standardized_v2.1
MORTH23-10945,2023-06-29,07:21,Telangana,Warangal,17.94017,79.52057,Clear,Two-Wheeler,High,1,4,Thursday,June,MoRTH_Standardized_v2.1
MORTH23-10946,2023-03-06,02:51,Gujarat,Surat,21.16162,72.81713,Cloudy,Others,High,0,3,Monday,March,MoRTH_Standardized_v2.1
MORTH23-10947,2023-03-18,17:36,Rajasthan,Jaipur,26.93925,75.83653,Clear,Bus,Low,0,0,Saturday,March,MoRTH_Standardized_v2.1
MORTH23-10948,2023-11-20,13:55,Karnataka,Mysore,12.28922,76.62408,Clear,Car/Jeep/Van,Medium,0,1,Monday,November,MoRTH_Standardized_v2.1
MORTH23-10949,2023-02-05,13:26,Gujarat,Ahmedabad,23.02593,72.56385,Clear,Car/Jeep/Van,Low,0,2,Sunday,February,MoRTH_Standardized_v2.1
MORTH23-10950,2023-02-19,07:10,Delhi/NCR,Kolkata,22.61817,88.37604,Clear,Others,Low,0,0,Sunday,February,MoRTH_Standardized_v2.1
MORTH23-10951,2023-10-20,04:12,Delhi/NCR,Kolkata,22.61008,88.35129,Clear,Car/Jeep/Van,Low,0,0,Friday,October,MoRTH_Standardized_v2.1
MORTH23-10952,2023-02-18,13:19,Tamil Nadu,Madurai,9.86766,78.07179,Clear,Truck/Lorry,Medium,0,0,Saturday,February,MoRTH_Standardized_v2.1
MORTH23-10953,2023-01-08,15:42,Uttar Pradesh,Kanpur,26.41628,80.3514,Clear,Car/Jeep/Van,Low,0,0,Sunday,January,MoRTH_Standardized_v2.1
MORTH23-10954,2023-12-04,08:35,Delhi/NCR,Kolkata,22.5252,88.39318,Clear,Truck/Lorry,High,0,3,Monday,December,MoRTH_Standardized_v2.1
MORTH23-10955,2023-09-23,05:11,Kerala,Kochi,9.90911,76.25011,Clear,Two-Wheeler,High,0,3,Saturday,September,MoRTH_Standardized_v2.1
MORTH23-10956,2023-03-27,07:50,Delhi/NCR,Delhi,28.60879,77.21519,Clear,Others,Low,0,1,Monday,March,MoRTH_Standardized_v2.1
MORTH23-10957,2023-09-25,23:58,Delhi/NCR,Kolkata,22.57525,88.39765,Clear,Truck/Lorry,High,0,2,Monday,September,MoRTH_Standardized_v2.1
MORTH23-10958,2023-09-28,13:12,Tamil Nadu,Coimbatore,11.00321,76.98265,Clear,Car/Jeep/Van,Low,0,1,Thursday,September,MoRTH_Standardized_v2.1
MORTH23-10959,2023-02-10,12:32,Telangana,Hyderabad,17.39535,78.49291,Foggy,Others,Medium,0,1,Friday,February,MoRTH_Standardized_v2.1
MORTH23-10960,2023-12-15,14:37,Tamil Nadu,Chennai,13.10976,80.28675,Clear,Auto-Rickshaw,Low,0,0,Friday,December,MoRTH_Standardized_v2.1
MORTH23-10961,2023-04-26,03:21,Tamil Nadu,Chennai,13.06325,80.27055,Clear,Two-Wheeler,High,1,1,Wednesday,April,MoRTH_Standardized_v2.1
MORTH23-10962,2023-10-04,20:07,Andhra Pradesh,Visakhapatnam,17.6654,83.20663,Foggy,Car/Jeep/Van,High,0,3,Wednesday,October,MoRTH_Standardized_v2.1
MORTH23-10963,2023-07-05,16:44,Delhi/NCR,Delhi,28.61428,77.18211,Clear,Two-Wheeler,High,0,2,Wednesday,July,MoRTH_Standardized_v2.1
MORTH23-10964,2023-03-04,19:08,Rajasthan,Jodhpur,26.2375,73.00451,Foggy,Others,High,1,4,Saturday,March,MoRTH_Standardized_v2.1
MORTH23-10965,2023-10-29,16:37,Uttar Pradesh,Agra,27.19301,78.03998,Clear,Auto-Rickshaw,Medium,0,2,Sunday,October,MoRTH_Standardized_v2.1
MORTH23-10966,2023-05-30,08:25,Rajasthan,Jodhpur,26.24388,73.00068,Clear,Others,Medium,0,0,Tuesday,May,MoRTH_Standardized_v2.1
MORTH23-10967,2023-06-03,12:59,Andhra Pradesh,Vijayawada,16.52109,80.61203,Clear,Bus,Low,0,2,Saturday,June,MoRTH_Standardized_v2.1
MORTH23-10968,2023-03-28,07:01,Karnataka,Mysore,12.29841,76.61962,Cloudy,Two-Wheeler,Medium,0,1,Tuesday,March,MoRTH_Standardized_v2.1
MORTH23-10969,2023-06-02,23:47,Uttar Pradesh,Lucknow,26.81694,80.94636,Clear,Truck/Lorry,Critical,3,4,Friday,June,MoRTH_Standardized_v2.1
MORTH23-10970,2023-07-14,07:36,Kerala,Thiruvananthapuram,8.50025,76.93208,Clear,Others,Low,0,2,Friday,July,MoRTH_Standardized_v2.1
MORTH23-10971,2023-03-22,11:46,Karnataka,Bangalore,12.91509,77.56975,Clear,Auto-Rickshaw,Medium,0,1,Wednesday,March,MoRTH_Standardized_v2.1
MORTH23-10972,2023-09-29,07:06,Telangana,Hyderabad,17.3694,78.48756,Cloudy,Car/Jeep/Van,Low,0,0,Friday,September,MoRTH_Standardized_v2.1
MORTH23-10973,2023-12-02,17:05,Kerala,Kochi,9.98644,76.21556,Foggy,Two-Wheeler,Critical,1,3,Saturday,December,MoRTH_Standardized_v2.1
MORTH23-10974,2023-07-20,18:42,Tamil Nadu,Madurai,9.94935,78.15528,Clear,Auto-Rickshaw,Medium,0,0,Thursday,July,MoRTH_Standardized_v2.1
MORTH23-10975,2023-12-10,08:08,Delhi/NCR,Guwahati,26.17084,91.72552,Clear,Two-Wheeler,High,0,3,Sunday,December,MoRTH_Standardized_v2.1
MORTH23-10976,2023-10-10,20:20,Maharashtra,Nagpur,21.15983,79.09948,Clear,Two-Wheeler,Medium,0,0,Tuesday,October,MoRTH_Standardized_v2.1
MORTH23-10977,2023-07-22,15:54,Gujarat,Surat,21.17724,72.77103,Clear,Car/Jeep/Van,Low,0,1,Saturday,July,MoRTH_Standardized_v2.1
MORTH23-10978,2023-11-25,15:16,Telangana,Warangal,17.98541,79.57494,Clear,Two-Wheeler,Medium,0,0,Saturday,November,MoRTH_Standardized_v2.1
MORTH23-10979,2023-07-06,18:45,Delhi/NCR,Kolkata,22.58811,88.41382,Clear,Truck/Lorry,Low,0,2,Thursday,July,MoRTH_Standardized_v2.1
MORTH23-10980,2023-01-20,10:40,Delhi/NCR,Kolkata,22.58251,88.33014,Clear,Two-Wheeler,Medium,0,0,Friday,January,MoRTH_Standardized_v2.1
MORTH23-10981,2023-06-30,21:31,Uttar Pradesh,Lucknow,26.84698,80.9534,Clear,Two-Wheeler,Medium,0,2,Friday,June,MoRTH_Standardized_v2.1
MORTH23-10982,2023-07-18,11:11,Gujarat,Ahmedabad,23.05775,72.55587,Clear,Two-Wheeler,Medium,0,1,Tuesday,July,MoRTH_Standardized_v2.1
MORTH23-10983,2023-01-05,03:58,Rajasthan,Jaipur,26.88288,75.74711,Clear,Two-Wheeler,High,0,4,Thursday,January,MoRTH_Standardized_v2.1
MORTH23-10984,2023-03-07,19:45,Karnataka,Bangalore,12.86578,77.55474,Clear,Auto-Rickshaw,Medium,0,0,Tuesday,March,MoRTH_Standardized_v2.1
MORTH23-10985,2023-07-17,14:32,Kerala,Kozhikode,11.20959,75.80749,Clear,Others,Low,0,0,Monday,July,MoRTH_Standardized_v2.1
MORTH23-10986,2023-01-04,16:27,Gujarat,Surat,21.1514,72.86889,Clear,Two-Wheeler,High,0,1,Wednesday,January,MoRTH_Standardized_v2.1
MORTH23-10987,2023-07-30,20:38,Delhi/NCR,Delhi,28.62064,77.22625,Clear,Two-Wheeler,High,0,3,Sunday,July,MoRTH_Standardized_v2.1
MORTH23-10988,2023-03-05,00:39,Madhya Pradesh,Bhopal,23.28281,77.3655,Clear,Two-Wheeler,High,0,2,Sunday,March,MoRTH_Standardized_v2.1
MORTH23-10989,2023-09-18,21:02,Delhi/NCR,Delhi,28.62016,77.26993,Clear,Bus,Medium,0,1,Monday,September,MoRTH_Standardized_v2.1
MORTH23-10990,2023-11-29,20:57,Tamil Nadu,Chennai,13.11774,80.29896,Clear,Others,Low,0,1,Wednesday,November,MoRTH_Standardized_v2.1
MORTH23-10991,2023-08-20,14:05,Kerala,Kochi,9.94464,76.2692,Clear,Two-Wheeler,Medium,0,1,Sunday,August,MoRTH_Standardized_v2.1
MORTH23-10992,2023-01-27,03:16,Uttar Pradesh,Lucknow,26.82602,80.89106,Clear,Two-Wheeler,Critical,1,6,Friday,January,MoRTH_Standardized_v2.1
MORTH23-10993,2023-11-17,19:32,Madhya Pradesh,Gwalior,26.18633,78.21176,Clear,Two-Wheeler,High,0,1,Friday,November,MoRTH_Standardized_v2.1
MORTH23-10994,2023-11-24,00:28,Tamil Nadu,Madurai,9.89022,78.09823,Clear,Two-Wheeler,High,0,3,Friday,November,MoRTH_Standardized_v2.1
MORTH23-10995,2023-02-20,12:46,Kerala,Kozhikode,11.25609,75.77979,Clear,Car/Jeep/Van,Low,0,2,Monday,February,MoRTH_Standardized_v2.1
MORTH23-10996,2023-07-11,06:47,Delhi/NCR,Delhi,28.64773,77.17207,Clear,Two-Wheeler,High,1,3,Tuesday,July,MoRTH_Standardized_v2.1
MORTH23-10997,2023-03-12,02:50,Delhi/NCR,Delhi,28.6258,77.20815,Clear,Bus,High,0,4,Sunday,March,MoRTH_Standardized_v2.1
MORTH23-10998,2023-03-25,15:40,Uttar Pradesh,Lucknow,26.83987,80.9272,Clear,Car/Jeep/Van,Low,0,2,Saturday,March,MoRTH_Standardized_v2.1
MORTH23-10999,2023-06-26,16:46,Telangana,Hyderabad,17.39695,78.51984,Clear,Two-Wheeler,Medium,0,2,Monday,June,MoRTH_Standardized_v2.1
MORTH23-11000,2023-04-20,17:38,Kerala,Kozhikode,11.24329,75.82691,Clear,Others,Medium,0,1,Thursday,April,MoRTH_Standardized_v2.1
MORTH23-11001,2023-04-17,19:51,Delhi/NCR,Guwahati,26.18893,91.74817,Clear,Two-Wheeler,Medium,0,0,Monday,April,MoRTH_Standardized_v2.1
MORTH23-11002,2023-10-02,11:56,Delhi/NCR,Delhi,28.63172,77.23073,Clear,Two-Wheeler,Medium,0,2,Monday,October,MoRTH_Standardized_v2.1
MORTH23-11003,2023-01-11,12:08,Telangana,Warangal,17.93917,79.60907,Clear,Truck/Lorry,Medium,0,2,Wednesday,January,MoRTH_Standardized_v2.1
MORTH23-11004,2023-10-23,18:20,Delhi/NCR,Kolkata,22.62408,88.34525,Clear,Bus,Low,0,2,Monday,October,MoRTH_Standardized_v2.1
MORTH23-11005,2023-01-11,18:51,Tamil Nadu,Madurai,9.91364,78.16013,Cloudy,Car/Jeep/Van,Medium,0,0,Wednesday,January,MoRTH_Standardized_v2.1
MORTH23-11006,2023-03-19,09:33,Madhya Pradesh,Gwalior,26.18702,78.22158,Clear,Two-Wheeler,Medium,0,1,Sunday,March,MoRTH_Standardized_v2.1
MORTH23-11007,2023-10-14,18:19,Telangana,Hyderabad,17.41993,78.47959,Rainy,Truck/Lorry,High,0,3,Saturday,October,MoRTH_Standardized_v2.1
MORTH23-11008,2023-10-10,12:09,Delhi/NCR,Delhi,28.60587,77.1447,Clear,Two-Wheeler,Medium,0,1,Tuesday,October,MoRTH_Standardized_v2.1
MORTH23-11009,2023-11-11,10:29,Madhya Pradesh,Indore,22.75529,75.8518,Clear,Auto-Rickshaw,Medium,0,0,Saturday,November,MoRTH_Standardized_v2.1
MORTH23-11010,2023-07-06,17:49,Telangana,Hyderabad,17.33905,78.45715,Cloudy,Auto-Rickshaw,Low,0,0,Thursday,July,MoRTH_Standardized_v2.1
MORTH23-11011,2023-06-22,20:44,Delhi/NCR,Delhi,28.59017,77.19357,Clear,Auto-Rickshaw,Medium,0,0,Thursday,June,MoRTH_Standardized_v2.1
MORTH23-11012,2023-08-20,07:51,Maharashtra,Mumbai,19.07156,72.86956,Rainy,Car/Jeep/Van,Medium,0,0,Sunday,August,MoRTH_Standardized_v2.1
MORTH23-11013,2023-03-29,12:24,Uttar Pradesh,Lucknow,26.81496,80.94934,Clear,Two-Wheeler,High,0,3,Wednesday,March,MoRTH_Standardized_v2.1
MORTH23-11014,2023-10-19,21:56,Uttar Pradesh,Agra,27.21779,77.97101,Clear,Two-Wheeler,High,0,2,Thursday,October,MoRTH_Standardized_v2.1
MORTH23-11015,2023-08-31,17:19,Madhya Pradesh,Bhopal,23.21879,77.43834,Cloudy,Two-Wheeler,High,0,2,Thursday,August,MoRTH_Standardized_v2.1
MORTH23-11016,2023-10-21,00:07,Andhra Pradesh,Vijayawada,16.53178,80.6358,Clear,Car/Jeep/Van,High,0,3,Saturday,October,MoRTH_Standardized_v2.1
MORTH23-11017,2023-10-19,07:24,Kerala,Kozhikode,11.2405,75.78786,Clear,Two-Wheeler,Medium,0,1,Thursday,October,MoRTH_Standardized_v2.1
MORTH23-11018,2023-04-09,13:40,Telangana,Warangal,17.9867,79.62994,Cloudy,Two-Wheeler,Medium,0,2,Sunday,April,MoRTH_Standardized_v2.1
MORTH23-11019,2023-08-03,12:25,Gujarat,Surat,21.1658,72.82477,Rainy,Auto-Rickshaw,Medium,0,1,Thursday,August,MoRTH_Standardized_v2.1
MORTH23-11020,2023-08-27,16:35,Andhra Pradesh,Vijayawada,16.46286,80.62828,Clear,Truck/Lorry,Medium,0,2,Sunday,August,MoRTH_Standardized_v2.1
MORTH23-11021,2023-04-19,19:43,Kerala,Kochi,9.91389,76.25554,Clear,Two-Wheeler,Medium,0,2,Wednesday,April,MoRTH_Standardized_v2.1
MORTH23-11022,2023-10-03,13:15,Madhya Pradesh,Bhopal,23.25632,77.41464,Cloudy,Auto-Rickshaw,Low,0,0,Tuesday,October,MoRTH_Standardized_v2.1
MORTH23-11023,2023-10-06,06:04,Uttar Pradesh,Agra,27.18947,78.03929,Clear,Truck/Lorry,Medium,0,0,Friday,October,MoRTH_Standardized_v2.1
MORTH23-11024,2023-08-06,21:32,Gujarat,Ahmedabad,23.00371,72.6028,Foggy,Two-Wheeler,High,1,3,Sunday,August,MoRTH_Standardized_v2.1
MORTH23-11025,2023-11-14,08:18,Maharashtra,Pune,18.54663,73.82246,Clear,Bus,Low,0,2,Tuesday,November,MoRTH_Standardized_v2.1
MORTH23-11026,2023-01-21,09:15,Tamil Nadu,Chennai,13.05832,80.22581,Clear,Two-Wheeler,Medium,0,0,Saturday,January,MoRTH_Standardized_v2.1
MORTH23-11027,2023-11-29,16:56,Tamil Nadu,Chennai,13.08628,80.26939,Clear,Truck/Lorry,High,0,4,Wednesday,November,MoRTH_Standardized_v2.1
MORTH23-11028,2023-10-13,18:09,Rajasthan,Jaipur,26.89672,75.78918,Clear,Bus,Low,0,0,Friday,October,MoRTH_Standardized_v2.1
MORTH23-11029,2023-12-02,13:13,Rajasthan,Jodhpur,26.20976,72.99434,Cloudy,Two-Wheeler,Medium,0,0,Saturday,December,MoRTH_Standardized_v2.1
MORTH23-11030,2023-02-03,09:43,Kerala,Kozhikode,11.23438,75.75509,Foggy,Two-Wheeler,Critical,3,5,Friday,February,MoRTH_Standardized_v2.1
MORTH23-11031,2023-05-15,07:05,Andhra Pradesh,Vijayawada,16.42109,80.65359,Cloudy,Auto-Rickshaw,Low,0,1,Monday,May,MoRTH_Standardized_v2.1
MORTH23-11032,2023-03-13,13:46,Madhya Pradesh,Indore,22.73616,75.87784,Clear,Truck/Lorry,Medium,0,2,Monday,March,MoRTH_Standardized_v2.1
MORTH23-11033,2023-09-12,15:25,Gujarat,Ahmedabad,23.01652,72.58167,Clear,Truck/Lorry,Low,0,2,Tuesday,September,MoRTH_Standardized_v2.1
MORTH23-11034,2023-09-13,09:14,Uttar Pradesh,Agra,27.20073,77.99435,Clear,Auto-Rickshaw,Medium,0,0,Wednesday,September,MoRTH_Standardized_v2.1
MORTH23-11035,2023-08-11,23:38,Maharashtra,Nagpur,21.1808,79.12302,Clear,Car/Jeep/Van,High,0,4,Friday,August,MoRTH_Standardized_v2.1
MORTH23-11036,2023-06-22,17:00,Maharashtra,Nagpur,21.18217,79.16141,Cloudy,Car/Jeep/Van,Low,0,2,Thursday,June,MoRTH_Standardized_v2.1
MORTH23-11037,2023-09-14,15:12,Tamil Nadu,Chennai,13.02699,80.25255,Clear,Truck/Lorry,Medium,0,2,Thursday,September,MoRTH_Standardized_v2.1
MORTH23-11038,2023-02-19,14:48,Delhi/NCR,Delhi,28.64415,77.21747,Clear,Two-Wheeler,High,0,1,Sunday,February,MoRTH_Standardized_v2.1
MORTH23-11039,2023-05-05,06:20,Madhya Pradesh,Indore,22.69328,75.86947,Clear,Others,Low,0,1,Friday,May,MoRTH_Standardized_v2.1
MORTH23-11040,2023-01-13,17:05,Delhi/NCR,Delhi,28.56543,77.20183,Clear,Two-Wheeler,Medium,0,2,Friday,January,MoRTH_Standardized_v2.1
MORTH23-11041,2023-08-08,07:31,Rajasthan,Jaipur,26.90578,75.80629,Clear,Two-Wheeler,Medium,0,0,Tuesday,August,MoRTH_Standardized_v2.1
MORTH23-11042,2023-06-07,10:55,Tamil Nadu,Coimbatore,11.01448,76.9519,Clear,Two-Wheeler,Medium,0,0,Wednesday,June,MoRTH_Standardized_v2.1
MORTH23-11043,2023-05-12,18:58,Telangana,Hyderabad,17.43679,78.45541,Clear,Two-Wheeler,Medium,0,1,Friday,May,MoRTH_Standardized_v2.1
MORTH23-11044,2023-12-02,11:36,Delhi/NCR,Delhi,28.61606,77.20296,Clear,Bus,Low,0,2,Saturday,December,MoRTH_Standardized_v2.1
MORTH23-11045,2023-09-17,11:44,Karnataka,Hubli,15.36449,75.10588,Clear,Truck/Lorry,Low,0,0,Sunday,September,MoRTH_Standardized_v2.1
MORTH23-11046,2023-08-22,05:53,Karnataka,Bangalore,13.01182,77.62111,Rainy,Two-Wheeler,Critical,1,6,Tuesday,August,MoRTH_Standardized_v2.1
MORTH23-11047,2023-03-11,20:47,Madhya Pradesh,Indore,22.75201,75.83906,Clear,Auto-Rickshaw,Low,0,0,Saturday,March,MoRTH_Standardized_v2.1
MORTH23-11048,2023-10-12,19:26,Karnataka,Mysore,12.28253,76.64696,Clear,Bus,Medium,0,2,Thursday,October,MoRTH_Standardized_v2.1
MORTH23-11049,2023-01-27,16:22,Delhi/NCR,Kolkata,22.56464,88.34412,Clear,Car/Jeep/Van,Low,0,2,Friday,January,MoRTH_Standardized_v2.1
MORTH23-11050,2023-02-14,22:17,Delhi/NCR,Kolkata,22.58064,88.37957,Rainy,Two-Wheeler,Critical,1,6,Tuesday,February,MoRTH_Standardized_v2.1
MORTH23-11051,2023-12-07,19:45,Uttar Pradesh,Lucknow,26.84984,80.95533,Cloudy,Two-Wheeler,High,0,2,Thursday,December,MoRTH_Standardized_v2.1
MORTH23-11052,2023-03-29,20:55,Karnataka,Bangalore,12.92305,77.58102,Clear,Auto-Rickshaw,Low,0,2,Wednesday,March,MoRTH_Standardized_v2.1
MORTH23-11053,2023-12-19,11:39,Uttar Pradesh,Agra,27.2029,78.07033,Clear,Car/Jeep/Van,Low,0,1,Tuesday,December,MoRTH_Standardized_v2.1
MORTH23-11054,2023-07-28,19:46,Delhi/NCR,Delhi,28.59172,77.2316,Clear,Bus,Medium,0,2,Friday,July,MoRTH_Standardized_v2.1
MORTH23-11055,2023-03-31,03:56,Tamil Nadu,Madurai,9.95074,78.17134,Clear,Truck/Lorry,Medium,0,1,Friday,March,MoRTH_Standardized_v2.1
MORTH23-11056,2023-04-04,18:36,Maharashtra,Nagpur,21.11774,79.08538,Clear,Two-Wheeler,Medium,0,0,Tuesday,April,MoRTH_Standardized_v2.1
MORTH23-11057,2023-06-20,07:47,Maharashtra,Mumbai,19.03402,72.88485,Clear,Car/Jeep/Van,Low,0,0,Tuesday,June,MoRTH_Standardized_v2.1
MORTH23-11058,2023-12-28,15:01,Tamil Nadu,Coimbatore,11.04063,76.90481,Rainy,Two-Wheeler,Critical,2,5,Thursday,December,MoRTH_Standardized_v2.1
MORTH23-11059,2023-04-18,18:05,Gujarat,Surat,21.16733,72.82557,Clear,Two-Wheeler,Medium,0,1,Tuesday,April,MoRTH_Standardized_v2.1
MORTH23-11060,2023-02-26,18:41,Madhya Pradesh,Bhopal,23.27383,77.40882,Clear,Two-Wheeler,Medium,0,0,Sunday,February,MoRTH_Standardized_v2.1
MORTH23-11061,2023-11-12,19:51,Rajasthan,Jaipur,26.90902,75.83975,Clear,Two-Wheeler,Medium,0,0,Sunday,November,MoRTH_Standardized_v2.1
MORTH23-11062,2023-01-02,18:00,Delhi/NCR,Guwahati,26.16286,91.75454,Clear,Auto-Rickshaw,Low,0,0,Monday,January,MoRTH_Standardized_v2.1
MORTH23-11063,2023-03-31,17:29,Delhi/NCR,Delhi,28.60854,77.21287,Clear,Others,Low,0,1,Friday,March,MoRTH_Standardized_v2.1
MORTH23-11064,2023-01-03,17:55,Delhi/NCR,Kolkata,22.59569,88.36848,Clear,Others,Low,0,0,Tuesday,January,MoRTH_Standardized_v2.1
MORTH23-11065,2023-12-20,01:59,Delhi/NCR,Kolkata,22.58218,88.35216,Clear,Two-Wheeler,Critical,2,4,Wednesday,December,MoRTH_Standardized_v2.1
MORTH23-11066,2023-06-06,19:44,Gujarat,Surat,21.20591,72.87295,Cloudy,Bus,Medium,0,0,Tuesday,June,MoRTH_Standardized_v2.1
MORTH23-11067,2023-11-24,11:34,Delhi/NCR,Delhi,28.59726,77.20356,Clear,Two-Wheeler,Medium,0,2,Friday,November,MoRTH_Standardized_v2.1
MORTH23-11068,2023-08-07,19:28,Madhya Pradesh,Indore,22.7063,75.87881,Clear,Two-Wheeler,Medium,0,1,Monday,August,MoRTH_Standardized_v2.1
MORTH23-11069,2023-12-16,21:04,Madhya Pradesh,Indore,22.72419,75.84582,Clear,Auto-Rickshaw,Low,0,1,Saturday,December,MoRTH_Standardized_v2.1
MORTH23-11070,2023-10-09,21:11,Delhi/NCR,Kolkata,22.54571,88.37464,Clear,Car/Jeep/Van,Low,0,0,Monday,October,MoRTH_Standardized_v2.1
MORTH23-11071,2023-01-04,07:22,Gujarat,Surat,21.22247,72.8709,Clear,Two-Wheeler,Medium,0,0,Wednesday,January,MoRTH_Standardized_v2.1
MORTH23-11072,2023-09-28,14:10,Tamil Nadu,Coimbatore,11.03121,76.92884,Foggy,Truck/Lorry,High,0,1,Thursday,September,MoRTH_Standardized_v2.1
MORTH23-11073,2023-09-12,23:20,Uttar Pradesh,Agra,27.14724,78.05793,Clear,Two-Wheeler,Critical,3,3,Tuesday,September,MoRTH_Standardized_v2.1
MORTH23-11074,2023-04-16,15:26,Uttar Pradesh,Lucknow,26.804,80.93852,Cloudy,Auto-Rickshaw,Medium,0,0,Sunday,April,MoRTH_Standardized_v2.1
MORTH23-11075,2023-08-11,12:09,Rajasthan,Jaipur,26.93841,75.78619,Clear,Two-Wheeler,Medium,0,0,Friday,August,MoRTH_Standardized_v2.1
MORTH23-11076,2023-03-05,03:49,Delhi/NCR,Kolkata,22.55174,88.35493,Clear,Two-Wheeler,High,0,3,Sunday,March,MoRTH_Standardized_v2.1
MORTH23-11077,2023-03-30,17:53,Tamil Nadu,Coimbatore,11.01309,76.98024,Clear,Others,Low,0,0,Thursday,March,MoRTH_Standardized_v2.1
MORTH23-11078,2023-10-15,15:29,Maharashtra,Pune,18.52046,73.85714,Clear,Auto-Rickshaw,Medium,0,1,Sunday,October,MoRTH_Standardized_v2.1
MORTH23-11079,2023-01-11,12:01,Maharashtra,Mumbai,19.06606,72.88723,Clear,Others,Low,0,1,Wednesday,January,MoRTH_Standardized_v2.1
MORTH23-11080,2023-11-23,12:03,Tamil Nadu,Chennai,13.10642,80.2873,Foggy,Others,High,0,2,Thursday,November,MoRTH_Standardized_v2.1
MORTH23-11081,2023-06-29,18:43,Kerala,Kochi,9.92096,76.26894,Clear,Others,Low,0,0,Thursday,June,MoRTH_Standardized_v2.1
MORTH23-11082,2023-11-20,13:43,Maharashtra,Mumbai,19.02062,72.85557,Clear,Car/Jeep/Van,Medium,0,0,Monday,November,MoRTH_Standardized_v2.1
MORTH23-11083,2023-11-18,09:45,Madhya Pradesh,Gwalior,26.19378,78.21135,Cloudy,Two-Wheeler,Medium,0,1,Saturday,November,MoRTH_Standardized_v2.1
MORTH23-11084,2023-06-13,21:31,Andhra Pradesh,Vijayawada,16.5157,80.69235,Clear,Two-Wheeler,High,0,1,Tuesday,June,MoRTH_Standardized_v2.1
MORTH23-11085,2023-01-18,14:29,Uttar Pradesh,Agra,27.22064,78.06949,Clear,Car/Jeep/Van,Low,0,1,Wednesday,January,MoRTH_Standardized_v2.1
MORTH23-11086,2023-07-27,08:32,Tamil Nadu,Chennai,13.05957,80.26336,Cloudy,Two-Wheeler,Medium,0,0,Thursday,July,MoRTH_Standardized_v2.1
MORTH23-11087,2023-07-28,08:51,Andhra Pradesh,Vijayawada,16.47442,80.66669,Clear,Truck/Lorry,Low,0,2,Friday,July,MoRTH_Standardized_v2.1
MORTH23-11088,2023-01-30,19:35,Maharashtra,Pune,18.54137,73.84696,Clear,Auto-Rickshaw,Medium,0,2,Monday,January,MoRTH_Standardized_v2.1
MORTH23-11089,2023-02-25,22:28,Kerala,Thiruvananthapuram,8.54815,76.93586,Clear,Two-Wheeler,Critical,3,6,Saturday,February,MoRTH_Standardized_v2.1
MORTH23-11090,2023-10-29,13:50,Karnataka,Bangalore,12.94587,77.57475,Rainy,Others,Medium,0,2,Sunday,October,MoRTH_Standardized_v2.1
MORTH23-11091,2023-09-25,16:26,Maharashtra,Nagpur,21.15081,79.07703,Rainy,Two-Wheeler,High,0,3,Monday,September,MoRTH_Standardized_v2.1
MORTH23-11092,2023-12-04,20:15,Tamil Nadu,Madurai,9.88904,78.15541,Clear,Auto-Rickshaw,Low,0,1,Monday,December,MoRTH_Standardized_v2.1
MORTH23-11093,2023-03-20,14:41,Andhra Pradesh,Vijayawada,16.5505,80.6783,Clear,Two-Wheeler,High,0,2,Monday,March,MoRTH_Standardized_v2.1
MORTH23-11094,2023-07-16,14:19,Maharashtra,Nagpur,21.12453,79.13403,Cloudy,Auto-Rickshaw,Medium,0,0,Sunday,July,MoRTH_Standardized_v2.1
MORTH23-11095,2023-06-13,04:52,Rajasthan,Jaipur,26.91909,75.84276,Clear,Bus,High,1,3,Tuesday,June,MoRTH_Standardized_v2.1
MORTH23-11096,2023-12-13,17:27,Delhi/NCR,Guwahati,26.14387,91.70071,Rainy,Two-Wheeler,Critical,3,3,Wednesday,December,MoRTH_Standardized_v2.1
MORTH23-11097,2023-04-23,19:55,Madhya Pradesh,Indore,22.80658,75.82854,Clear,Auto-Rickshaw,Low,0,2,Sunday,April,MoRTH_Standardized_v2.1
MORTH23-11098,2023-12-04,12:09,Delhi/NCR,Kolkata,22.57339,88.3631,Foggy,Truck/Lorry,High,1,2,Monday,December,MoRTH_Standardized_v2.1
MORTH23-11099,2023-10-06,16:55,Delhi/NCR,Kolkata,22.55223,88.39183,Clear,Others,Low,0,0,Friday,October,MoRTH_Standardized_v2.1
MORTH23-11100,2023-06-28,14:26,Uttar Pradesh,Kanpur,26.48021,80.34913,Clear,Bus,Medium,0,2,Wednesday,June,MoRTH_Standardized_v2.1
MORTH23-11101,2023-02-03,18:25,Kerala,Thiruvananthapuram,8.54171,76.90355,Cloudy,Truck/Lorry,Medium,0,1,Friday,February,MoRTH_Standardized_v2.1
MORTH23-11102,2023-01-27,17:04,Delhi/NCR,Guwahati,26.09338,91.72874,Clear,Two-Wheeler,Medium,0,1,Friday,January,MoRTH_Standardized_v2.1
MORTH23-11103,2023-11-30,11:37,Rajasthan,Jaipur,26.89219,75.82162,Clear,Truck/Lorry,Low,0,1,Thursday,November,MoRTH_Standardized_v2.1
MORTH23-11104,2023-12-04,20:22,Tamil Nadu,Madurai,9.88915,78.11366,Clear,Truck/Lorry,Medium,0,2,Monday,December,MoRTH_Standardized_v2.1
MORTH23-11105,2023-09-15,08:09,Delhi/NCR,Guwahati,26.16628,91.74035,Clear,Two-Wheeler,High,0,4,Friday,September,MoRTH_Standardized_v2.1
MORTH23-11106,2023-07-11,12:58,Tamil Nadu,Coimbatore,10.97411,76.93842,Clear,Two-Wheeler,Medium,0,0,Tuesday,July,MoRTH_Standardized_v2.1
MORTH23-11107,2023-03-01,07:09,Madhya Pradesh,Gwalior,26.18578,78.21092,Rainy,Bus,High,0,1,Wednesday,March,MoRTH_Standardized_v2.1
MORTH23-11108,2023-02-17,19:57,Andhra Pradesh,Vijayawada,16.51828,80.59083,Clear,Two-Wheeler,High,0,1,Friday,February,MoRTH_Standardized_v2.1
MORTH23-11109,2023-01-22,20:51,Delhi/NCR,Kolkata,22.58756,88.35765,Cloudy,Car/Jeep/Van,Low,0,0,Sunday,January,MoRTH_Standardized_v2.1
MORTH23-11110,2023-08-30,16:13,Uttar Pradesh,Agra,27.09916,77.96013,Clear,Two-Wheeler,Medium,0,0,Wednesday,August,MoRTH_Standardized_v2.1
MORTH23-11111,2023-09-06,18:40,Maharashtra,Pune,18.53242,73.87709,Clear,Truck/Lorry,Medium,0,1,Wednesday,September,MoRTH_Standardized_v2.1
MORTH23-11112,2023-04-02,15:55,Delhi/NCR,Delhi,28.63236,77.20788,Clear,Bus,Low,0,1,Sunday,April,MoRTH_Standardized_v2.1
MORTH23-11113,2023-01-17,07:01,Uttar Pradesh,Agra,27.16442,78.00222,Clear,Others,Low,0,2,Tuesday,January,MoRTH_Standardized_v2.1
MORTH23-11114,2023-12-11,15:17,Delhi/NCR,Guwahati,26.13723,91.7996,Rainy,Car/Jeep/Van,High,1,1,Monday,December,MoRTH_Standardized_v2.1
MORTH23-11115,2023-05-01,01:35,Delhi/NCR,Delhi,28.61163,77.16776,Rainy,Two-Wheeler,Critical,1,6,Monday,May,MoRTH_Standardized_v2.1
MORTH23-11116,2023-12-27,21:56,Kerala,Kochi,9.97422,76.24211,Rainy,Two-Wheeler,Critical,3,6,Wednesday,December,MoRTH_Standardized_v2.1
MORTH23-11117,2023-10-25,18:33,Tamil Nadu,Madurai,9.95987,78.06394,Clear,Two-Wheeler,Medium,0,0,Wednesday,October,MoRTH_Standardized_v2.1
MORTH23-11118,2023-12-08,10:16,Delhi/NCR,Guwahati,26.17364,91.70081,Clear,Two-Wheeler,Medium,0,2,Friday,December,MoRTH_Standardized_v2.1
MORTH23-11119,2023-06-03,20:07,Karnataka,Mysore,12.34912,76.584,Foggy,Others,High,0,3,Saturday,June,MoRTH_Standardized_v2.1
MORTH23-11120,2023-07-13,10:59,Tamil Nadu,Madurai,9.97269,78.12886,Clear,Auto-Rickshaw,Low,0,0,Thursday,July,MoRTH_Standardized_v2.1
MORTH23-11121,2023-05-02,13:49,Maharashtra,Pune,18.51356,73.88224,Clear,Car/Jeep/Van,Low,0,2,Tuesday,May,MoRTH_Standardized_v2.1
MORTH23-11122,2023-02-28,14:33,Delhi/NCR,Delhi,28.6574,77.17765,Clear,Car/Jeep/Van,Low,0,0,Tuesday,February,MoRTH_Standardized_v2.1
MORTH23-11123,2023-05-30,14:00,Madhya Pradesh,Indore,22.709,75.8415,Clear,Two-Wheeler,High,0,1,Tuesday,May,MoRTH_Standardized_v2.1
MORTH23-11124,2023-01-15,20:20,Tamil Nadu,Coimbatore,10.94975,76.99131,Clear,Truck/Lorry,Low,0,0,Sunday,January,MoRTH_Standardized_v2.1
MORTH23-11125,2023-03-30,09:48,Maharashtra,Pune,18.50131,73.89279,Clear,Two-Wheeler,Medium,0,0,Thursday,March,MoRTH_Standardized_v2.1
MORTH23-11126,2023-06-24,15:50,Maharashtra,Nagpur,21.14815,79.07048,Foggy,Two-Wheeler,Critical,2,4,Saturday,June,MoRTH_Standardized_v2.1
MORTH23-11127,2023-06-05,17:46,Uttar Pradesh,Kanpur,26.43995,80.34927,Clear,Two-Wheeler,Medium,0,2,Monday,June,MoRTH_Standardized_v2.1
MORTH23-11128,2023-07-30,16:08,Karnataka,Mysore,12.32241,76.62032,Clear,Truck/Lorry,Medium,0,0,Sunday,July,MoRTH_Standardized_v2.1
MORTH23-11129,2023-10-03,20:58,Delhi/NCR,Guwahati,26.13645,91.7496,Clear,Two-Wheeler,High,1,1,Tuesday,October,MoRTH_Standardized_v2.1
MORTH23-11130,2023-08-29,21:49,Delhi/NCR,Kolkata,22.58943,88.34881,Clear,Auto-Rickshaw,Low,0,0,Tuesday,August,MoRTH_Standardized_v2.1
MORTH23-11131,2023-06-04,11:04,Tamil Nadu,Chennai,13.09174,80.24562,Clear,Truck/Lorry,High,0,3,Sunday,June,MoRTH_Standardized_v2.1
MORTH23-11132,2023-06-04,08:05,Rajasthan,Jodhpur,26.26952,73.04629,Clear,Auto-Rickshaw,Low,0,0,Sunday,June,MoRTH_Standardized_v2.1
MORTH23-11133,2023-01-23,06:28,Delhi/NCR,Delhi,28.63613,77.19137,Clear,Two-Wheeler,High,1,4,Monday,January,MoRTH_Standardized_v2.1
MORTH23-11134,2023-01-25,20:22,Maharashtra,Pune,18.51782,73.79026,Clear,Car/Jeep/Van,Low,0,2,Wednesday,January,MoRTH_Standardized_v2.1
MORTH23-11135,2023-04-10,06:31,Karnataka,Bangalore,12.93383,77.63655,Rainy,Two-Wheeler,High,1,3,Monday,April,MoRTH_Standardized_v2.1
MORTH23-11136,2023-03-14,17:43,Delhi/NCR,Kolkata,22.55216,88.37173,Clear,Bus,Low,0,0,Tuesday,March,MoRTH_Standardized_v2.1
MORTH23-11137,2023-07-20,14:16,Uttar Pradesh,Lucknow,26.87528,80.94694,Clear,Others,Medium,0,1,Thursday,July,MoRTH_Standardized_v2.1
MORTH23-11138,2023-12-14,12:09,Karnataka,Mysore,12.33444,76.65369,Clear,Auto-Rickshaw,Low,0,0,Thursday,December,MoRTH_Standardized_v2.1
MORTH23-11139,2023-07-30,14:58,Madhya Pradesh,Indore,22.73999,75.83897,Rainy,Car/Jeep/Van,High,1,2,Sunday,July,MoRTH_Standardized_v2.1
MORTH23-11140,2023-02-27,04:03,Uttar Pradesh,Agra,27.20709,78.02663,Clear,Truck/Lorry,High,1,4,Monday,February,MoRTH_Standardized_v2.1
MORTH23-11141,2023-09-21,21:06,Kerala,Thiruvananthapuram,8.4763,76.95849,Clear,Two-Wheeler,Medium,0,1,Thursday,September,MoRTH_Standardized_v2.1
MORTH23-11142,2023-09-17,10:31,Karnataka,Hubli,15.35704,75.17008,Rainy,Two-Wheeler,High,1,4,Sunday,September,MoRTH_Standardized_v2.1
MORTH23-11143,2023-02-08,08:42,Rajasthan,Jaipur,26.8792,75.79656,Clear,Bus,Low,0,0,Wednesday,February,MoRTH_Standardized_v2.1
MORTH23-11144,2023-10-09,12:26,Delhi/NCR,Delhi,28.6996,77.22508,Clear,Truck/Lorry,Medium,0,2,Monday,October,MoRTH_Standardized_v2.1
MORTH23-11145,2023-05-06,18:07,Delhi/NCR,Delhi,28.63049,77.20783,Clear,Bus,Medium,0,1,Saturday,May,MoRTH_Standardized_v2.1
MORTH23-11146,2023-04-28,10:39,Delhi/NCR,Guwahati,26.1629,91.77169,Cloudy,Two-Wheeler,Medium,0,1,Friday,April,MoRTH_Standardized_v2.1
MORTH23-11147,2023-08-13,14:58,Tamil Nadu,Madurai,9.91258,78.08825,Clear,Two-Wheeler,Medium,0,1,Sunday,August,MoRTH_Standardized_v2.1
MORTH23-11148,2023-11-15,15:55,Kerala,Thiruvananthapuram,8.49324,76.95032,Clear,Two-Wheeler,High,0,1,Wednesday,November,MoRTH_Standardized_v2.1
MORTH23-11149,2023-12-29,03:59,Tamil Nadu,Coimbatore,11.03869,76.97626,Clear,Others,Medium,0,2,Friday,December,MoRTH_Standardized_v2.1
MORTH23-11150,2023-09-04,17:54,Delhi/NCR,Kolkata,22.55337,88.33273,Clear,Truck/Lorry,High,0,4,Monday,September,MoRTH_Standardized_v2.1
MORTH23-11151,2023-06-01,15:52,Uttar Pradesh,Agra,27.21997,77.96804,Cloudy,Two-Wheeler,High,0,2,Thursday,June,MoRTH_Standardized_v2.1
MORTH23-11152,2023-10-01,11:40,Delhi/NCR,Kolkata,22.58344,88.39947,Clear,Two-Wheeler,Medium,0,0,Sunday,October,MoRTH_Standardized_v2.1
MORTH23-11153,2023-04-27,21:54,Karnataka,Bangalore,12.88776,77.54023,Clear,Car/Jeep/Van,Low,0,1,Thursday,April,MoRTH_Standardized_v2.1
MORTH23-11154,2023-08-29,08:46,Madhya Pradesh,Gwalior,26.23194,78.14201,Rainy,Two-Wheeler,Critical,3,6,Tuesday,August,MoRTH_Standardized_v2.1
MORTH23-11155,2023-11-22,22:41,Gujarat,Surat,21.17127,72.78647,Clear,Car/Jeep/Van,Medium,0,2,Wednesday,November,MoRTH_Standardized_v2.1
MORTH23-11156,2023-08-06,06:07,Karnataka,Mysore,12.28289,76.6271,Cloudy,Truck/Lorry,High,0,1,Sunday,August,MoRTH_Standardized_v2.1
MORTH23-11157,2023-05-20,06:55,Telangana,Warangal,17.93862,79.59749,Rainy,Truck/Lorry,High,0,4,Saturday,May,MoRTH_Standardized_v2.1
MORTH23-11158,2023-06-03,11:24,Tamil Nadu,Madurai,9.88133,78.13261,Rainy,Two-Wheeler,Critical,2,3,Saturday,June,MoRTH_Standardized_v2.1
MORTH23-11159,2023-03-31,04:26,Delhi/NCR,Delhi,28.59687,77.21952,Clear,Two-Wheeler,High,1,1,Friday,March,MoRTH_Standardized_v2.1
MORTH23-11160,2023-12-02,20:18,Tamil Nadu,Coimbatore,11.05019,76.93037,Clear,Others,Medium,0,2,Saturday,December,MoRTH_Standardized_v2.1
MORTH23-11161,2023-05-21,20:52,Delhi/NCR,Delhi,28.6627,77.18941,Clear,Two-Wheeler,High,0,4,Sunday,May,MoRTH_Standardized_v2.1
MORTH23-11162,2023-01-17,16:01,Rajasthan,Jodhpur,26.2,73.02566,Clear,Two-Wheeler,High,0,3,Tuesday,January,MoRTH_Standardized_v2.1
MORTH23-11163,2023-03-31,21:11,Karnataka,Mysore,12.35522,76.64269,Foggy,Truck/Lorry,High,1,3,Friday,March,MoRTH_Standardized_v2.1
MORTH23-11164,2023-06-07,01:20,Uttar Pradesh,Agra,27.15775,77.97966,Cloudy,Car/Jeep/Van,Medium,0,1,Wednesday,June,MoRTH_Standardized_v2.1
MORTH23-11165,2023-01-29,21:20,Karnataka,Mysore,12.32555,76.70403,Clear,Two-Wheeler,Medium,0,0,Sunday,January,MoRTH_Standardized_v2.1
MORTH23-11166,2023-12-03,20:12,Tamil Nadu,Coimbatore,11.06016,76.99212,Clear,Bus,Low,0,2,Sunday,December,MoRTH_Standardized_v2.1
MORTH23-11167,2023-11-18,15:31,Delhi/NCR,Guwahati,26.20153,91.73358,Clear,Two-Wheeler,Medium,0,1,Saturday,November,MoRTH_Standardized_v2.1
MORTH23-11168,2023-10-12,14:04,Telangana,Warangal,17.97111,79.59399,Clear,Two-Wheeler,Medium,0,0,Thursday,October,MoRTH_Standardized_v2.1
MORTH23-11169,2023-02-19,09:51,Uttar Pradesh,Lucknow,26.91202,80.92624,Rainy,Auto-Rickshaw,Medium,0,2,Sunday,February,MoRTH_Standardized_v2.1
MORTH23-11170,2023-01-02,21:18,Madhya Pradesh,Bhopal,23.2547,77.42049,Clear,Two-Wheeler,Medium,0,2,Monday,January,MoRTH_Standardized_v2.1
MORTH23-11171,2023-11-01,18:56,Delhi/NCR,Kolkata,22.57884,88.41382,Rainy,Two-Wheeler,Critical,3,6,Wednesday,November,MoRTH_Standardized_v2.1
MORTH23-11172,2023-09-22,20:34,Delhi/NCR,Delhi,28.6052,77.22392,Rainy,Two-Wheeler,Critical,2,3,Friday,September,MoRTH_Standardized_v2.1
MORTH23-11173,2023-11-20,01:17,Rajasthan,Jaipur,26.90616,75.79909,Foggy,Car/Jeep/Van,Critical,3,3,Monday,November,MoRTH_Standardized_v2.1
MORTH23-11174,2023-10-28,14:39,Telangana,Warangal,17.96783,79.60909,Clear,Two-Wheeler,High,1,1,Saturday,October,MoRTH_Standardized_v2.1
MORTH23-11175,2023-11-05,16:21,Uttar Pradesh,Lucknow,26.89592,80.94629,Clear,Truck/Lorry,High,1,1,Sunday,November,MoRTH_Standardized_v2.1
MORTH23-11176,2023-11-30,20:43,Uttar Pradesh,Agra,27.13922,77.89941,Clear,Two-Wheeler,High,0,2,Thursday,November,MoRTH_Standardized_v2.1
MORTH23-11177,2023-02-19,22:05,Uttar Pradesh,Kanpur,26.47217,80.38203,Clear,Two-Wheeler,Critical,2,4,Sunday,February,MoRTH_Standardized_v2.1
MORTH23-11178,2023-07-23,17:59,Kerala,Kozhikode,11.22703,75.82524,Rainy,Two-Wheeler,High,0,1,Sunday,July,MoRTH_Standardized_v2.1
MORTH23-11179,2023-08-31,12:59,Madhya Pradesh,Bhopal,23.2321,77.39235,Cloudy,Car/Jeep/Van,Low,0,2,Thursday,August,MoRTH_Standardized_v2.1
MORTH23-11180,2023-10-20,20:20,Tamil Nadu,Madurai,9.92189,78.08705,Clear,Two-Wheeler,Medium,0,1,Friday,October,MoRTH_Standardized_v2.1
MORTH23-11181,2023-10-30,00:38,Kerala,Kozhikode,11.2526,75.81538,Clear,Truck/Lorry,Critical,1,3,Monday,October,MoRTH_Standardized_v2.1
MORTH23-11182,2023-10-22,10:59,Tamil Nadu,Coimbatore,11.0103,76.94343,Clear,Two-Wheeler,Medium,0,2,Sunday,October,MoRTH_Standardized_v2.1
MORTH23-11183,2023-12-17,19:28,Tamil Nadu,Chennai,13.09577,80.23301,Clear,Car/Jeep/Van,Medium,0,0,Sunday,December,MoRTH_Standardized_v2.1
MORTH23-11184,2023-05-09,15:11,Delhi/NCR,Kolkata,22.57359,88.3675,Clear,Truck/Lorry,Medium,0,0,Tuesday,May,MoRTH_Standardized_v2.1
MORTH23-11185,2023-11-18,17:56,Telangana,Hyderabad,17.37951,78.49475,Clear,Auto-Rickshaw,Low,0,0,Saturday,November,MoRTH_Standardized_v2.1
MORTH23-11186,2023-01-20,19:13,Tamil Nadu,Coimbatore,11.00279,76.93148,Rainy,Auto-Rickshaw,High,1,2,Friday,January,MoRTH_Standardized_v2.1
MORTH23-11187,2023-11-15,19:50,Madhya Pradesh,Gwalior,26.2055,78.16972,Clear,Others,Low,0,2,Wednesday,November,MoRTH_Standardized_v2.1
MORTH23-11188,2023-09-13,08:26,Madhya Pradesh,Indore,22.73294,75.85736,Clear,Auto-Rickshaw,Low,0,0,Wednesday,September,MoRTH_Standardized_v2.1
MORTH23-11189,2023-01-28,06:34,Tamil Nadu,Coimbatore,11.05459,76.97326,Foggy,Auto-Rickshaw,Medium,0,2,Saturday,January,MoRTH_Standardized_v2.1
MORTH23-11190,2023-12-11,18:40,Tamil Nadu,Coimbatore,11.0642,76.93766,Clear,Car/Jeep/Van,Low,0,0,Monday,December,MoRTH_Standardized_v2.1
MORTH23-11191,2023-12-12,08:21,Madhya Pradesh,Bhopal,23.23466,77.44907,Clear,Two-Wheeler,Medium,0,0,Tuesday,December,MoRTH_Standardized_v2.1
MORTH23-11192,2023-06-05,23:59,Delhi/NCR,Delhi,28.6283,77.19661,Clear,Others,Low,0,2,Monday,June,MoRTH_Standardized_v2.1
MORTH23-11193,2023-02-13,01:46,Maharashtra,Mumbai,19.012,72.88514,Clear,Car/Jeep/Van,Low,0,2,Monday,February,MoRTH_Standardized_v2.1
MORTH23-11194,2023-01-07,20:06,Delhi/NCR,Guwahati,26.11728,91.7252,Clear,Two-Wheeler,High,1,4,Saturday,January,MoRTH_Standardized_v2.1
MORTH23-11195,2023-04-25,16:54,Madhya Pradesh,Gwalior,26.22611,78.14925,Clear,Two-Wheeler,Medium,0,2,Tuesday,April,MoRTH_Standardized_v2.1
MORTH23-11196,2023-12-23,15:50,Delhi/NCR,Guwahati,26.11999,91.71712,Clear,Car/Jeep/Van,Low,0,0,Saturday,December,MoRTH_Standardized_v2.1
MORTH23-11197,2023-11-01,07:48,Tamil Nadu,Madurai,9.92683,78.09507,Clear,Two-Wheeler,Medium,0,1,Wednesday,November,MoRTH_Standardized_v2.1
MORTH23-11198,2023-05-25,07:40,Delhi/NCR,Delhi,28.55488,77.20153,Clear,Bus,Medium,0,1,Thursday,May,MoRTH_Standardized_v2.1
MORTH23-11199,2023-09-08,05:54,Tamil Nadu,Chennai,13.05171,80.23453,Clear,Car/Jeep/Van,Medium,0,2,Friday,September,MoRTH_Standardized_v2.1
MORTH23-11200,2023-06-05,16:22,Kerala,Kochi,9.9311,76.28583,Clear,Two-Wheeler,Medium,0,0,Monday,June,MoRTH_Standardized_v2.1
MORTH23-11201,2023-06-02,23:43,Andhra Pradesh,Vijayawada,16.51221,80.69173,Clear,Bus,Medium,0,1,Friday,June,MoRTH_Standardized_v2.1
MORTH23-11202,2023-01-25,21:32,Delhi/NCR,Guwahati,26.15042,91.71813,Cloudy,Two-Wheeler,Medium,0,0,Wednesday,January,MoRTH_Standardized_v2.1
MORTH23-11203,2023-02-12,23:39,Tamil Nadu,Coimbatore,10.98098,76.93555,Clear,Truck/Lorry,Critical,1,2,Sunday,February,MoRTH_Standardized_v2.1
MORTH23-11204,2023-08-02,20:35,Delhi/NCR,Guwahati,26.12813,91.69918,Foggy,Bus,Medium,0,2,Wednesday,August,MoRTH_Standardized_v2.1
MORTH23-11205,2023-10-23,17:36,Uttar Pradesh,Lucknow,26.88041,80.94559,Foggy,Two-Wheeler,Critical,3,4,Monday,October,MoRTH_Standardized_v2.1
MORTH23-11206,2023-02-07,11:37,Karnataka,Bangalore,12.95084,77.62678,Clear,Car/Jeep/Van,Low,0,2,Tuesday,February,MoRTH_Standardized_v2.1
MORTH23-11207,2023-03-05,17:45,Kerala,Kochi,9.9083,76.25196,Clear,Auto-Rickshaw,Low,0,0,Sunday,March,MoRTH_Standardized_v2.1
MORTH23-11208,2023-02-21,11:32,Delhi/NCR,Guwahati,26.18587,91.75376,Cloudy,Two-Wheeler,Medium,0,1,Tuesday,February,MoRTH_Standardized_v2.1
MORTH23-11209,2023-08-20,07:57,Rajasthan,Jaipur,26.86157,75.74661,Clear,Two-Wheeler,High,0,2,Sunday,August,MoRTH_Standardized_v2.1
MORTH23-11210,2023-11-23,00:53,Uttar Pradesh,Agra,27.17732,78.00409,Cloudy,Others,Medium,0,0,Thursday,November,MoRTH_Standardized_v2.1
MORTH23-11211,2023-02-16,06:44,Tamil Nadu,Madurai,9.91751,78.10091,Clear,Auto-Rickshaw,Low,0,1,Thursday,February,MoRTH_Standardized_v2.1
MORTH23-11212,2023-01-16,10:29,Delhi/NCR,Delhi,28.60973,77.25975,Clear,Bus,Medium,0,0,Monday,January,MoRTH_Standardized_v2.1
MORTH23-11213,2023-03-09,13:38,Karnataka,Mysore,12.31964,76.62503,Clear,Car/Jeep/Van,Medium,0,1,Thursday,March,MoRTH_Standardized_v2.1
MORTH23-11214,2023-11-02,10:19,Uttar Pradesh,Kanpur,26.44684,80.33255,Clear,Auto-Rickshaw,Medium,0,2,Thursday,November,MoRTH_Standardized_v2.1
MORTH23-11215,2023-12-24,14:40,Madhya Pradesh,Bhopal,23.28896,77.41567,Rainy,Others,Medium,0,0,Sunday,December,MoRTH_Standardized_v2.1
MORTH23-11216,2023-08-03,15:22,Karnataka,Hubli,15.38153,75.05768,Clear,Two-Wheeler,Medium,0,2,Thursday,August,MoRTH_Standardized_v2.1
MORTH23-11217,2023-08-30,12:57,Karnataka,Mysore,12.26733,76.63259,Clear,Truck/Lorry,Medium,0,0,Wednesday,August,MoRTH_Standardized_v2.1
MORTH23-11218,2023-11-18,01:22,Tamil Nadu,Chennai,13.1348,80.29668,Cloudy,Two-Wheeler,Critical,3,4,Saturday,November,MoRTH_Standardized_v2.1
MORTH23-11219,2023-02-06,16:34,Delhi/NCR,Kolkata,22.59947,88.38251,Foggy,Two-Wheeler,Critical,2,6,Monday,February,MoRTH_Standardized_v2.1
MORTH23-11220,2023-08-25,18:47,Tamil Nadu,Coimbatore,11.01929,76.94096,Foggy,Two-Wheeler,High,0,4,Friday,August,MoRTH_Standardized_v2.1
MORTH23-11221,2023-01-12,21:48,Karnataka,Hubli,15.42799,75.09737,Foggy,Bus,Medium,0,0,Thursday,January,MoRTH_Standardized_v2.1
MORTH23-11222,2023-04-11,10:59,Kerala,Kochi,9.94848,76.30755,Clear,Bus,Low,0,2,Tuesday,April,MoRTH_Standardized_v2.1
MORTH23-11223,2023-12-27,10:39,Kerala,Thiruvananthapuram,8.55386,76.9278,Rainy,Car/Jeep/Van,High,1,1,Wednesday,December,MoRTH_Standardized_v2.1
MORTH23-11224,2023-12-01,21:47,Gujarat,Surat,21.18951,72.78545,Clear,Two-Wheeler,High,0,1,Friday,December,MoRTH_Standardized_v2.1
MORTH23-11225,2023-08-15,18:18,Gujarat,Ahmedabad,23.03793,72.5471,Rainy,Two-Wheeler,High,0,3,Tuesday,August,MoRTH_Standardized_v2.1
MORTH23-11226,2023-08-03,16:31,Karnataka,Bangalore,12.99277,77.6035,Clear,Two-Wheeler,Medium,0,2,Thursday,August,MoRTH_Standardized_v2.1
MORTH23-11227,2023-06-03,16:25,Rajasthan,Jodhpur,26.17899,72.99791,Clear,Car/Jeep/Van,Medium,0,0,Saturday,June,MoRTH_Standardized_v2.1
MORTH23-11228,2023-04-12,17:10,Tamil Nadu,Madurai,9.91648,78.10263,Clear,Two-Wheeler,Medium,0,2,Wednesday,April,MoRTH_Standardized_v2.1
MORTH23-11229,2023-11-22,17:48,Tamil Nadu,Coimbatore,11.00618,76.96429,Clear,Two-Wheeler,Medium,0,0,Wednesday,November,MoRTH_Standardized_v2.1
MORTH23-11230,2023-02-27,15:11,Rajasthan,Jaipur,26.93401,75.73465,Clear,Car/Jeep/Van,Medium,0,0,Monday,February,MoRTH_Standardized_v2.1
MORTH23-11231,2023-11-09,17:21,Tamil Nadu,Coimbatore,11.01102,76.90212,Clear,Auto-Rickshaw,Medium,0,2,Thursday,November,MoRTH_Standardized_v2.1
MORTH23-11232,2023-05-15,23:15,Kerala,Kochi,9.95833,76.27118,Clear,Two-Wheeler,High,0,4,Monday,May,MoRTH_Standardized_v2.1
MORTH23-11233,2023-04-27,09:28,Tamil Nadu,Chennai,13.17649,80.29386,Foggy,Two-Wheeler,High,0,4,Thursday,April,MoRTH_Standardized_v2.1
MORTH23-11234,2023-12-17,11:31,Rajasthan,Jaipur,26.9106,75.75719,Foggy,Truck/Lorry,High,1,3,Sunday,December,MoRTH_Standardized_v2.1
MORTH23-11235,2023-02-21,06:39,Uttar Pradesh,Agra,27.18962,78.0133,Clear,Two-Wheeler,Medium,0,1,Tuesday,February,MoRTH_Standardized_v2.1
MORTH23-11236,2023-11-06,17:01,Madhya Pradesh,Bhopal,23.23887,77.42217,Clear,Car/Jeep/Van,Medium,0,0,Monday,November,MoRTH_Standardized_v2.1
MORTH23-11237,2023-11-08,15:51,Madhya Pradesh,Gwalior,26.18686,78.17023,Clear,Auto-Rickshaw,Low,0,2,Wednesday,November,MoRTH_Standardized_v2.1
MORTH23-11238,2023-07-13,20:22,Tamil Nadu,Chennai,13.07534,80.26029,Cloudy,Truck/Lorry,Medium,0,0,Thursday,July,MoRTH_Standardized_v2.1
MORTH23-11239,2023-05-07,13:09,Delhi/NCR,Guwahati,26.16534,91.7837,Rainy,Auto-Rickshaw,High,0,4,Sunday,May,MoRTH_Standardized_v2.1
MORTH23-11240,2023-02-12,06:20,Delhi/NCR,Guwahati,26.15721,91.72041,Foggy,Car/Jeep/Van,High,1,1,Sunday,February,MoRTH_Standardized_v2.1
MORTH23-11241,2023-12-18,18:41,Madhya Pradesh,Gwalior,26.15555,78.19824,Clear,Two-Wheeler,High,0,4,Monday,December,MoRTH_Standardized_v2.1
MORTH23-11242,2023-10-24,19:30,Delhi/NCR,Guwahati,26.14719,91.75849,Foggy,Car/Jeep/Van,Medium,0,2,Tuesday,October,MoRTH_Standardized_v2.1
MORTH23-11243,2023-03-31,18:50,Delhi/NCR,Delhi,28.60442,77.25999,Clear,Two-Wheeler,High,0,3,Friday,March,MoRTH_Standardized_v2.1
MORTH23-11244,2023-10-08,10:46,Uttar Pradesh,Agra,27.13833,78.00253,Foggy,Car/Jeep/Van,Medium,0,2,Sunday,October,MoRTH_Standardized_v2.1
MORTH23-11245,2023-02-10,20:50,Tamil Nadu,Chennai,13.08011,80.32928,Clear,Car/Jeep/Van,Medium,0,0,Friday,February,MoRTH_Standardized_v2.1
MORTH23-11246,2023-07-13,14:33,Tamil Nadu,Chennai,13.05345,80.26391,Clear,Auto-Rickshaw,Low,0,0,Thursday,July,MoRTH_Standardized_v2.1
MORTH23-11247,2023-02-13,07:28,Madhya Pradesh,Gwalior,26.2153,78.17088,Clear,Two-Wheeler,High,0,2,Monday,February,MoRTH_Standardized_v2.1
MORTH23-11248,2023-01-12,19:44,Kerala,Kozhikode,11.28684,75.78793,Clear,Truck/Lorry,Medium,0,0,Thursday,January,MoRTH_Standardized_v2.1
MORTH23-11249,2023-01-03,16:59,Delhi/NCR,Delhi,28.60496,77.20206,Cloudy,Two-Wheeler,Medium,0,0,Tuesday,January,MoRTH_Standardized_v2.1
MORTH23-11250,2023-02-18,14:44,Karnataka,Mysore,12.35623,76.65189,Clear,Two-Wheeler,High,0,3,Saturday,February,MoRTH_Standardized_v2.1
MORTH23-11251,2023-05-19,08:47,Karnataka,Hubli,15.46058,75.13639,Clear,Others,Low,0,0,Friday,May,MoRTH_Standardized_v2.1
MORTH23-11252,2023-07-15,17:35,Tamil Nadu,Chennai,13.10647,80.28752,Clear,Others,Low,0,2,Saturday,July,MoRTH_Standardized_v2.1
MORTH23-11253,2023-08-13,16:32,Madhya Pradesh,Indore,22.72244,75.86433,Clear,Others,Low,0,1,Sunday,August,MoRTH_Standardized_v2.1
MORTH23-11254,2023-10-14,07:36,Maharashtra,Nagpur,21.10049,79.07944,Clear,Two-Wheeler,High,0,2,Saturday,October,MoRTH_Standardized_v2.1
MORTH23-11255,2023-01-20,16:04,Delhi/NCR,Kolkata,22.57531,88.30085,Clear,Auto-Rickshaw,Medium,0,1,Friday,January,MoRTH_Standardized_v2.1
MORTH23-11256,2023-06-03,16:53,Rajasthan,Jodhpur,26.22775,73.02553,Foggy,Others,High,0,3,Saturday,June,MoRTH_Standardized_v2.1
MORTH23-11257,2023-11-21,10:58,Telangana,Warangal,17.99492,79.54367,Clear,Two-Wheeler,High,0,2,Tuesday,November,MoRTH_Standardized_v2.1
MORTH23-11258,2023-01-09,18:38,Tamil Nadu,Coimbatore,11.03547,76.95417,Clear,Car/Jeep/Van,Medium,0,1,Monday,January,MoRTH_Standardized_v2.1
MORTH23-11259,2023-08-23,07:09,Kerala,Thiruvananthapuram,8.52061,76.93318,Clear,Two-Wheeler,Medium,0,2,Wednesday,August,MoRTH_Standardized_v2.1
MORTH23-11260,2023-08-02,20:30,Gujarat,Surat,21.12706,72.83403,Clear,Two-Wheeler,High,1,1,Wednesday,August,MoRTH_Standardized_v2.1
MORTH23-11261,2023-05-03,17:01,Karnataka,Bangalore,12.95658,77.57616,Rainy,Two-Wheeler,Critical,1,4,Wednesday,May,MoRTH_Standardized_v2.1
MORTH23-11262,2023-06-01,13:58,Andhra Pradesh,Visakhapatnam,17.66411,83.21478,Foggy,Two-Wheeler,Critical,1,2,Thursday,June,MoRTH_Standardized_v2.1
MORTH23-11263,2023-11-13,14:31,Telangana,Hyderabad,17.38447,78.46157,Clear,Two-Wheeler,High,1,2,Monday,November,MoRTH_Standardized_v2.1
MORTH23-11264,2023-01-27,15:03,Tamil Nadu,Coimbatore,11.03631,76.96002,Clear,Auto-Rickshaw,Low,0,1,Friday,January,MoRTH_Standardized_v2.1
MORTH23-11265,2023-10-22,12:06,Madhya Pradesh,Bhopal,23.22959,77.39196,Clear,Two-Wheeler,Medium,0,2,Sunday,October,MoRTH_Standardized_v2.1
MORTH23-11266,2023-07-05,17:16,Uttar Pradesh,Agra,27.208,78.04384,Rainy,Bus,High,0,2,Wednesday,July,MoRTH_Standardized_v2.1
MORTH23-11267,2023-07-27,10:06,Delhi/NCR,Guwahati,26.11791,91.71534,Cloudy,Two-Wheeler,Medium,0,2,Thursday,July,MoRTH_Standardized_v2.1
MORTH23-11268,2023-07-18,16:55,Rajasthan,Jodhpur,26.24247,72.97721,Clear,Auto-Rickshaw,Medium,0,2,Tuesday,July,MoRTH_Standardized_v2.1
MORTH23-11269,2023-12-10,03:31,Uttar Pradesh,Lucknow,26.7991,80.9249,Clear,Two-Wheeler,Critical,3,5,Sunday,December,MoRTH_Standardized_v2.1
MORTH23-11270,2023-09-16,08:27,Tamil Nadu,Madurai,9.89785,78.10513,Clear,Auto-Rickshaw,Low,0,0,Saturday,September,MoRTH_Standardized_v2.1
MORTH23-11271,2023-04-11,14:37,Delhi/NCR,Kolkata,22.55933,88.36838,Clear,Car/Jeep/Van,Low,0,0,Tuesday,April,MoRTH_Standardized_v2.1
MORTH23-11272,2023-07-08,11:31,Kerala,Kozhikode,11.2101,75.75203,Clear,Two-Wheeler,High,0,3,Saturday,July,MoRTH_Standardized_v2.1
MORTH23-11273,2023-10-29,08:02,Maharashtra,Pune,18.51803,73.88196,Rainy,Car/Jeep/Van,Medium,0,2,Sunday,October,MoRTH_Standardized_v2.1
MORTH23-11274,2023-06-02,02:22,Delhi/NCR,Kolkata,22.58318,88.3705,Clear,Bus,Medium,0,1,Friday,June,MoRTH_Standardized_v2.1
MORTH23-11275,2023-04-22,15:16,Tamil Nadu,Coimbatore,11.02622,77.02336,Clear,Others,Low,0,2,Saturday,April,MoRTH_Standardized_v2.1
MORTH23-11276,2023-05-13,14:15,Tamil Nadu,Madurai,9.93673,78.09038,Clear,Two-Wheeler,High,0,4,Saturday,May,MoRTH_Standardized_v2.1
MORTH23-11277,2023-10-07,20:40,Delhi/NCR,Guwahati,26.13623,91.74317,Clear,Two-Wheeler,High,0,3,Saturday,October,MoRTH_Standardized_v2.1
MORTH23-11278,2023-12-29,15:44,Madhya Pradesh,Bhopal,23.2956,77.44398,Clear,Others,Medium,0,0,Friday,December,MoRTH_Standardized_v2.1
MORTH23-11279,2023-05-24,15:35,Madhya Pradesh,Bhopal,23.28187,77.32962,Foggy,Truck/Lorry,High,0,1,Wednesday,May,MoRTH_Standardized_v2.1
MORTH23-11280,2023-03-28,16:33,Uttar Pradesh,Agra,27.19183,78.00772,Clear,Truck/Lorry,Medium,0,2,Tuesday,March,MoRTH_Standardized_v2.1
MORTH23-11281,2023-01-05,20:24,Uttar Pradesh,Agra,27.15371,78.00327,Clear,Two-Wheeler,Medium,0,1,Thursday,January,MoRTH_Standardized_v2.1
MORTH23-11282,2023-08-23,12:12,Tamil Nadu,Madurai,9.89483,78.10679,Clear,Auto-Rickshaw,Medium,0,0,Wednesday,August,MoRTH_Standardized_v2.1
MORTH23-11283,2023-03-18,13:30,Karnataka,Mysore,12.39765,76.66804,Clear,Two-Wheeler,Medium,0,1,Saturday,March,MoRTH_Standardized_v2.1
MORTH23-11284,2023-07-14,08:53,Delhi/NCR,Delhi,28.64632,77.22442,Clear,Two-Wheeler,Medium,0,1,Friday,July,MoRTH_Standardized_v2.1
MORTH23-11285,2023-07-21,17:52,Karnataka,Mysore,12.31339,76.64422,Clear,Car/Jeep/Van,Low,0,0,Friday,July,MoRTH_Standardized_v2.1
MORTH23-11286,2023-09-27,17:04,Maharashtra,Nagpur,21.13376,79.10391,Clear,Two-Wheeler,High,0,3,Wednesday,September,MoRTH_Standardized_v2.1
MORTH23-11287,2023-09-27,19:53,Karnataka,Mysore,12.26335,76.62521,Clear,Two-Wheeler,High,0,3,Wednesday,September,MoRTH_Standardized_v2.1
MORTH23-11288,2023-04-05,09:23,Karnataka,Hubli,15.39352,75.0808,Clear,Car/Jeep/Van,Low,0,2,Wednesday,April,MoRTH_Standardized_v2.1
MORTH23-11289,2023-06-06,02:00,Maharashtra,Pune,18.52898,73.89918,Clear,Bus,Medium,0,2,Tuesday,June,MoRTH_Standardized_v2.1
MORTH23-11290,2023-04-22,08:10,Telangana,Warangal,17.98821,79.66468,Clear,Two-Wheeler,Medium,0,1,Saturday,April,MoRTH_Standardized_v2.1
MORTH23-11291,2023-06-19,21:17,Karnataka,Bangalore,13.00089,77.60035,Clear,Two-Wheeler,High,0,3,Monday,June,MoRTH_Standardized_v2.1
MORTH23-11292,2023-12-05,16:07,Kerala,Thiruvananthapuram,8.53976,76.9436,Clear,Car/Jeep/Van,Low,0,0,Tuesday,December,MoRTH_Standardized_v2.1
MORTH23-11293,2023-04-29,18:01,Andhra Pradesh,Vijayawada,16.49355,80.65156,Clear,Others,Low,0,2,Saturday,April,MoRTH_Standardized_v2.1
MORTH23-11294,2023-07-09,12:18,Karnataka,Bangalore,12.91542,77.59126,Clear,Auto-Rickshaw,Low,0,2,Sunday,July,MoRTH_Standardized_v2.1
MORTH23-11295,2023-11-13,12:49,Delhi/NCR,Delhi,28.69559,77.1776,Clear,Two-Wheeler,Medium,0,1,Monday,November,MoRTH_Standardized_v2.1
MORTH23-11296,2023-05-27,19:44,Uttar Pradesh,Lucknow,26.77532,80.93997,Clear,Two-Wheeler,Medium,0,1,Saturday,May,MoRTH_Standardized_v2.1
MORTH23-11297,2023-07-20,14:36,Delhi/NCR,Kolkata,22.56671,88.35794,Rainy,Truck/Lorry,Critical,1,5,Thursday,July,MoRTH_Standardized_v2.1
MORTH23-11298,2023-06-15,10:04,Maharashtra,Pune,18.47564,73.85982,Cloudy,Truck/Lorry,Low,0,2,Thursday,June,MoRTH_Standardized_v2.1
MORTH23-11299,2023-01-29,18:13,Madhya Pradesh,Bhopal,23.26965,77.38426,Rainy,Two-Wheeler,High,0,3,Sunday,January,MoRTH_Standardized_v2.1
MORTH23-11300,2023-04-29,15:22,Maharashtra,Nagpur,21.09081,79.09731,Clear,Car/Jeep/Van,Low,0,1,Saturday,April,MoRTH_Standardized_v2.1
MORTH23-11301,2023-01-02,16:09,Karnataka,Mysore,12.30428,76.69098,Foggy,Truck/Lorry,High,0,3,Monday,January,MoRTH_Standardized_v2.1
MORTH23-11302,2023-02-15,10:51,Rajasthan,Jaipur,26.92433,75.78786,Clear,Two-Wheeler,High,0,1,Wednesday,February,MoRTH_Standardized_v2.1
MORTH23-11303,2023-01-02,13:16,Madhya Pradesh,Indore,22.73823,75.8878,Foggy,Auto-Rickshaw,High,0,2,Monday,January,MoRTH_Standardized_v2.1
MORTH23-11304,2023-04-12,23:36,Delhi/NCR,Kolkata,22.5775,88.39657,Clear,Two-Wheeler,High,0,4,Wednesday,April,MoRTH_Standardized_v2.1
MORTH23-11305,2023-03-03,21:41,Madhya Pradesh,Gwalior,26.18713,78.26472,Clear,Two-Wheeler,Medium,0,1,Friday,March,MoRTH_Standardized_v2.1
MORTH23-11306,2023-11-21,06:48,Karnataka,Hubli,15.4474,75.11205,Clear,Auto-Rickshaw,Low,0,0,Tuesday,November,MoRTH_Standardized_v2.1
MORTH23-11307,2023-03-30,07:10,Uttar Pradesh,Kanpur,26.47493,80.36153,Rainy,Two-Wheeler,Critical,1,4,Thursday,March,MoRTH_Standardized_v2.1
MORTH23-11308,2023-01-11,15:36,Rajasthan,Jodhpur,26.20011,73.03875,Clear,Two-Wheeler,High,1,4,Wednesday,January,MoRTH_Standardized_v2.1
MORTH23-11309,2023-11-07,06:40,Tamil Nadu,Coimbatore,11.00045,76.97588,Clear,Bus,Medium,0,0,Tuesday,November,MoRTH_Standardized_v2.1
MORTH23-11310,2023-03-30,09:11,Tamil Nadu,Coimbatore,11.007,76.96563,Clear,Two-Wheeler,High,1,2,Thursday,March,MoRTH_Standardized_v2.1
MORTH23-11311,2023-02-23,19:12,Delhi/NCR,Delhi,28.60753,77.21196,Clear,Truck/Lorry,High,0,1,Thursday,February,MoRTH_Standardized_v2.1
MORTH23-11312,2023-06-10,13:17,Tamil Nadu,Madurai,9.91352,78.142,Clear,Two-Wheeler,Medium,0,0,Saturday,June,MoRTH_Standardized_v2.1
MORTH23-11313,2023-02-13,19:43,Gujarat,Ahmedabad,22.98864,72.57053,Clear,Two-Wheeler,High,0,1,Monday,February,MoRTH_Standardized_v2.1
MORTH23-11314,2023-07-09,17:29,Telangana,Warangal,17.98866,79.60314,Foggy,Two-Wheeler,Critical,1,6,Sunday,July,MoRTH_Standardized_v2.1
MORTH23-11315,2023-04-01,08:19,Maharashtra,Pune,18.55852,73.89701,Clear,Two-Wheeler,High,0,4,Saturday,April,MoRTH_Standardized_v2.1
MORTH23-11316,2023-04-16,11:50,Tamil Nadu,Chennai,13.10909,80.20642,Foggy,Car/Jeep/Van,High,1,3,Sunday,April,MoRTH_Standardized_v2.1
MORTH23-11317,2023-01-21,20:52,Delhi/NCR,Delhi,28.59051,77.20959,Clear,Car/Jeep/Van,Low,0,0,Saturday,January,MoRTH_Standardized_v2.1
MORTH23-11318,2023-04-13,13:31,Uttar Pradesh,Agra,27.1438,77.98744,Clear,Auto-Rickshaw,Low,0,1,Thursday,April,MoRTH_Standardized_v2.1
MORTH23-11319,2023-11-10,11:22,Kerala,Kozhikode,11.24787,75.8121,Clear,Others,Low,0,1,Friday,November,MoRTH_Standardized_v2.1
MORTH23-11320,2023-08-07,10:26,Karnataka,Hubli,15.3425,75.13531,Clear,Car/Jeep/Van,Low,0,2,Monday,August,MoRTH_Standardized_v2.1
MORTH23-11321,2023-06-29,11:09,Delhi/NCR,Kolkata,22.54706,88.32995,Clear,Two-Wheeler,High,0,1,Thursday,June,MoRTH_Standardized_v2.1
MORTH23-11322,2023-04-10,18:27,Maharashtra,Pune,18.51402,73.85756,Foggy,Car/Jeep/Van,Medium,0,2,Monday,April,MoRTH_Standardized_v2.1
MORTH23-11323,2023-03-11,17:24,Karnataka,Mysore,12.25046,76.59442,Clear,Two-Wheeler,Medium,0,2,Saturday,March,MoRTH_Standardized_v2.1
MORTH23-11324,2023-09-06,11:10,Delhi/NCR,Kolkata,22.52973,88.30707,Clear,Two-Wheeler,High,0,4,Wednesday,September,MoRTH_Standardized_v2.1
MORTH23-11325,2023-10-20,11:47,Tamil Nadu,Coimbatore,11.00641,76.97355,Clear,Truck/Lorry,Medium,0,1,Friday,October,MoRTH_Standardized_v2.1
MORTH23-11326,2023-02-25,11:42,Maharashtra,Mumbai,19.03561,72.91716,Rainy,Two-Wheeler,High,1,2,Saturday,February,MoRTH_Standardized_v2.1
MORTH23-11327,2023-03-22,09:57,Andhra Pradesh,Vijayawada,16.48166,80.60119,Clear,Two-Wheeler,Medium,0,1,Wednesday,March,MoRTH_Standardized_v2.1
MORTH23-11328,2023-11-09,16:14,Delhi/NCR,Guwahati,26.12093,91.70044,Rainy,Auto-Rickshaw,Medium,0,0,Thursday,November,MoRTH_Standardized_v2.1
MORTH23-11329,2023-01-28,22:18,Kerala,Kozhikode,11.24088,75.7522,Clear,Two-Wheeler,High,0,2,Saturday,January,MoRTH_Standardized_v2.1
MORTH23-11330,2023-12-19,18:26,Delhi/NCR,Delhi,28.61496,77.22365,Foggy,Two-Wheeler,Critical,2,6,Tuesday,December,MoRTH_Standardized_v2.1
MORTH23-11331,2023-06-03,13:09,Tamil Nadu,Madurai,9.89052,78.06079,Clear,Bus,Medium,0,2,Saturday,June,MoRTH_Standardized_v2.1
MORTH23-11332,2023-10-27,20:11,Karnataka,Hubli,15.31682,75.08521,Clear,Car/Jeep/Van,Medium,0,2,Friday,October,MoRTH_Standardized_v2.1
MORTH23-11333,2023-04-16,10:36,Andhra Pradesh,Vijayawada,16.56338,80.6526,Clear,Others,Low,0,2,Sunday,April,MoRTH_Standardized_v2.1
MORTH23-11334,2023-09-19,17:17,Delhi/NCR,Guwahati,26.13589,91.77103,Cloudy,Two-Wheeler,High,0,1,Tuesday,September,MoRTH_Standardized_v2.1
MORTH23-11335,2023-05-30,20:44,Andhra Pradesh,Vijayawada,16.48751,80.68939,Clear,Two-Wheeler,Medium,0,1,Tuesday,May,MoRTH_Standardized_v2.1
MORTH23-11336,2023-06-09,18:27,Karnataka,Mysore,12.32049,76.65656,Clear,Truck/Lorry,Medium,0,1,Friday,June,MoRTH_Standardized_v2.1
MORTH23-11337,2023-03-06,09:45,Uttar Pradesh,Agra,27.17896,77.96865,Clear,Auto-Rickshaw,Low,0,0,Monday,March,MoRTH_Standardized_v2.1
MORTH23-11338,2023-08-12,12:19,Telangana,Hyderabad,17.37313,78.48059,Foggy,Car/Jeep/Van,Medium,0,2,Saturday,August,MoRTH_Standardized_v2.1
MORTH23-11339,2023-05-03,17:27,Madhya Pradesh,Bhopal,23.34183,77.4419,Clear,Others,Low,0,1,Wednesday,May,MoRTH_Standardized_v2.1
MORTH23-11340,2023-09-03,23:32,Maharashtra,Pune,18.51719,73.89177,Clear,Two-Wheeler,Critical,2,3,Sunday,September,MoRTH_Standardized_v2.1
MORTH23-11341,2023-05-08,15:53,Delhi/NCR,Kolkata,22.60323,88.38538,Clear,Auto-Rickshaw,Low,0,0,Monday,May,MoRTH_Standardized_v2.1
MORTH23-11342,2023-11-18,00:03,Kerala,Kochi,9.90962,76.25212,Clear,Auto-Rickshaw,Medium,0,0,Saturday,November,MoRTH_Standardized_v2.1
MORTH23-11343,2023-10-29,03:56,Madhya Pradesh,Indore,22.6942,75.86895,Clear,Truck/Lorry,Medium,0,0,Sunday,October,MoRTH_Standardized_v2.1
MORTH23-11344,2023-09-07,09:36,Delhi/NCR,Delhi,28.54357,77.23399,Clear,Two-Wheeler,Medium,0,2,Thursday,September,MoRTH_Standardized_v2.1
MORTH23-11345,2023-12-06,18:14,Gujarat,Ahmedabad,22.99435,72.6067,Foggy,Car/Jeep/Van,Medium,0,0,Wednesday,December,MoRTH_Standardized_v2.1
MORTH23-11346,2023-11-10,09:34,Maharashtra,Pune,18.51467,73.86616,Foggy,Two-Wheeler,Critical,1,4,Friday,November,MoRTH_Standardized_v2.1
MORTH23-11347,2023-05-13,13:57,Madhya Pradesh,Bhopal,23.28546,77.42447,Clear,Truck/Lorry,Medium,0,0,Saturday,May,MoRTH_Standardized_v2.1
MORTH23-11348,2023-07-25,10:09,Telangana,Hyderabad,17.39921,78.48395,Foggy,Others,High,0,1,Tuesday,July,MoRTH_Standardized_v2.1
MORTH23-11349,2023-02-18,20:06,Gujarat,Ahmedabad,23.01816,72.54074,Clear,Car/Jeep/Van,Low,0,1,Saturday,February,MoRTH_Standardized_v2.1
MORTH23-11350,2023-03-27,13:52,Tamil Nadu,Coimbatore,11.04238,76.99679,Clear,Auto-Rickshaw,Low,0,2,Monday,March,MoRTH_Standardized_v2.1
MORTH23-11351,2023-07-16,12:15,Rajasthan,Jaipur,26.9475,75.79752,Clear,Car/Jeep/Van,Low,0,2,Sunday,July,MoRTH_Standardized_v2.1
MORTH23-11352,2023-07-28,21:47,Delhi/NCR,Guwahati,26.1436,91.78884,Clear,Two-Wheeler,High,0,1,Friday,July,MoRTH_Standardized_v2.1
MORTH23-11353,2023-10-03,21:09,Rajasthan,Jaipur,26.96618,75.78285,Clear,Two-Wheeler,Medium,0,0,Tuesday,October,MoRTH_Standardized_v2.1
MORTH23-11354,2023-08-27,19:00,Delhi/NCR,Guwahati,26.09897,91.73879,Clear,Auto-Rickshaw,Low,0,0,Sunday,August,MoRTH_Standardized_v2.1
MORTH23-11355,2023-10-15,12:43,Gujarat,Ahmedabad,23.00908,72.63786,Rainy,Bus,Medium,0,2,Sunday,October,MoRTH_Standardized_v2.1
MORTH23-11356,2023-01-01,04:35,Kerala,Kochi,9.96335,76.32009,Rainy,Others,High,1,3,Sunday,January,MoRTH_Standardized_v2.1
MORTH23-11357,2023-06-23,20:12,Karnataka,Mysore,12.30379,76.67055,Rainy,Auto-Rickshaw,High,1,2,Friday,June,MoRTH_Standardized_v2.1
MORTH23-11358,2023-01-23,18:03,Karnataka,Bangalore,12.95167,77.60258,Clear,Two-Wheeler,Medium,0,2,Monday,January,MoRTH_Standardized_v2.1
MORTH23-11359,2023-12-06,20:10,Madhya Pradesh,Bhopal,23.22644,77.44547,Clear,Others,Medium,0,0,Wednesday,December,MoRTH_Standardized_v2.1
MORTH23-11360,2023-09-12,11:17,Tamil Nadu,Chennai,13.08654,80.28673,Clear,Two-Wheeler,Medium,0,2,Tuesday,September,MoRTH_Standardized_v2.1
MORTH23-11361,2023-07-29,10:59,Delhi/NCR,Guwahati,26.16379,91.77172,Clear,Car/Jeep/Van,Medium,0,1,Saturday,July,MoRTH_Standardized_v2.1
MORTH23-11362,2023-10-02,21:14,Karnataka,Mysore,12.28495,76.62761,Clear,Two-Wheeler,High,0,3,Monday,October,MoRTH_Standardized_v2.1
MORTH23-11363,2023-09-15,07:36,Andhra Pradesh,Visakhapatnam,17.70432,83.20353,Clear,Auto-Rickshaw,Low,0,2,Friday,September,MoRTH_Standardized_v2.1
MORTH23-11364,2023-08-26,16:27,Delhi/NCR,Guwahati,26.14523,91.71446,Clear,Others,Low,0,2,Saturday,August,MoRTH_Standardized_v2.1
MORTH23-11365,2023-07-01,04:57,Uttar Pradesh,Agra,27.17338,78.04336,Clear,Two-Wheeler,Critical,1,2,Saturday,July,MoRTH_Standardized_v2.1
MORTH23-11366,2023-11-11,08:01,Delhi/NCR,Delhi,28.61174,77.19141,Cloudy,Others,Low,0,0,Saturday,November,MoRTH_Standardized_v2.1
MORTH23-11367,2023-04-26,20:24,Karnataka,Mysore,12.26693,76.64072,Clear,Auto-Rickshaw,Low,0,0,Wednesday,April,MoRTH_Standardized_v2.1
MORTH23-11368,2023-03-30,07:56,Delhi/NCR,Guwahati,26.17465,91.79619,Clear,Two-Wheeler,High,0,2,Thursday,March,MoRTH_Standardized_v2.1
MORTH23-11369,2023-09-30,02:06,Maharashtra,Mumbai,19.10133,72.8393,Clear,Others,High,0,4,Saturday,September,MoRTH_Standardized_v2.1
MORTH23-11370,2023-08-02,09:07,Madhya Pradesh,Gwalior,26.21312,78.20609,Foggy,Two-Wheeler,High,1,4,Wednesday,August,MoRTH_Standardized_v2.1
MORTH23-11371,2023-08-06,16:48,Madhya Pradesh,Indore,22.75628,75.89716,Clear,Two-Wheeler,Medium,0,0,Sunday,August,MoRTH_Standardized_v2.1
MORTH23-11372,2023-11-02,19:19,Tamil Nadu,Chennai,13.06429,80.22592,Foggy,Auto-Rickshaw,High,1,3,Thursday,November,MoRTH_Standardized_v2.1
MORTH23-11373,2023-11-12,18:02,Tamil Nadu,Chennai,13.10571,80.28733,Clear,Auto-Rickshaw,Medium,0,2,Sunday,November,MoRTH_Standardized_v2.1
MORTH23-11374,2023-09-29,18:02,Kerala,Kochi,9.92828,76.28685,Foggy,Two-Wheeler,Critical,2,2,Friday,September,MoRTH_Standardized_v2.1
MORTH23-11375,2023-11-15,10:28,Karnataka,Hubli,15.36909,75.13627,Clear,Two-Wheeler,Medium,0,2,Wednesday,November,MoRTH_Standardized_v2.1
MORTH23-11376,2023-11-29,12:32,Karnataka,Mysore,12.25665,76.62916,Rainy,Truck/Lorry,High,0,4,Wednesday,November,MoRTH_Standardized_v2.1
MORTH23-11377,2023-09-24,18:37,Delhi/NCR,Guwahati,26.11928,91.72155,Clear,Car/Jeep/Van,Medium,0,2,Sunday,September,MoRTH_Standardized_v2.1
MORTH23-11378,2023-12-06,18:03,Gujarat,Surat,21.14767,72.80756,Clear,Two-Wheeler,High,0,3,Wednesday,December,MoRTH_Standardized_v2.1
MORTH23-11379,2023-07-02,18:03,Uttar Pradesh,Lucknow,26.82475,80.90337,Clear,Truck/Lorry,High,0,3,Sunday,July,MoRTH_Standardized_v2.1
MORTH23-11380,2023-12-23,12:08,Delhi/NCR,Delhi,28.55762,77.25538,Clear,Truck/Lorry,Low,0,2,Saturday,December,MoRTH_Standardized_v2.1
MORTH23-11381,2023-07-29,21:06,Delhi/NCR,Delhi,28.59882,77.24823,Rainy,Two-Wheeler,Critical,3,6,Saturday,July,MoRTH_Standardized_v2.1
MORTH23-11382,2023-03-03,19:51,Delhi/NCR,Guwahati,26.20399,91.72076,Clear,Two-Wheeler,Medium,0,2,Friday,March,MoRTH_Standardized_v2.1
MORTH23-11383,2023-01-19,18:02,Tamil Nadu,Madurai,9.94713,78.11645,Clear,Auto-Rickshaw,Low,0,2,Thursday,January,MoRTH_Standardized_v2.1
MORTH23-11384,2023-03-18,21:15,Uttar Pradesh,Kanpur,26.46235,80.35817,Clear,Auto-Rickshaw,Medium,0,0,Saturday,March,MoRTH_Standardized_v2.1
MORTH23-11385,2023-01-02,17:20,Karnataka,Bangalore,12.94642,77.63312,Clear,Two-Wheeler,Medium,0,0,Monday,January,MoRTH_Standardized_v2.1
MORTH23-11386,2023-11-04,04:16,Delhi/NCR,Kolkata,22.55259,88.38962,Foggy,Auto-Rickshaw,Critical,3,2,Saturday,November,MoRTH_Standardized_v2.1
MORTH23-11387,2023-05-24,13:24,Delhi/NCR,Delhi,28.61604,77.26018,Clear,Two-Wheeler,Medium,0,2,Wednesday,May,MoRTH_Standardized_v2.1
MORTH23-11388,2023-01-12,06:39,Maharashtra,Pune,18.50577,73.86606,Clear,Two-Wheeler,Medium,0,1,Thursday,January,MoRTH_Standardized_v2.1
MORTH23-11389,2023-01-15,08:43,Telangana,Hyderabad,17.36461,78.47924,Clear,Auto-Rickshaw,Low,0,0,Sunday,January,MoRTH_Standardized_v2.1
MORTH23-11390,2023-01-26,18:13,Rajasthan,Jodhpur,26.17786,73.04282,Cloudy,Two-Wheeler,High,1,4,Thursday,January,MoRTH_Standardized_v2.1
MORTH23-11391,2023-09-09,14:38,Delhi/NCR,Guwahati,26.08795,91.72355,Clear,Two-Wheeler,High,0,1,Saturday,September,MoRTH_Standardized_v2.1
MORTH23-11392,2023-08-27,13:37,Tamil Nadu,Coimbatore,10.99796,76.90651,Clear,Others,Medium,0,2,Sunday,August,MoRTH_Standardized_v2.1
MORTH23-11393,2023-01-20,07:19,Kerala,Kochi,9.93204,76.23754,Clear,Car/Jeep/Van,Low,0,2,Friday,January,MoRTH_Standardized_v2.1
MORTH23-11394,2023-07-25,15:54,Madhya Pradesh,Indore,22.69147,75.83848,Clear,Car/Jeep/Van,Low,0,0,Tuesday,July,MoRTH_Standardized_v2.1
MORTH23-11395,2023-06-02,13:50,Telangana,Warangal,17.8906,79.62288,Clear,Car/Jeep/Van,Low,0,1,Friday,June,MoRTH_Standardized_v2.1
MORTH23-11396,2023-07-04,09:39,Delhi/NCR,Guwahati,26.14645,91.71433,Foggy,Others,High,0,2,Tuesday,July,MoRTH_Standardized_v2.1
MORTH23-11397,2023-09-17,08:59,Delhi/NCR,Kolkata,22.57057,88.37397,Clear,Bus,Low,0,0,Sunday,September,MoRTH_Standardized_v2.1
MORTH23-11398,2023-02-04,13:58,Tamil Nadu,Chennai,13.09084,80.31609,Clear,Bus,Medium,0,0,Saturday,February,MoRTH_Standardized_v2.1
MORTH23-11399,2023-07-06,18:04,Andhra Pradesh,Vijayawada,16.52179,80.65909,Clear,Auto-Rickshaw,Low,0,1,Thursday,July,MoRTH_Standardized_v2.1
MORTH23-11400,2023-01-17,11:56,Uttar Pradesh,Agra,27.1791,78.09775,Clear,Truck/Lorry,High,0,3,Tuesday,January,MoRTH_Standardized_v2.1
MORTH23-11401,2023-12-25,16:11,Uttar Pradesh,Kanpur,26.38432,80.31954,Clear,Two-Wheeler,High,0,3,Monday,December,MoRTH_Standardized_v2.1
MORTH23-11402,2023-01-18,18:12,Tamil Nadu,Chennai,13.08309,80.27915,Foggy,Auto-Rickshaw,Medium,0,2,Wednesday,January,MoRTH_Standardized_v2.1
MORTH23-11403,2023-12-08,07:18,Madhya Pradesh,Gwalior,26.20867,78.17952,Clear,Truck/Lorry,Medium,0,2,Friday,December,MoRTH_Standardized_v2.1
MORTH23-11404,2023-05-28,00:12,Rajasthan,Jodhpur,26.21588,73.04753,Clear,Two-Wheeler,Critical,2,3,Sunday,May,MoRTH_Standardized_v2.1
MORTH23-11405,2023-04-17,03:01,Madhya Pradesh,Gwalior,26.22254,78.14193,Clear,Car/Jeep/Van,Low,0,1,Monday,April,MoRTH_Standardized_v2.1
MORTH23-11406,2023-11-04,13:40,Delhi/NCR,Kolkata,22.52571,88.32016,Clear,Truck/Lorry,Medium,0,2,Saturday,November,MoRTH_Standardized_v2.1
MORTH23-11407,2023-06-14,18:38,Karnataka,Mysore,12.30805,76.6726,Clear,Two-Wheeler,High,0,4,Wednesday,June,MoRTH_Standardized_v2.1
MORTH23-11408,2023-11-14,06:42,Delhi/NCR,Delhi,28.6193,77.22817,Rainy,Two-Wheeler,Critical,1,2,Tuesday,November,MoRTH_Standardized_v2.1
MORTH23-11409,2023-03-19,14:59,Rajasthan,Jaipur,26.84853,75.8032,Clear,Two-Wheeler,Medium,0,1,Sunday,March,MoRTH_Standardized_v2.1
MORTH23-11410,2023-09-28,16:35,Rajasthan,Jaipur,26.92523,75.79967,Rainy,Auto-Rickshaw,High,0,4,Thursday,September,MoRTH_Standardized_v2.1
MORTH23-11411,2023-01-28,18:11,Maharashtra,Nagpur,21.15563,79.0214,Clear,Two-Wheeler,Medium,0,2,Saturday,January,MoRTH_Standardized_v2.1
MORTH23-11412,2023-11-02,17:50,Rajasthan,Jodhpur,26.19116,73.03574,Clear,Car/Jeep/Van,Low,0,0,Thursday,November,MoRTH_Standardized_v2.1
MORTH23-11413,2023-03-16,08:37,Tamil Nadu,Chennai,13.02229,80.23251,Clear,Two-Wheeler,Medium,0,2,Thursday,March,MoRTH_Standardized_v2.1
MORTH23-11414,2023-01-26,19:17,Andhra Pradesh,Vijayawada,16.52054,80.62996,Clear,Car/Jeep/Van,Low,0,2,Thursday,January,MoRTH_Standardized_v2.1
MORTH23-11415,2023-04-05,16:38,Karnataka,Bangalore,13.00062,77.60565,Clear,Truck/Lorry,Medium,0,1,Wednesday,April,MoRTH_Standardized_v2.1
MORTH23-11416,2023-05-07,18:58,Madhya Pradesh,Gwalior,26.21653,78.19282,Clear,Auto-Rickshaw,Low,0,1,Sunday,May,MoRTH_Standardized_v2.1
MORTH23-11417,2023-11-09,03:58,Delhi/NCR,Kolkata,22.63983,88.38338,Clear,Auto-Rickshaw,Medium,0,2,Thursday,November,MoRTH_Standardized_v2.1
MORTH23-11418,2023-01-04,17:06,Uttar Pradesh,Kanpur,26.48155,80.33094,Cloudy,Two-Wheeler,Medium,0,2,Wednesday,January,MoRTH_Standardized_v2.1
MORTH23-11419,2023-03-13,18:46,Karnataka,Mysore,12.34195,76.64737,Cloudy,Two-Wheeler,High,0,1,Monday,March,MoRTH_Standardized_v2.1
MORTH23-11420,2023-07-09,18:38,Delhi/NCR,Delhi,28.68156,77.26494,Cloudy,Two-Wheeler,High,0,2,Sunday,July,MoRTH_Standardized_v2.1
MORTH23-11421,2023-11-08,11:51,Delhi/NCR,Kolkata,22.61395,88.36936,Foggy,Two-Wheeler,Critical,2,3,Wednesday,November,MoRTH_Standardized_v2.1
MORTH23-11422,2023-10-15,18:24,Kerala,Kochi,9.96926,76.29318,Clear,Two-Wheeler,High,1,3,Sunday,October,MoRTH_Standardized_v2.1
MORTH23-11423,2023-02-03,15:09,Rajasthan,Jodhpur,26.205,72.98739,Clear,Two-Wheeler,High,1,3,Friday,February,MoRTH_Standardized_v2.1
MORTH23-11424,2023-01-18,00:13,Delhi/NCR,Delhi,28.66104,77.2018,Clear,Car/Jeep/Van,Medium,0,2,Wednesday,January,MoRTH_Standardized_v2.1
MORTH23-11425,2023-11-14,05:03,Gujarat,Surat,21.19079,72.82431,Clear,Two-Wheeler,Medium,0,0,Tuesday,November,MoRTH_Standardized_v2.1
MORTH23-11426,2023-10-17,13:17,Madhya Pradesh,Indore,22.66296,75.93276,Clear,Bus,Medium,0,1,Tuesday,October,MoRTH_Standardized_v2.1
MORTH23-11427,2023-04-09,16:54,Uttar Pradesh,Kanpur,26.4824,80.26454,Clear,Two-Wheeler,High,0,4,Sunday,April,MoRTH_Standardized_v2.1
MORTH23-11428,2023-04-29,11:57,Madhya Pradesh,Bhopal,23.2366,77.42866,Clear,Car/Jeep/Van,Low,0,1,Saturday,April,MoRTH_Standardized_v2.1
MORTH23-11429,2023-11-26,18:35,Delhi/NCR,Delhi,28.65005,77.21063,Clear,Others,Low,0,1,Sunday,November,MoRTH_Standardized_v2.1
MORTH23-11430,2023-06-27,08:21,Delhi/NCR,Kolkata,22.58365,88.40729,Cloudy,Two-Wheeler,Medium,0,1,Tuesday,June,MoRTH_Standardized_v2.1
MORTH23-11431,2023-12-24,21:00,Uttar Pradesh,Agra,27.16876,77.99389,Clear,Two-Wheeler,Medium,0,2,Sunday,December,MoRTH_Standardized_v2.1
MORTH23-11432,2023-10-11,09:35,Maharashtra,Mumbai,19.07548,72.90004,Rainy,Truck/Lorry,High,0,4,Wednesday,October,MoRTH_Standardized_v2.1
MORTH23-11433,2023-10-18,16:08,Madhya Pradesh,Indore,22.74756,75.86532,Clear,Two-Wheeler,High,0,2,Wednesday,October,MoRTH_Standardized_v2.1
MORTH23-11434,2023-03-26,01:31,Tamil Nadu,Madurai,9.9387,78.08897,Clear,Truck/Lorry,High,1,1,Sunday,March,MoRTH_Standardized_v2.1
MORTH23-11435,2023-01-29,20:14,Tamil Nadu,Coimbatore,11.02813,76.97334,Clear,Auto-Rickshaw,Low,0,2,Sunday,January,MoRTH_Standardized_v2.1
MORTH23-11436,2023-06-10,17:51,Uttar Pradesh,Agra,27.2107,77.9843,Clear,Auto-Rickshaw,Low,0,0,Saturday,June,MoRTH_Standardized_v2.1
MORTH23-11437,2023-05-14,16:18,Delhi/NCR,Guwahati,26.1175,91.77873,Clear,Car/Jeep/Van,Low,0,1,Sunday,May,MoRTH_Standardized_v2.1
MORTH23-11438,2023-04-07,16:34,Tamil Nadu,Coimbatore,11.02165,76.99294,Clear,Two-Wheeler,High,0,1,Friday,April,MoRTH_Standardized_v2.1
MORTH23-11439,2023-01-31,05:04,Rajasthan,Jaipur,26.93974,75.77251,Clear,Two-Wheeler,Medium,0,0,Tuesday,January,MoRTH_Standardized_v2.1
MORTH23-11440,2023-06-11,15:45,Tamil Nadu,Madurai,9.90759,78.12849,Clear,Others,Low,0,2,Sunday,June,MoRTH_Standardized_v2.1
MORTH23-11441,2023-08-04,15:03,Rajasthan,Jaipur,26.91492,75.76898,Clear,Two-Wheeler,Medium,0,2,Friday,August,MoRTH_Standardized_v2.1
MORTH23-11442,2023-04-24,18:51,Delhi/NCR,Kolkata,22.57965,88.40574,Rainy,Truck/Lorry,Critical,1,5,Monday,April,MoRTH_Standardized_v2.1
MORTH23-11443,2023-01-08,08:01,Andhra Pradesh,Vijayawada,16.47715,80.65712,Clear,Others,Low,0,1,Sunday,January,MoRTH_Standardized_v2.1
MORTH23-11444,2023-07-15,15:23,Tamil Nadu,Madurai,9.96123,78.15428,Clear,Car/Jeep/Van,Medium,0,1,Saturday,July,MoRTH_Standardized_v2.1
MORTH23-11445,2023-04-10,16:55,Kerala,Thiruvananthapuram,8.60968,76.94104,Rainy,Car/Jeep/Van,High,0,4,Monday,April,MoRTH_Standardized_v2.1
MORTH23-11446,2023-02-21,19:59,Delhi/NCR,Guwahati,26.19497,91.73899,Clear,Bus,Medium,0,0,Tuesday,February,MoRTH_Standardized_v2.1
MORTH23-11447,2023-04-22,06:34,Gujarat,Ahmedabad,23.06431,72.54522,Clear,Two-Wheeler,Medium,0,2,Saturday,April,MoRTH_Standardized_v2.1
MORTH23-11448,2023-03-14,14:54,Telangana,Hyderabad,17.41334,78.53291,Cloudy,Car/Jeep/Van,Low,0,0,Tuesday,March,MoRTH_Standardized_v2.1
MORTH23-11449,2023-02-07,00:33,Karnataka,Bangalore,12.98821,77.52389,Clear,Two-Wheeler,High,0,2,Tuesday,February,MoRTH_Standardized_v2.1
MORTH23-11450,2023-02-24,18:38,Tamil Nadu,Coimbatore,11.01301,76.98169,Clear,Two-Wheeler,Medium,0,2,Friday,February,MoRTH_Standardized_v2.1
MORTH23-11451,2023-02-13,14:06,Maharashtra,Mumbai,19.09947,72.91304,Rainy,Car/Jeep/Van,Medium,0,1,Monday,February,MoRTH_Standardized_v2.1
MORTH23-11452,2023-01-25,19:23,Delhi/NCR,Guwahati,26.14597,91.74226,Clear,Car/Jeep/Van,Low,0,1,Wednesday,January,MoRTH_Standardized_v2.1
MORTH23-11453,2023-12-10,06:33,Uttar Pradesh,Kanpur,26.43497,80.305,Clear,Auto-Rickshaw,Low,0,0,Sunday,December,MoRTH_Standardized_v2.1
MORTH23-11454,2023-10-31,09:52,Maharashtra,Nagpur,21.05504,79.09935,Clear,Two-Wheeler,Medium,0,1,Tuesday,October,MoRTH_Standardized_v2.1
MORTH23-11455,2023-01-13,15:04,Karnataka,Hubli,15.3957,75.13607,Cloudy,Car/Jeep/Van,Low,0,1,Friday,January,MoRTH_Standardized_v2.1
MORTH23-11456,2023-06-11,09:02,Gujarat,Surat,21.1656,72.83052,Rainy,Two-Wheeler,Critical,2,3,Sunday,June,MoRTH_Standardized_v2.1
MORTH23-11457,2023-02-15,20:49,Maharashtra,Nagpur,21.14116,79.11221,Cloudy,Bus,Low,0,0,Wednesday,February,MoRTH_Standardized_v2.1
MORTH23-11458,2023-02-23,19:52,Tamil Nadu,Coimbatore,11.07315,76.92987,Clear,Bus,Low,0,0,Thursday,February,MoRTH_Standardized_v2.1
MORTH23-11459,2023-10-10,12:15,Andhra Pradesh,Visakhapatnam,17.70328,83.19555,Clear,Truck/Lorry,Medium,0,0,Tuesday,October,MoRTH_Standardized_v2.1
MORTH23-11460,2023-03-05,16:29,Maharashtra,Mumbai,19.10598,72.93431,Clear,Two-Wheeler,High,0,1,Sunday,March,MoRTH_Standardized_v2.1
MORTH23-11461,2023-07-06,07:38,Delhi/NCR,Guwahati,26.18564,91.72487,Clear,Two-Wheeler,High,1,3,Thursday,July,MoRTH_Standardized_v2.1
MORTH23-11462,2023-06-30,14:38,Delhi/NCR,Kolkata,22.50141,88.40084,Clear,Two-Wheeler,High,0,4,Friday,June,MoRTH_Standardized_v2.1
MORTH23-11463,2023-04-29,15:41,Delhi/NCR,Delhi,28.61049,77.20559,Clear,Truck/Lorry,High,0,4,Saturday,April,MoRTH_Standardized_v2.1
MORTH23-11464,2023-03-24,19:14,Kerala,Kozhikode,11.262,75.85204,Rainy,Two-Wheeler,Critical,2,2,Friday,March,MoRTH_Standardized_v2.1
MORTH23-11465,2023-09-07,07:02,Telangana,Hyderabad,17.41685,78.44035,Cloudy,Two-Wheeler,Medium,0,2,Thursday,September,MoRTH_Standardized_v2.1
MORTH23-11466,2023-08-21,00:09,Karnataka,Mysore,12.28574,76.65424,Clear,Truck/Lorry,Critical,1,4,Monday,August,MoRTH_Standardized_v2.1
MORTH23-11467,2023-07-03,17:39,Kerala,Kozhikode,11.27053,75.79262,Clear,Two-Wheeler,High,1,1,Monday,July,MoRTH_Standardized_v2.1
MORTH23-11468,2023-03-18,06:15,Uttar Pradesh,Kanpur,26.45831,80.28678,Clear,Two-Wheeler,Medium,0,2,Saturday,March,MoRTH_Standardized_v2.1
MORTH23-11469,2023-01-27,19:20,Madhya Pradesh,Gwalior,26.2559,78.20627,Rainy,Car/Jeep/Van,Medium,0,1,Friday,January,MoRTH_Standardized_v2.1
MORTH23-11470,2023-08-08,18:06,Maharashtra,Mumbai,19.12208,72.88345,Clear,Others,Medium,0,2,Tuesday,August,MoRTH_Standardized_v2.1
MORTH23-11471,2023-08-15,14:56,Madhya Pradesh,Indore,22.72728,75.88077,Clear,Two-Wheeler,Medium,0,0,Tuesday,August,MoRTH_Standardized_v2.1
MORTH23-11472,2023-06-20,09:44,Tamil Nadu,Coimbatore,11.01879,76.98927,Clear,Truck/Lorry,Low,0,1,Tuesday,June,MoRTH_Standardized_v2.1
MORTH23-11473,2023-05-22,23:39,Delhi/NCR,Delhi,28.59302,77.21071,Clear,Two-Wheeler,Critical,3,5,Monday,May,MoRTH_Standardized_v2.1
MORTH23-11474,2023-02-03,22:20,Delhi/NCR,Guwahati,26.11538,91.74726,Cloudy,Truck/Lorry,Critical,2,6,Friday,February,MoRTH_Standardized_v2.1
MORTH23-11475,2023-09-04,16:07,Uttar Pradesh,Agra,27.20573,78.01378,Clear,Auto-Rickshaw,Medium,0,2,Monday,September,MoRTH_Standardized_v2.1
MORTH23-11476,2023-07-21,17:15,Uttar Pradesh,Lucknow,26.83931,80.94611,Clear,Two-Wheeler,Medium,0,0,Friday,July,MoRTH_Standardized_v2.1
MORTH23-11477,2023-10-07,04:28,Madhya Pradesh,Bhopal,23.24601,77.43032,Clear,Two-Wheeler,High,0,1,Saturday,October,MoRTH_Standardized_v2.1
MORTH23-11478,2023-09-10,17:02,Karnataka,Hubli,15.3836,75.12577,Clear,Truck/Lorry,Medium,0,0,Sunday,September,MoRTH_Standardized_v2.1
MORTH23-11479,2023-05-16,22:03,Tamil Nadu,Madurai,9.91752,78.11622,Clear,Truck/Lorry,Medium,0,2,Tuesday,May,MoRTH_Standardized_v2.1
MORTH23-11480,2023-03-03,14:16,Maharashtra,Mumbai,19.08173,72.88276,Clear,Bus,Low,0,0,Friday,March,MoRTH_Standardized_v2.1
MORTH23-11481,2023-04-26,19:43,Delhi/NCR,Guwahati,26.13164,91.82128,Clear,Two-Wheeler,Medium,0,1,Wednesday,April,MoRTH_Standardized_v2.1
MORTH23-11482,2023-02-16,17:41,Madhya Pradesh,Indore,22.7016,75.86173,Clear,Auto-Rickshaw,Low,0,1,Thursday,February,MoRTH_Standardized_v2.1
MORTH23-11483,2023-05-02,18:43,Maharashtra,Nagpur,21.14509,79.10306,Rainy,Auto-Rickshaw,High,0,3,Tuesday,May,MoRTH_Standardized_v2.1
MORTH23-11484,2023-03-31,22:42,Delhi/NCR,Guwahati,26.14061,91.7163,Clear,Two-Wheeler,Critical,3,5,Friday,March,MoRTH_Standardized_v2.1
MORTH23-11485,2023-02-25,19:57,Karnataka,Hubli,15.39392,75.13917,Clear,Two-Wheeler,High,0,1,Saturday,February,MoRTH_Standardized_v2.1
MORTH23-11486,2023-05-22,13:35,Maharashtra,Pune,18.53809,73.84573,Clear,Car/Jeep/Van,Low,0,2,Monday,May,MoRTH_Standardized_v2.1
MORTH23-11487,2023-02-07,00:53,Uttar Pradesh,Lucknow,26.86712,80.93359,Clear,Car/Jeep/Van,Medium,0,1,Tuesday,February,MoRTH_Standardized_v2.1
MORTH23-11488,2023-03-19,08:34,Delhi/NCR,Kolkata,22.56415,88.40968,Clear,Auto-Rickshaw,Medium,0,2,Sunday,March,MoRTH_Standardized_v2.1
MORTH23-11489,2023-03-22,06:48,Delhi/NCR,Delhi,28.64635,77.21266,Clear,Others,Low,0,1,Wednesday,March,MoRTH_Standardized_v2.1
MORTH23-11490,2023-06-16,23:15,Tamil Nadu,Madurai,9.92822,78.12998,Clear,Truck/Lorry,High,1,4,Friday,June,MoRTH_Standardized_v2.1
MORTH23-11491,2023-01-16,11:13,Andhra Pradesh,Vijayawada,16.49385,80.66153,Clear,Bus,Medium,0,1,Monday,January,MoRTH_Standardized_v2.1
MORTH23-11492,2023-05-17,08:40,Karnataka,Bangalore,12.99926,77.59126,Clear,Truck/Lorry,Medium,0,0,Wednesday,May,MoRTH_Standardized_v2.1
MORTH23-11493,2023-08-26,19:51,Madhya Pradesh,Indore,22.69908,75.84961,Clear,Two-Wheeler,Medium,0,0,Saturday,August,MoRTH_Standardized_v2.1
MORTH23-11494,2023-12-29,14:51,Delhi/NCR,Guwahati,26.18474,91.77916,Clear,Others,Low,0,1,Friday,December,MoRTH_Standardized_v2.1
MORTH23-11495,2023-07-08,06:06,Madhya Pradesh,Bhopal,23.30664,77.44385,Clear,Two-Wheeler,Medium,0,2,Saturday,July,MoRTH_Standardized_v2.1
MORTH23-11496,2023-12-22,17:01,Uttar Pradesh,Agra,27.18472,77.99671,Rainy,Two-Wheeler,Critical,1,5,Friday,December,MoRTH_Standardized_v2.1
MORTH23-11497,2023-12-23,04:13,Kerala,Kozhikode,11.28099,75.80325,Clear,Truck/Lorry,Medium,0,1,Saturday,December,MoRTH_Standardized_v2.1
MORTH23-11498,2023-09-02,14:27,Karnataka,Bangalore,12.98816,77.5862,Clear,Two-Wheeler,Medium,0,2,Saturday,September,MoRTH_Standardized_v2.1
MORTH23-11499,2023-08-16,20:47,Delhi/NCR,Delhi,28.61291,77.24281,Clear,Bus,Low,0,2,Wednesday,August,MoRTH_Standardized_v2.1
MORTH23-11500,2023-10-26,20:54,Maharashtra,Nagpur,21.15867,79.05938,Clear,Truck/Lorry,Medium,0,0,Thursday,October,MoRTH_Standardized_v2.1
MORTH23-11501,2023-07-24,09:31,Rajasthan,Jodhpur,26.21484,73.07386,Clear,Auto-Rickshaw,Low,0,1,Monday,July,MoRTH_Standardized_v2.1
MORTH23-11502,2023-01-30,19:50,Delhi/NCR,Guwahati,26.15027,91.7584,Rainy,Truck/Lorry,High,0,1,Monday,January,MoRTH_Standardized_v2.1
MORTH23-11503,2023-04-30,15:18,Delhi/NCR,Kolkata,22.54861,88.40623,Cloudy,Two-Wheeler,Medium,0,0,Sunday,April,MoRTH_Standardized_v2.1
MORTH23-11504,2023-07-12,23:41,Karnataka,Bangalore,12.97647,77.58889,Clear,Car/Jeep/Van,Medium,0,2,Wednesday,July,MoRTH_Standardized_v2.1
MORTH23-11505,2023-11-07,12:00,Tamil Nadu,Coimbatore,11.01651,76.96237,Clear,Others,Low,0,0,Tuesday,November,MoRTH_Standardized_v2.1
MORTH23-11506,2023-01-31,18:55,Karnataka,Mysore,12.29027,76.63516,Clear,Auto-Rickshaw,Medium,0,1,Tuesday,January,MoRTH_Standardized_v2.1
MORTH23-11507,2023-06-14,11:34,Karnataka,Mysore,12.27194,76.68043,Clear,Two-Wheeler,Medium,0,0,Wednesday,June,MoRTH_Standardized_v2.1
MORTH23-11508,2023-07-07,12:31,Andhra Pradesh,Visakhapatnam,17.68991,83.23322,Clear,Two-Wheeler,High,1,4,Friday,July,MoRTH_Standardized_v2.1
MORTH23-11509,2023-06-12,13:05,Andhra Pradesh,Visakhapatnam,17.72323,83.20138,Clear,Car/Jeep/Van,Medium,0,0,Monday,June,MoRTH_Standardized_v2.1
MORTH23-11510,2023-09-19,21:26,Uttar Pradesh,Kanpur,26.43651,80.37776,Clear,Car/Jeep/Van,Low,0,1,Tuesday,September,MoRTH_Standardized_v2.1
MORTH23-11511,2023-07-15,22:58,Andhra Pradesh,Visakhapatnam,17.68383,83.16714,Clear,Two-Wheeler,High,1,4,Saturday,July,MoRTH_Standardized_v2.1
MORTH23-11512,2023-02-11,22:53,Madhya Pradesh,Indore,22.70668,75.88294,Clear,Two-Wheeler,Critical,2,3,Saturday,February,MoRTH_Standardized_v2.1
MORTH23-11513,2023-07-22,14:31,Delhi/NCR,Guwahati,26.14586,91.72142,Rainy,Truck/Lorry,High,0,4,Saturday,July,MoRTH_Standardized_v2.1
MORTH23-11514,2023-10-27,10:09,Maharashtra,Mumbai,19.07083,72.89624,Clear,Truck/Lorry,Medium,0,2,Friday,October,MoRTH_Standardized_v2.1
MORTH23-11515,2023-02-08,14:29,Delhi/NCR,Guwahati,26.13129,91.71904,Clear,Two-Wheeler,Medium,0,0,Wednesday,February,MoRTH_Standardized_v2.1
MORTH23-11516,2023-02-27,21:21,Madhya Pradesh,Indore,22.72784,75.83816,Clear,Others,Low,0,1,Monday,February,MoRTH_Standardized_v2.1
MORTH23-11517,2023-01-23,07:50,Uttar Pradesh,Lucknow,26.86168,80.9389,Clear,Two-Wheeler,High,1,2,Monday,January,MoRTH_Standardized_v2.1
MORTH23-11518,2023-08-06,03:05,Uttar Pradesh,Agra,27.18662,77.95365,Clear,Two-Wheeler,High,0,2,Sunday,August,MoRTH_Standardized_v2.1
MORTH23-11519,2023-08-01,18:39,Tamil Nadu,Coimbatore,11.02004,76.88574,Clear,Two-Wheeler,High,0,4,Tuesday,August,MoRTH_Standardized_v2.1
MORTH23-11520,2023-03-23,13:32,Maharashtra,Nagpur,21.13395,79.11247,Clear,Two-Wheeler,High,0,1,Thursday,March,MoRTH_Standardized_v2.1
MORTH23-11521,2023-05-04,01:51,Delhi/NCR,Delhi,28.57453,77.23741,Clear,Truck/Lorry,High,1,2,Thursday,May,MoRTH_Standardized_v2.1
MORTH23-11522,2023-10-26,18:23,Andhra Pradesh,Visakhapatnam,17.69405,83.24672,Clear,Two-Wheeler,High,0,1,Thursday,October,MoRTH_Standardized_v2.1
MORTH23-11523,2023-12-14,18:37,Telangana,Warangal,17.99245,79.60239,Clear,Bus,Low,0,2,Thursday,December,MoRTH_Standardized_v2.1
MORTH23-11524,2023-05-17,23:16,Delhi/NCR,Guwahati,26.10657,91.70855,Cloudy,Car/Jeep/Van,Medium,0,0,Wednesday,May,MoRTH_Standardized_v2.1
MORTH23-11525,2023-02-24,09:52,Tamil Nadu,Madurai,9.91811,78.12565,Clear,Two-Wheeler,Medium,0,2,Friday,February,MoRTH_Standardized_v2.1
MORTH23-11526,2023-10-23,17:01,Kerala,Kozhikode,11.22267,75.80838,Clear,Others,Medium,0,0,Monday,October,MoRTH_Standardized_v2.1
MORTH23-11527,2023-12-06,11:16,Tamil Nadu,Coimbatore,11.01299,76.96806,Clear,Two-Wheeler,High,0,2,Wednesday,December,MoRTH_Standardized_v2.1
MORTH23-11528,2023-10-25,16:33,Telangana,Warangal,17.95458,79.62206,Clear,Truck/Lorry,Medium,0,0,Wednesday,October,MoRTH_Standardized_v2.1
MORTH23-11529,2023-07-03,13:27,Kerala,Thiruvananthapuram,8.55277,76.94829,Clear,Others,Low,0,0,Monday,July,MoRTH_Standardized_v2.1
MORTH23-11530,2023-12-11,01:20,Delhi/NCR,Guwahati,26.12634,91.77821,Clear,Car/Jeep/Van,Medium,0,0,Monday,December,MoRTH_Standardized_v2.1
MORTH23-11531,2023-04-07,16:46,Gujarat,Surat,21.15549,72.91943,Clear,Car/Jeep/Van,Low,0,0,Friday,April,MoRTH_Standardized_v2.1
MORTH23-11532,2023-06-15,19:23,Telangana,Hyderabad,17.39235,78.49338,Cloudy,Two-Wheeler,High,0,2,Thursday,June,MoRTH_Standardized_v2.1
MORTH23-11533,2023-03-13,12:41,Karnataka,Hubli,15.37907,75.09268,Clear,Two-Wheeler,Medium,0,0,Monday,March,MoRTH_Standardized_v2.1
MORTH23-11534,2023-06-07,13:40,Madhya Pradesh,Indore,22.70354,75.86082,Rainy,Truck/Lorry,High,0,4,Wednesday,June,MoRTH_Standardized_v2.1
MORTH23-11535,2023-02-13,17:05,Delhi/NCR,Guwahati,26.11138,91.75852,Clear,Car/Jeep/Van,Low,0,2,Monday,February,MoRTH_Standardized_v2.1
MORTH23-11536,2023-03-12,17:25,Andhra Pradesh,Vijayawada,16.47116,80.689,Clear,Truck/Lorry,Low,0,2,Sunday,March,MoRTH_Standardized_v2.1
MORTH23-11537,2023-05-10,18:46,Madhya Pradesh,Bhopal,23.27755,77.46189,Clear,Two-Wheeler,High,0,1,Wednesday,May,MoRTH_Standardized_v2.1
MORTH23-11538,2023-10-27,21:00,Maharashtra,Nagpur,21.12913,79.07207,Clear,Two-Wheeler,High,0,4,Friday,October,MoRTH_Standardized_v2.1
MORTH23-11539,2023-03-21,12:17,Tamil Nadu,Madurai,9.90496,78.12196,Cloudy,Two-Wheeler,Medium,0,1,Tuesday,March,MoRTH_Standardized_v2.1
MORTH23-11540,2023-11-06,17:14,Uttar Pradesh,Kanpur,26.40982,80.33945,Clear,Auto-Rickshaw,Medium,0,2,Monday,November,MoRTH_Standardized_v2.1
MORTH23-11541,2023-07-10,11:08,Karnataka,Hubli,15.34693,75.13502,Clear,Truck/Lorry,High,0,3,Monday,July,MoRTH_Standardized_v2.1
MORTH23-11542,2023-09-21,15:05,Delhi/NCR,Kolkata,22.58577,88.37952,Clear,Auto-Rickshaw,Low,0,2,Thursday,September,MoRTH_Standardized_v2.1
MORTH23-11543,2023-05-21,21:03,Andhra Pradesh,Vijayawada,16.45961,80.65602,Clear,Two-Wheeler,Medium,0,2,Sunday,May,MoRTH_Standardized_v2.1
MORTH23-11544,2023-11-16,08:24,Tamil Nadu,Madurai,9.97214,78.08096,Clear,Others,Low,0,1,Thursday,November,MoRTH_Standardized_v2.1
MORTH23-11545,2023-03-26,11:46,Uttar Pradesh,Lucknow,26.77881,80.85776,Foggy,Two-Wheeler,High,0,4,Sunday,March,MoRTH_Standardized_v2.1
MORTH23-11546,2023-11-26,12:32,Telangana,Hyderabad,17.38422,78.49818,Clear,Car/Jeep/Van,Low,0,2,Sunday,November,MoRTH_Standardized_v2.1
MORTH23-11547,2023-09-05,06:53,Delhi/NCR,Delhi,28.61266,77.23523,Cloudy,Others,Low,0,1,Tuesday,September,MoRTH_Standardized_v2.1
MORTH23-11548,2023-03-20,17:51,Uttar Pradesh,Agra,27.16476,78.05344,Clear,Two-Wheeler,Medium,0,0,Monday,March,MoRTH_Standardized_v2.1
MORTH23-11549,2023-05-03,09:56,Maharashtra,Pune,18.58017,73.93255,Clear,Two-Wheeler,Medium,0,1,Wednesday,May,MoRTH_Standardized_v2.1
MORTH23-11550,2023-07-31,01:23,Rajasthan,Jaipur,26.90545,75.79122,Clear,Two-Wheeler,High,0,3,Monday,July,MoRTH_Standardized_v2.1
MORTH23-11551,2023-11-21,09:20,Telangana,Hyderabad,17.35283,78.51114,Clear,Two-Wheeler,Medium,0,0,Tuesday,November,MoRTH_Standardized_v2.1
MORTH23-11552,2023-12-07,09:23,Karnataka,Mysore,12.23673,76.61491,Clear,Car/Jeep/Van,Low,0,1,Thursday,December,MoRTH_Standardized_v2.1
MORTH23-11553,2023-03-02,09:12,Rajasthan,Jodhpur,26.25716,73.05125,Clear,Truck/Lorry,Low,0,1,Thursday,March,MoRTH_Standardized_v2.1
MORTH23-11554,2023-10-22,13:52,Delhi/NCR,Guwahati,26.1203,91.79545,Clear,Two-Wheeler,High,0,1,Sunday,October,MoRTH_Standardized_v2.1
MORTH23-11555,2023-02-11,10:09,Karnataka,Hubli,15.32093,75.08855,Clear,Two-Wheeler,High,0,4,Saturday,February,MoRTH_Standardized_v2.1
MORTH23-11556,2023-10-21,16:33,Madhya Pradesh,Gwalior,26.18187,78.1908,Clear,Two-Wheeler,Medium,0,1,Saturday,October,MoRTH_Standardized_v2.1
MORTH23-11557,2023-01-06,01:26,Tamil Nadu,Chennai,13.09915,80.24784,Clear,Two-Wheeler,High,0,3,Friday,January,MoRTH_Standardized_v2.1
MORTH23-11558,2023-04-20,05:25,Delhi/NCR,Kolkata,22.59605,88.33825,Foggy,Auto-Rickshaw,Medium,0,0,Thursday,April,MoRTH_Standardized_v2.1
MORTH23-11559,2023-05-20,19:31,Rajasthan,Jaipur,26.8963,75.78158,Rainy,Truck/Lorry,Critical,3,4,Saturday,May,MoRTH_Standardized_v2.1
MORTH23-11560,2023-06-10,15:36,Karnataka,Hubli,15.40748,75.18077,Clear,Car/Jeep/Van,Low,0,0,Saturday,June,MoRTH_Standardized_v2.1
MORTH23-11561,2023-03-24,08:48,Uttar Pradesh,Kanpur,26.39642,80.33987,Clear,Two-Wheeler,High,1,2,Friday,March,MoRTH_Standardized_v2.1
MORTH23-11562,2023-10-15,15:56,Tamil Nadu,Coimbatore,11.05816,76.94474,Clear,Car/Jeep/Van,Medium,0,0,Sunday,October,MoRTH_Standardized_v2.1
MORTH23-11563,2023-11-19,11:23,Andhra Pradesh,Visakhapatnam,17.69194,83.22601,Clear,Two-Wheeler,High,1,4,Sunday,November,MoRTH_Standardized_v2.1
MORTH23-11564,2023-12-01,18:02,Uttar Pradesh,Agra,27.14145,77.99874,Clear,Two-Wheeler,Medium,0,0,Friday,December,MoRTH_Standardized_v2.1
MORTH23-11565,2023-02-11,06:54,Kerala,Kozhikode,11.26157,75.71568,Rainy,Two-Wheeler,Critical,1,3,Saturday,February,MoRTH_Standardized_v2.1
MORTH23-11566,2023-01-26,18:47,Tamil Nadu,Madurai,9.95171,78.12534,Clear,Two-Wheeler,High,0,4,Thursday,January,MoRTH_Standardized_v2.1
MORTH23-11567,2023-08-30,07:47,Uttar Pradesh,Lucknow,26.7807,80.92495,Clear,Two-Wheeler,Medium,0,1,Wednesday,August,MoRTH_Standardized_v2.1
MORTH23-11568,2023-05-25,20:15,Delhi/NCR,Delhi,28.63103,77.22467,Clear,Two-Wheeler,Medium,0,2,Thursday,May,MoRTH_Standardized_v2.1
MORTH23-11569,2023-09-22,19:38,Tamil Nadu,Madurai,9.93474,78.1509,Clear,Auto-Rickshaw,Low,0,2,Friday,September,MoRTH_Standardized_v2.1
MORTH23-11570,2023-09-11,06:08,Kerala,Thiruvananthapuram,8.50323,76.9329,Clear,Car/Jeep/Van,Low,0,2,Monday,September,MoRTH_Standardized_v2.1
MORTH23-11571,2023-01-06,20:06,Karnataka,Hubli,15.3239,75.06395,Clear,Two-Wheeler,High,0,2,Friday,January,MoRTH_Standardized_v2.1
MORTH23-11572,2023-12-23,18:41,Tamil Nadu,Madurai,9.94874,78.06618,Clear,Auto-Rickshaw,Medium,0,1,Saturday,December,MoRTH_Standardized_v2.1
MORTH23-11573,2023-01-19,06:12,Tamil Nadu,Madurai,10.00756,78.17865,Clear,Truck/Lorry,Medium,0,1,Thursday,January,MoRTH_Standardized_v2.1
MORTH23-11574,2023-06-05,05:02,Kerala,Kozhikode,11.23575,75.77191,Clear,Two-Wheeler,High,0,3,Monday,June,MoRTH_Standardized_v2.1
MORTH23-11575,2023-10-26,16:23,Delhi/NCR,Delhi,28.61206,77.22271,Clear,Car/Jeep/Van,Medium,0,1,Thursday,October,MoRTH_Standardized_v2.1
MORTH23-11576,2023-03-11,17:23,Madhya Pradesh,Gwalior,26.26433,78.13679,Cloudy,Bus,Low,0,0,Saturday,March,MoRTH_Standardized_v2.1
MORTH23-11577,2023-11-29,15:31,Gujarat,Surat,21.14894,72.85212,Clear,Others,Low,0,0,Wednesday,November,MoRTH_Standardized_v2.1
MORTH23-11578,2023-11-02,20:30,Uttar Pradesh,Agra,27.19553,78.05845,Cloudy,Others,Low,0,2,Thursday,November,MoRTH_Standardized_v2.1
MORTH23-11579,2023-06-24,14:17,Maharashtra,Mumbai,19.04738,72.89328,Clear,Two-Wheeler,Medium,0,0,Saturday,June,MoRTH_Standardized_v2.1
MORTH23-11580,2023-06-13,15:53,Delhi/NCR,Delhi,28.54334,77.14396,Rainy,Two-Wheeler,High,0,4,Tuesday,June,MoRTH_Standardized_v2.1
MORTH23-11581,2023-04-20,11:55,Delhi/NCR,Delhi,28.59803,77.15633,Cloudy,Auto-Rickshaw,Low,0,2,Thursday,April,MoRTH_Standardized_v2.1
MORTH23-11582,2023-08-06,11:47,Rajasthan,Jodhpur,26.24274,73.07985,Clear,Auto-Rickshaw,Low,0,2,Sunday,August,MoRTH_Standardized_v2.1
MORTH23-11583,2023-10-18,15:40,Uttar Pradesh,Agra,27.23432,77.9909,Rainy,Two-Wheeler,Critical,1,5,Wednesday,October,MoRTH_Standardized_v2.1
MORTH23-11584,2023-11-04,15:48,Telangana,Warangal,17.91939,79.57541,Clear,Car/Jeep/Van,Low,0,0,Saturday,November,MoRTH_Standardized_v2.1
MORTH23-11585,2023-10-21,16:59,Uttar Pradesh,Agra,27.22313,78.00747,Clear,Auto-Rickshaw,Low,0,0,Saturday,October,MoRTH_Standardized_v2.1
MORTH23-11586,2023-04-16,23:33,Telangana,Warangal,17.98954,79.56101,Clear,Bus,High,0,4,Sunday,April,MoRTH_Standardized_v2.1
MORTH23-11587,2023-01-07,14:03,Delhi/NCR,Delhi,28.65225,77.21843,Clear,Truck/Lorry,Medium,0,2,Saturday,January,MoRTH_Standardized_v2.1
MORTH23-11588,2023-09-04,06:29,Maharashtra,Pune,18.50345,73.85396,Clear,Bus,Low,0,1,Monday,September,MoRTH_Standardized_v2.1
MORTH23-11589,2023-12-18,00:43,Gujarat,Ahmedabad,23.05857,72.60528,Clear,Two-Wheeler,High,0,3,Monday,December,MoRTH_Standardized_v2.1
MORTH23-11590,2023-11-15,16:09,Uttar Pradesh,Kanpur,26.43299,80.37249,Clear,Bus,Low,0,1,Wednesday,November,MoRTH_Standardized_v2.1
MORTH23-11591,2023-03-02,21:20,Delhi/NCR,Guwahati,26.15934,91.75279,Clear,Two-Wheeler,High,0,2,Thursday,March,MoRTH_Standardized_v2.1
MORTH23-11592,2023-08-07,12:16,Rajasthan,Jodhpur,26.25478,73.01104,Foggy,Truck/Lorry,High,1,3,Monday,August,MoRTH_Standardized_v2.1
MORTH23-11593,2023-06-20,11:39,Delhi/NCR,Kolkata,22.53526,88.38535,Clear,Truck/Lorry,Medium,0,1,Tuesday,June,MoRTH_Standardized_v2.1
MORTH23-11594,2023-04-11,11:17,Delhi/NCR,Kolkata,22.61475,88.33508,Clear,Bus,Low,0,0,Tuesday,April,MoRTH_Standardized_v2.1
MORTH23-11595,2023-07-27,11:07,Kerala,Kochi,9.91029,76.25987,Clear,Two-Wheeler,Medium,0,2,Thursday,July,MoRTH_Standardized_v2.1
MORTH23-11596,2023-10-05,09:20,Maharashtra,Pune,18.54433,73.90215,Foggy,Two-Wheeler,Critical,2,2,Thursday,October,MoRTH_Standardized_v2.1
MORTH23-11597,2023-02-04,22:19,Madhya Pradesh,Bhopal,23.22911,77.37787,Clear,Others,Medium,0,1,Saturday,February,MoRTH_Standardized_v2.1
MORTH23-11598,2023-04-11,15:04,Delhi/NCR,Kolkata,22.57871,88.28501,Foggy,Car/Jeep/Van,Medium,0,2,Tuesday,April,MoRTH_Standardized_v2.1
MORTH23-11599,2023-08-13,17:02,Karnataka,Hubli,15.43716,75.14316,Rainy,Auto-Rickshaw,Medium,0,2,Sunday,August,MoRTH_Standardized_v2.1
MORTH23-11600,2023-02-06,21:41,Delhi/NCR,Delhi,28.63128,77.23104,Cloudy,Two-Wheeler,Medium,0,0,Monday,February,MoRTH_Standardized_v2.1
MORTH23-11601,2023-10-15,19:30,Telangana,Hyderabad,17.36882,78.446,Clear,Two-Wheeler,High,0,2,Sunday,October,MoRTH_Standardized_v2.1
MORTH23-11602,2023-01-10,19:15,Rajasthan,Jaipur,26.87142,75.77419,Foggy,Car/Jeep/Van,Medium,0,2,Tuesday,January,MoRTH_Standardized_v2.1
MORTH23-11603,2023-07-07,08:01,Madhya Pradesh,Indore,22.78322,75.85168,Clear,Two-Wheeler,Medium,0,0,Friday,July,MoRTH_Standardized_v2.1
MORTH23-11604,2023-02-28,08:04,Rajasthan,Jodhpur,26.22025,73.07725,Clear,Car/Jeep/Van,Low,0,2,Tuesday,February,MoRTH_Standardized_v2.1
MORTH23-11605,2023-04-30,20:55,Gujarat,Surat,21.17839,72.86154,Clear,Two-Wheeler,Medium,0,1,Sunday,April,MoRTH_Standardized_v2.1
MORTH23-11606,2023-11-29,02:13,Telangana,Hyderabad,17.31471,78.50044,Foggy,Two-Wheeler,Critical,1,4,Wednesday,November,MoRTH_Standardized_v2.1
MORTH23-11607,2023-12-07,14:02,Karnataka,Mysore,12.38644,76.6535,Clear,Truck/Lorry,Medium,0,0,Thursday,December,MoRTH_Standardized_v2.1
MORTH23-11608,2023-09-26,16:46,Tamil Nadu,Chennai,13.08689,80.22936,Clear,Auto-Rickshaw,Low,0,0,Tuesday,September,MoRTH_Standardized_v2.1
MORTH23-11609,2023-01-13,10:18,Delhi/NCR,Guwahati,26.13527,91.78167,Clear,Truck/Lorry,Medium,0,2,Friday,January,MoRTH_Standardized_v2.1
MORTH23-11610,2023-03-29,17:22,Delhi/NCR,Kolkata,22.5903,88.39758,Clear,Two-Wheeler,High,1,4,Wednesday,March,MoRTH_Standardized_v2.1
MORTH23-11611,2023-07-29,07:45,Madhya Pradesh,Bhopal,23.185,77.41595,Rainy,Two-Wheeler,Critical,3,4,Saturday,July,MoRTH_Standardized_v2.1
MORTH23-11612,2023-11-15,20:59,Rajasthan,Jaipur,26.85733,75.80973,Clear,Truck/Lorry,Medium,0,1,Wednesday,November,MoRTH_Standardized_v2.1
MORTH23-11613,2023-12-18,08:38,Karnataka,Bangalore,13.02508,77.63012,Clear,Two-Wheeler,High,1,1,Monday,December,MoRTH_Standardized_v2.1
MORTH23-11614,2023-04-22,21:43,Uttar Pradesh,Agra,27.19383,77.995,Clear,Two-Wheeler,High,1,2,Saturday,April,MoRTH_Standardized_v2.1
MORTH23-11615,2023-01-17,20:39,Rajasthan,Jaipur,26.88414,75.79281,Clear,Others,Low,0,2,Tuesday,January,MoRTH_Standardized_v2.1
MORTH23-11616,2023-12-06,17:12,Delhi/NCR,Kolkata,22.56182,88.40055,Clear,Two-Wheeler,Medium,0,0,Wednesday,December,MoRTH_Standardized_v2.1
MORTH23-11617,2023-08-28,16:10,Uttar Pradesh,Kanpur,26.46154,80.30802,Clear,Car/Jeep/Van,Low,0,0,Monday,August,MoRTH_Standardized_v2.1
MORTH23-11618,2023-12-08,18:13,Gujarat,Ahmedabad,23.01756,72.59921,Clear,Others,Low,0,0,Friday,December,MoRTH_Standardized_v2.1
MORTH23-11619,2023-10-14,23:35,Kerala,Kozhikode,11.23987,75.77387,Rainy,Bus,High,1,1,Saturday,October,MoRTH_Standardized_v2.1
MORTH23-11620,2023-08-19,17:12,Gujarat,Surat,21.17348,72.8738,Clear,Truck/Lorry,High,1,3,Saturday,August,MoRTH_Standardized_v2.1
MORTH23-11621,2023-04-07,11:30,Delhi/NCR,Delhi,28.59352,77.19704,Cloudy,Auto-Rickshaw,Low,0,1,Friday,April,MoRTH_Standardized_v2.1
MORTH23-11622,2023-09-30,17:40,Maharashtra,Nagpur,21.18645,79.1156,Clear,Two-Wheeler,Medium,0,2,Saturday,September,MoRTH_Standardized_v2.1
MORTH23-11623,2023-03-27,17:29,Madhya Pradesh,Gwalior,26.23516,78.13269,Clear,Two-Wheeler,Medium,0,1,Monday,March,MoRTH_Standardized_v2.1
MORTH23-11624,2023-02-03,02:01,Delhi/NCR,Delhi,28.60599,77.17672,Clear,Two-Wheeler,Critical,1,6,Friday,February,MoRTH_Standardized_v2.1
MORTH23-11625,2023-07-15,23:39,Karnataka,Hubli,15.37122,75.08695,Foggy,Two-Wheeler,Critical,2,3,Saturday,July,MoRTH_Standardized_v2.1
MORTH23-11626,2023-06-06,10:32,Delhi/NCR,Guwahati,26.16827,91.73297,Clear,Bus,Low,0,1,Tuesday,June,MoRTH_Standardized_v2.1
MORTH23-11627,2023-07-12,23:18,Kerala,Kochi,9.97625,76.25076,Rainy,Two-Wheeler,Critical,3,6,Wednesday,July,MoRTH_Standardized_v2.1
MORTH23-11628,2023-03-01,13:33,Tamil Nadu,Coimbatore,11.02079,76.9103,Clear,Two-Wheeler,Medium,0,2,Wednesday,March,MoRTH_Standardized_v2.1
MORTH23-11629,2023-10-25,08:07,Delhi/NCR,Guwahati,26.15931,91.71101,Cloudy,Two-Wheeler,High,0,4,Wednesday,October,MoRTH_Standardized_v2.1
MORTH23-11630,2023-03-23,10:56,Uttar Pradesh,Lucknow,26.89043,80.97122,Cloudy,Two-Wheeler,High,0,3,Thursday,March,MoRTH_Standardized_v2.1
MORTH23-11631,2023-10-08,10:50,Karnataka,Mysore,12.2836,76.67078,Clear,Auto-Rickshaw,Low,0,2,Sunday,October,MoRTH_Standardized_v2.1
MORTH23-11632,2023-09-05,10:37,Kerala,Kochi,9.9164,76.216,Clear,Two-Wheeler,Medium,0,0,Tuesday,September,MoRTH_Standardized_v2.1
MORTH23-11633,2023-08-15,08:56,Gujarat,Surat,21.17977,72.86481,Clear,Two-Wheeler,High,0,4,Tuesday,August,MoRTH_Standardized_v2.1
MORTH23-11634,2023-10-12,15:50,Tamil Nadu,Coimbatore,11.01136,76.93125,Clear,Two-Wheeler,High,0,4,Thursday,October,MoRTH_Standardized_v2.1
MORTH23-11635,2023-12-22,10:18,Tamil Nadu,Coimbatore,11.01839,76.96236,Clear,Others,Low,0,2,Friday,December,MoRTH_Standardized_v2.1
MORTH23-11636,2023-07-24,06:43,Uttar Pradesh,Kanpur,26.48711,80.33213,Clear,Two-Wheeler,High,0,1,Monday,July,MoRTH_Standardized_v2.1
MORTH23-11637,2023-10-19,07:47,Tamil Nadu,Madurai,9.89839,78.14212,Clear,Bus,Medium,0,0,Thursday,October,MoRTH_Standardized_v2.1
MORTH23-11638,2023-03-14,09:22,Karnataka,Mysore,12.28863,76.66724,Clear,Others,Low,0,2,Tuesday,March,MoRTH_Standardized_v2.1
MORTH23-11639,2023-03-24,18:05,Andhra Pradesh,Vijayawada,16.50239,80.61744,Clear,Two-Wheeler,Medium,0,1,Friday,March,MoRTH_Standardized_v2.1
MORTH23-11640,2023-09-03,14:31,Delhi/NCR,Delhi,28.60226,77.22859,Clear,Auto-Rickshaw,Medium,0,0,Sunday,September,MoRTH_Standardized_v2.1
MORTH23-11641,2023-09-25,07:18,Karnataka,Bangalore,12.98315,77.61342,Clear,Others,Medium,0,2,Monday,September,MoRTH_Standardized_v2.1
MORTH23-11642,2023-10-05,17:44,Karnataka,Hubli,15.40291,75.16926,Clear,Others,Low,0,0,Thursday,October,MoRTH_Standardized_v2.1
MORTH23-11643,2023-04-26,12:34,Tamil Nadu,Chennai,13.0751,80.23227,Cloudy,Two-Wheeler,Medium,0,2,Wednesday,April,MoRTH_Standardized_v2.1
MORTH23-11644,2023-08-06,04:15,Karnataka,Bangalore,12.98147,77.65099,Rainy,Two-Wheeler,Critical,1,4,Sunday,August,MoRTH_Standardized_v2.1
MORTH23-11645,2023-07-11,14:24,Telangana,Hyderabad,17.44488,78.53403,Clear,Bus,Low,0,0,Tuesday,July,MoRTH_Standardized_v2.1
MORTH23-11646,2023-01-04,12:43,Kerala,Thiruvananthapuram,8.52937,76.93984,Clear,Bus,Low,0,1,Wednesday,January,MoRTH_Standardized_v2.1
MORTH23-11647,2023-03-31,09:53,Kerala,Thiruvananthapuram,8.50507,76.93004,Rainy,Truck/Lorry,Critical,1,3,Friday,March,MoRTH_Standardized_v2.1
MORTH23-11648,2023-03-09,05:59,Telangana,Warangal,17.9745,79.58921,Clear,Bus,Low,0,1,Thursday,March,MoRTH_Standardized_v2.1
MORTH23-11649,2023-06-22,18:44,Tamil Nadu,Madurai,9.91195,78.10479,Clear,Two-Wheeler,Medium,0,2,Thursday,June,MoRTH_Standardized_v2.1
MORTH23-11650,2023-05-11,19:12,Uttar Pradesh,Kanpur,26.44319,80.36261,Clear,Others,Low,0,0,Thursday,May,MoRTH_Standardized_v2.1
MORTH23-11651,2023-12-08,14:28,Uttar Pradesh,Lucknow,26.77312,80.95551,Clear,Car/Jeep/Van,Low,0,0,Friday,December,MoRTH_Standardized_v2.1
MORTH23-11652,2023-01-30,17:46,Rajasthan,Jodhpur,26.16664,73.04135,Clear,Others,Medium,0,1,Monday,January,MoRTH_Standardized_v2.1
MORTH23-11653,2023-11-24,14:18,Rajasthan,Jodhpur,26.22389,73.04513,Clear,Car/Jeep/Van,Low,0,1,Friday,November,MoRTH_Standardized_v2.1
MORTH23-11654,2023-05-03,14:23,Delhi/NCR,Guwahati,26.14149,91.72617,Foggy,Car/Jeep/Van,Medium,0,1,Wednesday,May,MoRTH_Standardized_v2.1
MORTH23-11655,2023-06-15,06:40,Rajasthan,Jaipur,26.96366,75.78295,Clear,Two-Wheeler,High,0,1,Thursday,June,MoRTH_Standardized_v2.1
MORTH23-11656,2023-04-21,18:29,Delhi/NCR,Guwahati,26.12203,91.69757,Clear,Two-Wheeler,High,0,4,Friday,April,MoRTH_Standardized_v2.1
MORTH23-11657,2023-05-24,21:56,Delhi/NCR,Kolkata,22.5528,88.34886,Clear,Two-Wheeler,High,1,4,Wednesday,May,MoRTH_Standardized_v2.1
MORTH23-11658,2023-10-22,11:08,Karnataka,Mysore,12.31073,76.60987,Rainy,Bus,High,1,1,Sunday,October,MoRTH_Standardized_v2.1
MORTH23-11659,2023-08-21,11:31,Karnataka,Hubli,15.32788,75.12047,Clear,Truck/Lorry,Medium,0,2,Monday,August,MoRTH_Standardized_v2.1
MORTH23-11660,2023-05-30,10:29,Uttar Pradesh,Agra,27.2066,78.01448,Clear,Car/Jeep/Van,Low,0,0,Tuesday,May,MoRTH_Standardized_v2.1
MORTH23-11661,2023-12-30,03:41,Kerala,Thiruvananthapuram,8.5524,76.97188,Clear,Others,Low,0,0,Saturday,December,MoRTH_Standardized_v2.1
MORTH23-11662,2023-01-31,16:38,Karnataka,Bangalore,12.94675,77.63699,Clear,Two-Wheeler,Medium,0,2,Tuesday,January,MoRTH_Standardized_v2.1
MORTH23-11663,2023-08-08,06:45,Uttar Pradesh,Lucknow,26.83598,80.9299,Clear,Two-Wheeler,High,0,4,Tuesday,August,MoRTH_Standardized_v2.1
MORTH23-11664,2023-07-11,19:16,Delhi/NCR,Guwahati,26.19442,91.66562,Clear,Two-Wheeler,High,1,4,Tuesday,July,MoRTH_Standardized_v2.1
MORTH23-11665,2023-02-20,18:50,Kerala,Kochi,9.936,76.27891,Clear,Others,Low,0,2,Monday,February,MoRTH_Standardized_v2.1
MORTH23-11666,2023-08-12,14:33,Madhya Pradesh,Gwalior,26.27423,78.19092,Clear,Two-Wheeler,High,0,4,Saturday,August,MoRTH_Standardized_v2.1
MORTH23-11667,2023-06-14,07:16,Tamil Nadu,Coimbatore,11.04543,76.96959,Rainy,Two-Wheeler,Critical,1,3,Wednesday,June,MoRTH_Standardized_v2.1
MORTH23-11668,2023-05-19,07:56,Maharashtra,Mumbai,19.07853,72.89899,Clear,Car/Jeep/Van,Low,0,2,Friday,May,MoRTH_Standardized_v2.1
MORTH23-11669,2023-04-19,16:01,Tamil Nadu,Chennai,13.1115,80.2879,Clear,Truck/Lorry,Low,0,0,Wednesday,April,MoRTH_Standardized_v2.1
MORTH23-11670,2023-11-12,14:07,Kerala,Thiruvananthapuram,8.51957,76.91388,Clear,Car/Jeep/Van,Low,0,2,Sunday,November,MoRTH_Standardized_v2.1
MORTH23-11671,2023-01-14,07:10,Telangana,Warangal,18.0242,79.58069,Rainy,Two-Wheeler,High,0,3,Saturday,January,MoRTH_Standardized_v2.1
MORTH23-11672,2023-10-24,12:48,Delhi/NCR,Guwahati,26.15813,91.7253,Clear,Car/Jeep/Van,Low,0,0,Tuesday,October,MoRTH_Standardized_v2.1
MORTH23-11673,2023-04-29,20:45,Rajasthan,Jodhpur,26.21251,73.02546,Cloudy,Two-Wheeler,High,1,3,Saturday,April,MoRTH_Standardized_v2.1
MORTH23-11674,2023-01-05,07:22,Karnataka,Bangalore,12.96307,77.61754,Clear,Bus,Low,0,0,Thursday,January,MoRTH_Standardized_v2.1
MORTH23-11675,2023-05-16,09:37,Karnataka,Hubli,15.38671,75.17936,Clear,Car/Jeep/Van,Medium,0,2,Tuesday,May,MoRTH_Standardized_v2.1
MORTH23-11676,2023-02-07,10:43,Gujarat,Ahmedabad,23.01723,72.56392,Clear,Two-Wheeler,High,1,3,Tuesday,February,MoRTH_Standardized_v2.1
MORTH23-11677,2023-10-13,15:06,Delhi/NCR,Kolkata,22.51381,88.38212,Clear,Car/Jeep/Van,Medium,0,2,Friday,October,MoRTH_Standardized_v2.1
MORTH23-11678,2023-03-15,15:32,Delhi/NCR,Guwahati,26.21195,91.70485,Clear,Two-Wheeler,Medium,0,2,Wednesday,March,MoRTH_Standardized_v2.1
MORTH23-11679,2023-11-11,16:04,Andhra Pradesh,Vijayawada,16.4783,80.62089,Clear,Truck/Lorry,Medium,0,2,Saturday,November,MoRTH_Standardized_v2.1
MORTH23-11680,2023-10-11,21:10,Uttar Pradesh,Lucknow,26.83525,80.97123,Clear,Bus,Low,0,0,Wednesday,October,MoRTH_Standardized_v2.1
MORTH23-11681,2023-02-14,13:37,Tamil Nadu,Coimbatore,11.00015,76.96008,Clear,Truck/Lorry,Medium,0,1,Tuesday,February,MoRTH_Standardized_v2.1
MORTH23-11682,2023-11-28,16:24,Maharashtra,Mumbai,19.10742,72.89006,Foggy,Two-Wheeler,Critical,2,3,Tuesday,November,MoRTH_Standardized_v2.1
MORTH23-11683,2023-06-22,18:35,Rajasthan,Jaipur,26.92603,75.72443,Clear,Truck/Lorry,Medium,0,0,Thursday,June,MoRTH_Standardized_v2.1
MORTH23-11684,2023-07-01,05:19,Maharashtra,Nagpur,21.12466,79.04991,Clear,Two-Wheeler,High,0,3,Saturday,July,MoRTH_Standardized_v2.1
MORTH23-11685,2023-01-04,17:23,Uttar Pradesh,Kanpur,26.49656,80.3427,Foggy,Auto-Rickshaw,Medium,0,2,Wednesday,January,MoRTH_Standardized_v2.1
MORTH23-11686,2023-06-13,19:06,Telangana,Warangal,17.9131,79.56214,Clear,Two-Wheeler,Medium,0,1,Tuesday,June,MoRTH_Standardized_v2.1
MORTH23-11687,2023-04-15,17:27,Gujarat,Surat,21.17369,72.78962,Cloudy,Car/Jeep/Van,Low,0,0,Saturday,April,MoRTH_Standardized_v2.1
MORTH23-11688,2023-02-25,05:21,Delhi/NCR,Guwahati,26.10629,91.74579,Clear,Two-Wheeler,High,0,2,Saturday,February,MoRTH_Standardized_v2.1
MORTH23-11689,2023-08-27,20:59,Madhya Pradesh,Bhopal,23.23727,77.40713,Clear,Two-Wheeler,Medium,0,2,Sunday,August,MoRTH_Standardized_v2.1
MORTH23-11690,2023-08-13,17:19,Uttar Pradesh,Lucknow,26.84914,80.94943,Cloudy,Two-Wheeler,High,0,2,Sunday,August,MoRTH_Standardized_v2.1
MORTH23-11691,2023-03-20,19:33,Delhi/NCR,Guwahati,26.18637,91.68845,Clear,Auto-Rickshaw,Low,0,0,Monday,March,MoRTH_Standardized_v2.1
MORTH23-11692,2023-04-19,18:29,Madhya Pradesh,Indore,22.72228,75.85279,Clear,Two-Wheeler,High,0,1,Wednesday,April,MoRTH_Standardized_v2.1
MORTH23-11693,2023-06-03,02:11,Uttar Pradesh,Kanpur,26.48996,80.38037,Clear,Car/Jeep/Van,Low,0,2,Saturday,June,MoRTH_Standardized_v2.1
MORTH23-11694,2023-05-12,03:09,Delhi/NCR,Kolkata,22.58569,88.38019,Cloudy,Two-Wheeler,Critical,2,3,Friday,May,MoRTH_Standardized_v2.1
MORTH23-11695,2023-02-11,10:02,Andhra Pradesh,Visakhapatnam,17.63059,83.26417,Clear,Two-Wheeler,Medium,0,2,Saturday,February,MoRTH_Standardized_v2.1
MORTH23-11696,2023-08-14,06:05,Delhi/NCR,Kolkata,22.5906,88.37637,Clear,Bus,Low,0,0,Monday,August,MoRTH_Standardized_v2.1
MORTH23-11697,2023-06-09,16:06,Delhi/NCR,Guwahati,26.15876,91.7433,Clear,Truck/Lorry,Low,0,1,Friday,June,MoRTH_Standardized_v2.1
MORTH23-11698,2023-11-01,15:39,Madhya Pradesh,Bhopal,23.2697,77.39534,Clear,Two-Wheeler,Medium,0,1,Wednesday,November,MoRTH_Standardized_v2.1
MORTH23-11699,2023-11-22,19:39,Tamil Nadu,Coimbatore,11.02646,76.89865,Clear,Two-Wheeler,Medium,0,1,Wednesday,November,MoRTH_Standardized_v2.1
MORTH23-11700,2023-09-15,11:07,Delhi/NCR,Delhi,28.60412,77.18848,Clear,Bus,Low,0,0,Friday,September,MoRTH_Standardized_v2.1
MORTH23-11701,2023-12-11,15:36,Delhi/NCR,Delhi,28.60403,77.23218,Clear,Two-Wheeler,Medium,0,2,Monday,December,MoRTH_Standardized_v2.1
MORTH23-11702,2023-01-11,13:31,Telangana,Warangal,17.99237,79.61084,Rainy,Two-Wheeler,Critical,3,3,Wednesday,January,MoRTH_Standardized_v2.1
MORTH23-11703,2023-07-10,15:31,Kerala,Kochi,9.89808,76.31757,Clear,Two-Wheeler,Medium,0,2,Monday,July,MoRTH_Standardized_v2.1
MORTH23-11704,2023-09-11,05:06,Maharashtra,Mumbai,19.12194,72.886,Clear,Car/Jeep/Van,Low,0,2,Monday,September,MoRTH_Standardized_v2.1
MORTH23-11705,2023-11-20,19:44,Karnataka,Hubli,15.35154,75.14477,Clear,Car/Jeep/Van,Low,0,0,Monday,November,MoRTH_Standardized_v2.1
MORTH23-11706,2023-06-16,23:14,Rajasthan,Jodhpur,26.27774,73.01566,Clear,Two-Wheeler,High,1,1,Friday,June,MoRTH_Standardized_v2.1
MORTH23-11707,2023-09-08,13:34,Madhya Pradesh,Indore,22.71662,75.8323,Clear,Truck/Lorry,Low,0,0,Friday,September,MoRTH_Standardized_v2.1
MORTH23-11708,2023-05-05,12:06,Telangana,Hyderabad,17.37155,78.52461,Clear,Auto-Rickshaw,Low,0,2,Friday,May,MoRTH_Standardized_v2.1
MORTH23-11709,2023-07-17,14:03,Kerala,Thiruvananthapuram,8.55459,76.94371,Clear,Bus,Low,0,1,Monday,July,MoRTH_Standardized_v2.1
MORTH23-11710,2023-03-18,12:54,Delhi/NCR,Kolkata,22.54426,88.38933,Cloudy,Car/Jeep/Van,Low,0,0,Saturday,March,MoRTH_Standardized_v2.1
MORTH23-11711,2023-06-02,13:31,Delhi/NCR,Delhi,28.6249,77.23958,Cloudy,Two-Wheeler,High,0,3,Friday,June,MoRTH_Standardized_v2.1
MORTH23-11712,2023-03-28,02:22,Delhi/NCR,Delhi,28.66034,77.19283,Clear,Truck/Lorry,Medium,0,2,Tuesday,March,MoRTH_Standardized_v2.1
MORTH23-11713,2023-06-20,13:17,Tamil Nadu,Chennai,13.10611,80.28197,Clear,Auto-Rickshaw,Low,0,1,Tuesday,June,MoRTH_Standardized_v2.1
MORTH23-11714,2023-01-19,23:39,Delhi/NCR,Kolkata,22.54899,88.38645,Clear,Two-Wheeler,Critical,2,4,Thursday,January,MoRTH_Standardized_v2.1
MORTH23-11715,2023-11-18,11:33,Karnataka,Hubli,15.34071,75.09796,Rainy,Auto-Rickshaw,Medium,0,2,Saturday,November,MoRTH_Standardized_v2.1
MORTH23-11716,2023-12-01,04:58,Kerala,Kochi,9.90289,76.364,Clear,Two-Wheeler,Critical,2,6,Friday,December,MoRTH_Standardized_v2.1
MORTH23-11717,2023-08-25,14:49,Tamil Nadu,Madurai,9.89466,78.09457,Clear,Car/Jeep/Van,Medium,0,2,Friday,August,MoRTH_Standardized_v2.1
MORTH23-11718,2023-07-24,14:55,Delhi/NCR,Guwahati,26.20301,91.75507,Clear,Others,Medium,0,1,Monday,July,MoRTH_Standardized_v2.1
MORTH23-11719,2023-03-04,19:33,Delhi/NCR,Guwahati,26.1465,91.7202,Clear,Others,Low,0,0,Saturday,March,MoRTH_Standardized_v2.1
MORTH23-11720,2023-07-08,11:45,Uttar Pradesh,Kanpur,26.40988,80.36372,Clear,Two-Wheeler,Medium,0,2,Saturday,July,MoRTH_Standardized_v2.1
MORTH23-11721,2023-04-11,10:14,Delhi/NCR,Kolkata,22.52468,88.38639,Rainy,Car/Jeep/Van,Medium,0,0,Tuesday,April,MoRTH_Standardized_v2.1
MORTH23-11722,2023-02-21,07:40,Delhi/NCR,Kolkata,22.58187,88.38226,Clear,Bus,Low,0,0,Tuesday,February,MoRTH_Standardized_v2.1
MORTH23-11723,2023-01-02,18:57,Karnataka,Hubli,15.3318,75.12628,Rainy,Car/Jeep/Van,Medium,0,1,Monday,January,MoRTH_Standardized_v2.1
MORTH23-11724,2023-03-30,08:28,Kerala,Thiruvananthapuram,8.50981,76.93126,Clear,Two-Wheeler,Medium,0,0,Thursday,March,MoRTH_Standardized_v2.1
MORTH23-11725,2023-01-03,02:40,Gujarat,Surat,21.2049,72.8685,Clear,Others,Medium,0,2,Tuesday,January,MoRTH_Standardized_v2.1
MORTH23-11726,2023-08-19,17:44,Uttar Pradesh,Agra,27.17045,78.04739,Clear,Two-Wheeler,High,0,4,Saturday,August,MoRTH_Standardized_v2.1
MORTH23-11727,2023-06-10,18:05,Madhya Pradesh,Indore,22.73153,75.87036,Clear,Bus,Medium,0,0,Saturday,June,MoRTH_Standardized_v2.1
MORTH23-11728,2023-08-19,16:52,Uttar Pradesh,Lucknow,26.82353,80.98698,Clear,Two-Wheeler,High,1,2,Saturday,August,MoRTH_Standardized_v2.1
MORTH23-11729,2023-07-31,22:01,Karnataka,Bangalore,12.99435,77.60341,Clear,Auto-Rickshaw,High,1,1,Monday,July,MoRTH_Standardized_v2.1
MORTH23-11730,2023-07-05,06:52,Tamil Nadu,Chennai,13.06518,80.24131,Clear,Two-Wheeler,Medium,0,0,Wednesday,July,MoRTH_Standardized_v2.1
MORTH23-11731,2023-11-15,15:33,Telangana,Warangal,17.97198,79.6214,Cloudy,Others,Low,0,2,Wednesday,November,MoRTH_Standardized_v2.1
MORTH23-11732,2023-09-24,04:28,Delhi/NCR,Delhi,28.60292,77.21721,Clear,Two-Wheeler,Critical,3,5,Sunday,September,MoRTH_Standardized_v2.1
MORTH23-11733,2023-06-27,20:32,Gujarat,Ahmedabad,23.01732,72.60378,Clear,Car/Jeep/Van,Low,0,1,Tuesday,June,MoRTH_Standardized_v2.1
MORTH23-11734,2023-05-05,15:44,Karnataka,Mysore,12.29089,76.63125,Foggy,Two-Wheeler,Critical,2,4,Friday,May,MoRTH_Standardized_v2.1
MORTH23-11735,2023-11-25,17:27,Madhya Pradesh,Gwalior,26.21965,78.14654,Foggy,Two-Wheeler,Critical,1,3,Saturday,November,MoRTH_Standardized_v2.1
MORTH23-11736,2023-09-11,08:26,Uttar Pradesh,Agra,27.15113,78.03249,Foggy,Others,Medium,0,1,Monday,September,MoRTH_Standardized_v2.1
MORTH23-11737,2023-04-17,18:00,Delhi/NCR,Guwahati,26.1168,91.79586,Clear,Bus,Low,0,0,Monday,April,MoRTH_Standardized_v2.1
MORTH23-11738,2023-05-13,11:34,Karnataka,Mysore,12.30891,76.61267,Clear,Two-Wheeler,Medium,0,0,Saturday,May,MoRTH_Standardized_v2.1
MORTH23-11739,2023-08-27,15:08,Tamil Nadu,Madurai,9.90788,78.08044,Clear,Two-Wheeler,Medium,0,2,Sunday,August,MoRTH_Standardized_v2.1
MORTH23-11740,2023-09-04,13:59,Uttar Pradesh,Lucknow,26.79281,80.97626,Clear,Two-Wheeler,Medium,0,2,Monday,September,MoRTH_Standardized_v2.1
MORTH23-11741,2023-03-03,11:43,Delhi/NCR,Guwahati,26.16747,91.7543,Clear,Car/Jeep/Van,Low,0,1,Friday,March,MoRTH_Standardized_v2.1
MORTH23-11742,2023-05-21,14:30,Andhra Pradesh,Visakhapatnam,17.66828,83.21782,Clear,Others,Low,0,2,Sunday,May,MoRTH_Standardized_v2.1
MORTH23-11743,2023-09-07,16:31,Gujarat,Ahmedabad,23.04808,72.55031,Clear,Two-Wheeler,Medium,0,2,Thursday,September,MoRTH_Standardized_v2.1
MORTH23-11744,2023-02-01,11:42,Karnataka,Mysore,12.27995,76.61851,Clear,Bus,Medium,0,2,Wednesday,February,MoRTH_Standardized_v2.1
MORTH23-11745,2023-12-19,16:52,Tamil Nadu,Madurai,9.97952,78.10979,Cloudy,Two-Wheeler,Medium,0,2,Tuesday,December,MoRTH_Standardized_v2.1
MORTH23-11746,2023-12-19,07:29,Madhya Pradesh,Indore,22.73205,75.84533,Rainy,Bus,Medium,0,0,Tuesday,December,MoRTH_Standardized_v2.1
MORTH23-11747,2023-03-09,04:28,Kerala,Kozhikode,11.28892,75.81132,Rainy,Two-Wheeler,Critical,2,4,Thursday,March,MoRTH_Standardized_v2.1
MORTH23-11748,2023-01-20,19:35,Rajasthan,Jaipur,26.89289,75.76625,Rainy,Two-Wheeler,Critical,3,4,Friday,January,MoRTH_Standardized_v2.1
MORTH23-11749,2023-02-15,13:25,Delhi/NCR,Delhi,28.64184,77.19596,Clear,Two-Wheeler,High,0,4,Wednesday,February,MoRTH_Standardized_v2.1
MORTH23-11750,2023-03-19,16:26,Tamil Nadu,Coimbatore,10.99787,76.94137,Clear,Bus,Low,0,2,Sunday,March,MoRTH_Standardized_v2.1
MORTH23-11751,2023-06-14,09:27,Karnataka,Mysore,12.32958,76.6691,Clear,Auto-Rickshaw,Low,0,1,Wednesday,June,MoRTH_Standardized_v2.1
MORTH23-11752,2023-09-10,10:07,Delhi/NCR,Guwahati,26.14792,91.77773,Rainy,Bus,Medium,0,1,Sunday,September,MoRTH_Standardized_v2.1
MORTH23-11753,2023-07-03,17:57,Delhi/NCR,Kolkata,22.61999,88.36996,Clear,Others,Low,0,2,Monday,July,MoRTH_Standardized_v2.1
MORTH23-11754,2023-06-16,19:01,Karnataka,Bangalore,12.97745,77.58661,Cloudy,Two-Wheeler,Medium,0,2,Friday,June,MoRTH_Standardized_v2.1
MORTH23-11755,2023-02-24,03:48,Gujarat,Surat,21.18298,72.82231,Cloudy,Auto-Rickshaw,High,1,4,Friday,February,MoRTH_Standardized_v2.1
MORTH23-11756,2023-01-26,20:07,Andhra Pradesh,Vijayawada,16.47595,80.60602,Rainy,Car/Jeep/Van,Medium,0,0,Thursday,January,MoRTH_Standardized_v2.1
MORTH23-11757,2023-01-28,06:49,Maharashtra,Pune,18.50623,73.83276,Foggy,Car/Jeep/Van,Medium,0,2,Saturday,January,MoRTH_Standardized_v2.1
MORTH23-11758,2023-07-06,19:48,Madhya Pradesh,Indore,22.71273,75.85163,Clear,Two-Wheeler,Medium,0,0,Thursday,July,MoRTH_Standardized_v2.1
MORTH23-11759,2023-12-13,11:21,Kerala,Kozhikode,11.22755,75.81304,Clear,Others,Low,0,1,Wednesday,December,MoRTH_Standardized_v2.1
MORTH23-11760,2023-10-03,21:44,Karnataka,Mysore,12.31215,76.65827,Rainy,Truck/Lorry,Critical,3,4,Tuesday,October,MoRTH_Standardized_v2.1
MORTH23-11761,2023-12-23,22:06,Kerala,Thiruvananthapuram,8.53201,77.01408,Clear,Two-Wheeler,Critical,2,5,Saturday,December,MoRTH_Standardized_v2.1
MORTH23-11762,2023-09-21,04:12,Telangana,Warangal,17.9619,79.61439,Clear,Auto-Rickshaw,Low,0,2,Thursday,September,MoRTH_Standardized_v2.1
MORTH23-11763,2023-04-27,12:03,Rajasthan,Jodhpur,26.23874,73.02143,Clear,Two-Wheeler,High,0,3,Thursday,April,MoRTH_Standardized_v2.1
MORTH23-11764,2023-09-17,06:16,Tamil Nadu,Chennai,13.12091,80.24568,Clear,Car/Jeep/Van,Low,0,0,Sunday,September,MoRTH_Standardized_v2.1
MORTH23-11765,2023-02-14,12:00,Kerala,Kozhikode,11.27314,75.79446,Clear,Two-Wheeler,Medium,0,0,Tuesday,February,MoRTH_Standardized_v2.1
MORTH23-11766,2023-02-03,09:32,Kerala,Thiruvananthapuram,8.48361,76.85539,Clear,Car/Jeep/Van,Medium,0,2,Friday,February,MoRTH_Standardized_v2.1
MORTH23-11767,2023-05-04,12:43,Tamil Nadu,Chennai,13.07813,80.24269,Clear,Two-Wheeler,Medium,0,1,Thursday,May,MoRTH_Standardized_v2.1
MORTH23-11768,2023-06-02,05:42,Tamil Nadu,Madurai,9.92812,78.12106,Clear,Two-Wheeler,High,0,1,Friday,June,MoRTH_Standardized_v2.1
MORTH23-11769,2023-05-12,20:46,Madhya Pradesh,Gwalior,26.17947,78.17236,Clear,Car/Jeep/Van,Low,0,2,Friday,May,MoRTH_Standardized_v2.1
MORTH23-11770,2023-11-09,09:18,Tamil Nadu,Madurai,9.94004,78.07066,Clear,Two-Wheeler,High,0,3,Thursday,November,MoRTH_Standardized_v2.1
MORTH23-11771,2023-08-02,21:19,Delhi/NCR,Delhi,28.62263,77.24027,Cloudy,Others,Low,0,2,Wednesday,August,MoRTH_Standardized_v2.1
MORTH23-11772,2023-03-06,02:06,Telangana,Warangal,18.01824,79.55462,Clear,Two-Wheeler,High,1,4,Monday,March,MoRTH_Standardized_v2.1
MORTH23-11773,2023-05-26,00:00,Rajasthan,Jodhpur,26.2525,73.03542,Clear,Two-Wheeler,Critical,1,3,Friday,May,MoRTH_Standardized_v2.1
MORTH23-11774,2023-01-07,09:18,Madhya Pradesh,Gwalior,26.23231,78.20236,Rainy,Others,High,0,3,Saturday,January,MoRTH_Standardized_v2.1
MORTH23-11775,2023-07-08,19:10,Kerala,Kochi,9.95415,76.22295,Clear,Two-Wheeler,High,0,4,Saturday,July,MoRTH_Standardized_v2.1
MORTH23-11776,2023-05-22,17:41,Uttar Pradesh,Agra,27.1511,78.008,Clear,Others,Low,0,0,Monday,May,MoRTH_Standardized_v2.1
MORTH23-11777,2023-01-22,10:46,Delhi/NCR,Delhi,28.59066,77.23892,Clear,Two-Wheeler,High,0,3,Sunday,January,MoRTH_Standardized_v2.1
MORTH23-11778,2023-06-28,18:15,Uttar Pradesh,Agra,27.1786,77.9793,Clear,Others,Low,0,0,Wednesday,June,MoRTH_Standardized_v2.1
MORTH23-11779,2023-03-17,17:03,Delhi/NCR,Delhi,28.59047,77.18049,Clear,Truck/Lorry,Medium,0,0,Friday,March,MoRTH_Standardized_v2.1
MORTH23-11780,2023-12-18,05:03,Delhi/NCR,Delhi,28.64622,77.19043,Clear,Two-Wheeler,Medium,0,1,Monday,December,MoRTH_Standardized_v2.1
MORTH23-11781,2023-06-06,10:44,Madhya Pradesh,Indore,22.65524,75.85289,Clear,Car/Jeep/Van,Low,0,0,Tuesday,June,MoRTH_Standardized_v2.1
MORTH23-11782,2023-02-28,15:31,Kerala,Thiruvananthapuram,8.56901,76.94387,Clear,Auto-Rickshaw,Low,0,1,Tuesday,February,MoRTH_Standardized_v2.1
MORTH23-11783,2023-04-09,16:07,Maharashtra,Pune,18.50827,73.86062,Clear,Others,Medium,0,0,Sunday,April,MoRTH_Standardized_v2.1
MORTH23-11784,2023-02-14,04:56,Andhra Pradesh,Vijayawada,16.49137,80.66267,Clear,Two-Wheeler,Critical,1,6,Tuesday,February,MoRTH_Standardized_v2.1
MORTH23-11785,2023-04-10,06:31,Tamil Nadu,Madurai,9.92434,78.07425,Clear,Car/Jeep/Van,Low,0,0,Monday,April,MoRTH_Standardized_v2.1
MORTH23-11786,2023-01-01,18:50,Madhya Pradesh,Indore,22.71724,75.83767,Clear,Two-Wheeler,Medium,0,1,Sunday,January,MoRTH_Standardized_v2.1
MORTH23-11787,2023-07-25,08:50,Delhi/NCR,Delhi,28.62109,77.19453,Rainy,Two-Wheeler,High,0,4,Tuesday,July,MoRTH_Standardized_v2.1
MORTH23-11788,2023-02-02,14:57,Karnataka,Bangalore,13.00198,77.59704,Clear,Car/Jeep/Van,Medium,0,1,Thursday,February,MoRTH_Standardized_v2.1
MORTH23-11789,2023-05-23,15:39,Madhya Pradesh,Indore,22.73868,75.86009,Clear,Auto-Rickshaw,Medium,0,0,Tuesday,May,MoRTH_Standardized_v2.1
MORTH23-11790,2023-11-08,06:22,Telangana,Warangal,17.97262,79.6324,Foggy,Two-Wheeler,High,0,4,Wednesday,November,MoRTH_Standardized_v2.1
MORTH23-11791,2023-05-10,20:51,Karnataka,Hubli,15.40235,75.12348,Cloudy,Car/Jeep/Van,Low,0,1,Wednesday,May,MoRTH_Standardized_v2.1
MORTH23-11792,2023-09-28,04:13,Madhya Pradesh,Indore,22.7019,75.85768,Clear,Two-Wheeler,High,1,2,Thursday,September,MoRTH_Standardized_v2.1
MORTH23-11793,2023-06-05,12:56,Karnataka,Mysore,12.33314,76.63985,Clear,Two-Wheeler,Medium,0,0,Monday,June,MoRTH_Standardized_v2.1
MORTH23-11794,2023-02-06,09:30,Uttar Pradesh,Kanpur,26.44474,80.32483,Rainy,Two-Wheeler,Critical,3,2,Monday,February,MoRTH_Standardized_v2.1
MORTH23-11795,2023-09-07,06:55,Rajasthan,Jaipur,26.88127,75.79574,Foggy,Bus,Medium,0,2,Thursday,September,MoRTH_Standardized_v2.1
MORTH23-11796,2023-01-16,13:09,Tamil Nadu,Madurai,9.92491,78.14923,Clear,Truck/Lorry,Low,0,0,Monday,January,MoRTH_Standardized_v2.1
MORTH23-11797,2023-10-01,06:01,Delhi/NCR,Kolkata,22.59166,88.37025,Clear,Two-Wheeler,Medium,0,0,Sunday,October,MoRTH_Standardized_v2.1
MORTH23-11798,2023-07-09,15:48,Madhya Pradesh,Gwalior,26.20671,78.131,Clear,Two-Wheeler,High,0,4,Sunday,July,MoRTH_Standardized_v2.1
MORTH23-11799,2023-02-13,18:01,Madhya Pradesh,Bhopal,23.27651,77.45267,Clear,Car/Jeep/Van,Low,0,0,Monday,February,MoRTH_Standardized_v2.1
MORTH23-11800,2023-01-28,00:32,Karnataka,Bangalore,12.96713,77.60422,Clear,Auto-Rickshaw,Low,0,1,Saturday,January,MoRTH_Standardized_v2.1
MORTH23-11801,2023-10-16,15:09,Uttar Pradesh,Lucknow,26.83079,80.9698,Clear,Others,Medium,0,0,Monday,October,MoRTH_Standardized_v2.1
MORTH23-11802,2023-05-07,17:16,Kerala,Thiruvananthapuram,8.53245,76.93043,Foggy,Auto-Rickshaw,High,0,2,Sunday,May,MoRTH_Standardized_v2.1
MORTH23-11803,2023-10-21,15:12,Madhya Pradesh,Gwalior,26.29017,78.22056,Clear,Auto-Rickshaw,Low,0,1,Saturday,October,MoRTH_Standardized_v2.1
MORTH23-11804,2023-01-20,20:35,Gujarat,Surat,21.22547,72.81355,Clear,Others,Medium,0,1,Friday,January,MoRTH_Standardized_v2.1
MORTH23-11805,2023-05-26,18:38,Karnataka,Hubli,15.36784,75.10781,Cloudy,Two-Wheeler,High,1,4,Friday,May,MoRTH_Standardized_v2.1
MORTH23-11806,2023-01-24,21:21,Tamil Nadu,Coimbatore,10.97065,76.97763,Rainy,Two-Wheeler,Critical,3,3,Tuesday,January,MoRTH_Standardized_v2.1
MORTH23-11807,2023-08-12,07:58,Kerala,Kozhikode,11.21896,75.73535,Clear,Two-Wheeler,Medium,0,1,Saturday,August,MoRTH_Standardized_v2.1
MORTH23-11808,2023-09-23,04:40,Madhya Pradesh,Gwalior,26.21955,78.15579,Clear,Two-Wheeler,Critical,2,3,Saturday,September,MoRTH_Standardized_v2.1
MORTH23-11809,2023-03-14,06:38,Uttar Pradesh,Lucknow,26.84704,80.92574,Clear,Auto-Rickshaw,Low,0,0,Tuesday,March,MoRTH_Standardized_v2.1
MORTH23-11810,2023-01-29,21:31,Tamil Nadu,Chennai,13.11419,80.2343,Clear,Car/Jeep/Van,Low,0,0,Sunday,January,MoRTH_Standardized_v2.1
MORTH23-11811,2023-09-23,00:15,Madhya Pradesh,Bhopal,23.27881,77.4167,Rainy,Two-Wheeler,Critical,1,2,Saturday,September,MoRTH_Standardized_v2.1
MORTH23-11812,2023-09-06,08:00,Andhra Pradesh,Visakhapatnam,17.73901,83.23591,Clear,Others,Low,0,1,Wednesday,September,MoRTH_Standardized_v2.1
MORTH23-11813,2023-04-13,18:40,Tamil Nadu,Coimbatore,11.02792,76.98378,Cloudy,Two-Wheeler,Medium,0,0,Thursday,April,MoRTH_Standardized_v2.1
MORTH23-11814,2023-03-17,08:29,Tamil Nadu,Coimbatore,11.01697,76.96562,Cloudy,Two-Wheeler,Medium,0,1,Friday,March,MoRTH_Standardized_v2.1
MORTH23-11815,2023-12-19,16:29,Maharashtra,Pune,18.49954,73.8838,Clear,Two-Wheeler,High,1,3,Tuesday,December,MoRTH_Standardized_v2.1
MORTH23-11816,2023-05-03,07:38,Maharashtra,Mumbai,19.06187,72.9016,Rainy,Bus,Medium,0,2,Wednesday,May,MoRTH_Standardized_v2.1
MORTH23-11817,2023-01-23,11:05,Tamil Nadu,Coimbatore,11.00107,76.95463,Clear,Two-Wheeler,High,1,3,Monday,January,MoRTH_Standardized_v2.1
MORTH23-11818,2023-02-20,06:35,Telangana,Hyderabad,17.37092,78.50855,Clear,Two-Wheeler,High,0,2,Monday,February,MoRTH_Standardized_v2.1
MORTH23-11819,2023-03-19,02:40,Uttar Pradesh,Kanpur,26.47546,80.33453,Cloudy,Car/Jeep/Van,Medium,0,2,Sunday,March,MoRTH_Standardized_v2.1
MORTH23-11820,2023-01-09,01:04,Delhi/NCR,Delhi,28.62686,77.14439,Clear,Car/Jeep/Van,Medium,0,1,Monday,January,MoRTH_Standardized_v2.1
MORTH23-11821,2023-04-15,16:01,Delhi/NCR,Kolkata,22.53721,88.33751,Clear,Car/Jeep/Van,Medium,0,0,Saturday,April,MoRTH_Standardized_v2.1
MORTH23-11822,2023-08-23,09:43,Uttar Pradesh,Agra,27.18877,77.96461,Clear,Bus,Low,0,0,Wednesday,August,MoRTH_Standardized_v2.1
MORTH23-11823,2023-09-28,06:40,Maharashtra,Mumbai,19.08762,72.95155,Cloudy,Two-Wheeler,High,0,1,Thursday,September,MoRTH_Standardized_v2.1
MORTH23-11824,2023-12-03,17:16,Delhi/NCR,Delhi,28.6018,77.23472,Clear,Two-Wheeler,Medium,0,2,Sunday,December,MoRTH_Standardized_v2.1
MORTH23-11825,2023-03-11,05:06,Tamil Nadu,Coimbatore,11.03662,76.94095,Clear,Two-Wheeler,Medium,0,0,Saturday,March,MoRTH_Standardized_v2.1
MORTH23-11826,2023-12-10,14:15,Delhi/NCR,Guwahati,26.15402,91.75805,Clear,Car/Jeep/Van,Medium,0,1,Sunday,December,MoRTH_Standardized_v2.1
MORTH23-11827,2023-04-18,19:09,Kerala,Kozhikode,11.26966,75.74683,Clear,Two-Wheeler,Medium,0,1,Tuesday,April,MoRTH_Standardized_v2.1
MORTH23-11828,2023-11-29,10:05,Delhi/NCR,Guwahati,26.15746,91.73871,Clear,Truck/Lorry,Medium,0,2,Wednesday,November,MoRTH_Standardized_v2.1
MORTH23-11829,2023-01-08,17:15,Karnataka,Hubli,15.37185,75.13887,Clear,Bus,Low,0,1,Sunday,January,MoRTH_Standardized_v2.1
MORTH23-11830,2023-02-09,20:01,Telangana,Warangal,17.94649,79.65339,Clear,Two-Wheeler,High,1,4,Thursday,February,MoRTH_Standardized_v2.1
MORTH23-11831,2023-08-12,15:43,Kerala,Kochi,9.94239,76.27466,Cloudy,Two-Wheeler,Medium,0,2,Saturday,August,MoRTH_Standardized_v2.1
MORTH23-11832,2023-09-21,12:54,Tamil Nadu,Chennai,13.10465,80.21808,Clear,Two-Wheeler,Medium,0,0,Thursday,September,MoRTH_Standardized_v2.1
MORTH23-11833,2023-03-08,11:58,Delhi/NCR,Guwahati,26.1215,91.71921,Clear,Car/Jeep/Van,Low,0,0,Wednesday,March,MoRTH_Standardized_v2.1
MORTH23-11834,2023-06-04,21:20,Karnataka,Mysore,12.27446,76.60165,Rainy,Auto-Rickshaw,Medium,0,0,Sunday,June,MoRTH_Standardized_v2.1
MORTH23-11835,2023-11-30,21:28,Tamil Nadu,Coimbatore,10.99739,76.95537,Clear,Others,Low,0,2,Thursday,November,MoRTH_Standardized_v2.1
MORTH23-11836,2023-04-07,16:42,Delhi/NCR,Delhi,28.61631,77.20271,Clear,Others,Low,0,1,Friday,April,MoRTH_Standardized_v2.1
MORTH23-11837,2023-02-15,11:16,Delhi/NCR,Guwahati,26.15265,91.75818,Clear,Others,Medium,0,1,Wednesday,February,MoRTH_Standardized_v2.1
MORTH23-11838,2023-01-27,09:10,Madhya Pradesh,Gwalior,26.23934,78.21322,Cloudy,Two-Wheeler,High,0,4,Friday,January,MoRTH_Standardized_v2.1
MORTH23-11839,2023-02-17,15:06,Uttar Pradesh,Lucknow,26.82464,80.94155,Clear,Car/Jeep/Van,Low,0,0,Friday,February,MoRTH_Standardized_v2.1
MORTH23-11840,2023-10-12,17:04,Karnataka,Bangalore,12.99931,77.57464,Clear,Auto-Rickshaw,Low,0,0,Thursday,October,MoRTH_Standardized_v2.1
MORTH23-11841,2023-12-27,12:43,Madhya Pradesh,Bhopal,23.26518,77.40316,Clear,Car/Jeep/Van,Medium,0,1,Wednesday,December,MoRTH_Standardized_v2.1
MORTH23-11842,2023-03-06,12:05,Maharashtra,Mumbai,19.08418,72.88207,Clear,Car/Jeep/Van,Low,0,1,Monday,March,MoRTH_Standardized_v2.1
MORTH23-11843,2023-12-31,10:15,Delhi/NCR,Delhi,28.61563,77.17874,Clear,Two-Wheeler,High,0,4,Sunday,December,MoRTH_Standardized_v2.1
MORTH23-11844,2023-09-22,09:12,Kerala,Kochi,9.98431,76.27743,Clear,Auto-Rickshaw,Medium,0,2,Friday,September,MoRTH_Standardized_v2.1
MORTH23-11845,2023-09-19,20:26,Rajasthan,Jodhpur,26.29148,72.97974,Clear,Two-Wheeler,High,0,4,Tuesday,September,MoRTH_Standardized_v2.1
MORTH23-11846,2023-02-10,01:20,Rajasthan,Jodhpur,26.26957,73.01739,Clear,Bus,Medium,0,2,Friday,February,MoRTH_Standardized_v2.1
MORTH23-11847,2023-01-09,09:44,Delhi/NCR,Delhi,28.64783,77.19733,Cloudy,Two-Wheeler,High,1,3,Monday,January,MoRTH_Standardized_v2.1
MORTH23-11848,2023-07-06,12:06,Karnataka,Mysore,12.27816,76.64886,Clear,Others,Low,0,0,Thursday,July,MoRTH_Standardized_v2.1
MORTH23-11849,2023-07-22,01:35,Maharashtra,Pune,18.55349,73.8895,Clear,Two-Wheeler,High,1,4,Saturday,July,MoRTH_Standardized_v2.1
MORTH23-11850,2023-06-04,10:54,Gujarat,Ahmedabad,23.00435,72.60529,Clear,Two-Wheeler,Medium,0,2,Sunday,June,MoRTH_Standardized_v2.1
MORTH23-11851,2023-08-13,18:23,Maharashtra,Mumbai,19.01515,72.86353,Rainy,Two-Wheeler,High,0,1,Sunday,August,MoRTH_Standardized_v2.1
MORTH23-11852,2023-08-05,08:36,Andhra Pradesh,Vijayawada,16.50999,80.69025,Clear,Two-Wheeler,High,0,4,Saturday,August,MoRTH_Standardized_v2.1
MORTH23-11853,2023-04-22,13:59,Telangana,Hyderabad,17.41253,78.5301,Clear,Bus,Low,0,2,Saturday,April,MoRTH_Standardized_v2.1
MORTH23-11854,2023-09-08,19:55,Kerala,Thiruvananthapuram,8.5314,77.00546,Clear,Car/Jeep/Van,Medium,0,1,Friday,September,MoRTH_Standardized_v2.1
MORTH23-11855,2023-08-07,08:09,Madhya Pradesh,Bhopal,23.28157,77.39954,Cloudy,Others,Low,0,1,Monday,August,MoRTH_Standardized_v2.1
MORTH23-11856,2023-09-14,05:32,Maharashtra,Mumbai,19.05603,72.91948,Clear,Two-Wheeler,High,1,1,Thursday,September,MoRTH_Standardized_v2.1
MORTH23-11857,2023-06-18,23:05,Delhi/NCR,Guwahati,26.10164,91.73619,Clear,Two-Wheeler,High,0,3,Sunday,June,MoRTH_Standardized_v2.1
MORTH23-11858,2023-12-30,08:20,Uttar Pradesh,Lucknow,26.87423,80.92999,Clear,Two-Wheeler,High,1,4,Saturday,December,MoRTH_Standardized_v2.1
MORTH23-11859,2023-08-22,16:42,Tamil Nadu,Chennai,13.15461,80.32066,Clear,Truck/Lorry,Low,0,1,Tuesday,August,MoRTH_Standardized_v2.1
MORTH23-11860,2023-08-09,19:13,Karnataka,Hubli,15.37333,75.12224,Clear,Two-Wheeler,Medium,0,0,Wednesday,August,MoRTH_Standardized_v2.1
MORTH23-11861,2023-12-25,08:39,Madhya Pradesh,Gwalior,26.18683,78.23409,Clear,Truck/Lorry,Medium,0,0,Monday,December,MoRTH_Standardized_v2.1
MORTH23-11862,2023-08-31,10:05,Rajasthan,Jaipur,26.89013,75.7618,Clear,Two-Wheeler,Medium,0,0,Thursday,August,MoRTH_Standardized_v2.1
MORTH23-11863,2023-08-08,16:04,Rajasthan,Jaipur,26.96345,75.72698,Clear,Two-Wheeler,High,1,1,Tuesday,August,MoRTH_Standardized_v2.1
MORTH23-11864,2023-03-12,15:17,Kerala,Kozhikode,11.25857,75.79308,Clear,Two-Wheeler,Medium,0,1,Sunday,March,MoRTH_Standardized_v2.1
MORTH23-11865,2023-06-10,18:29,Delhi/NCR,Guwahati,26.18847,91.74949,Rainy,Truck/Lorry,High,0,4,Saturday,June,MoRTH_Standardized_v2.1
MORTH23-11866,2023-01-22,14:42,Delhi/NCR,Kolkata,22.57936,88.3719,Clear,Two-Wheeler,Medium,0,1,Sunday,January,MoRTH_Standardized_v2.1
MORTH23-11867,2023-05-25,20:02,Tamil Nadu,Coimbatore,11.04755,77.00029,Clear,Two-Wheeler,Medium,0,1,Thursday,May,MoRTH_Standardized_v2.1
MORTH23-11868,2023-02-10,16:01,Delhi/NCR,Kolkata,22.59554,88.34105,Clear,Car/Jeep/Van,Low,0,0,Friday,February,MoRTH_Standardized_v2.1
MORTH23-11869,2023-02-24,19:59,Madhya Pradesh,Indore,22.72284,75.88749,Clear,Two-Wheeler,Medium,0,1,Friday,February,MoRTH_Standardized_v2.1
MORTH23-11870,2023-06-14,10:25,Andhra Pradesh,Visakhapatnam,17.66268,83.225,Clear,Auto-Rickshaw,Medium,0,1,Wednesday,June,MoRTH_Standardized_v2.1
MORTH23-11871,2023-09-14,18:42,Telangana,Warangal,17.96935,79.6019,Cloudy,Auto-Rickshaw,Low,0,1,Thursday,September,MoRTH_Standardized_v2.1
MORTH23-11872,2023-01-13,08:23,Delhi/NCR,Delhi,28.56994,77.19884,Clear,Truck/Lorry,Low,0,0,Friday,January,MoRTH_Standardized_v2.1
MORTH23-11873,2023-09-14,22:51,Tamil Nadu,Chennai,13.14418,80.28972,Rainy,Two-Wheeler,Critical,2,2,Thursday,September,MoRTH_Standardized_v2.1
MORTH23-11874,2023-01-25,08:11,Uttar Pradesh,Agra,27.17792,78.04458,Clear,Two-Wheeler,Medium,0,1,Wednesday,January,MoRTH_Standardized_v2.1
MORTH23-11875,2023-08-03,10:36,Telangana,Hyderabad,17.39666,78.49415,Clear,Bus,Low,0,0,Thursday,August,MoRTH_Standardized_v2.1
MORTH23-11876,2023-10-07,20:19,Kerala,Kozhikode,11.26433,75.75816,Clear,Auto-Rickshaw,Low,0,2,Saturday,October,MoRTH_Standardized_v2.1
MORTH23-11877,2023-12-24,09:05,Tamil Nadu,Madurai,9.94167,78.18203,Clear,Car/Jeep/Van,Medium,0,2,Sunday,December,MoRTH_Standardized_v2.1
MORTH23-11878,2023-10-16,15:11,Tamil Nadu,Chennai,13.07416,80.28305,Clear,Two-Wheeler,Medium,0,1,Monday,October,MoRTH_Standardized_v2.1
MORTH23-11879,2023-05-03,03:56,Kerala,Kochi,9.96398,76.33904,Clear,Others,Low,0,2,Wednesday,May,MoRTH_Standardized_v2.1
MORTH23-11880,2023-07-23,07:12,Delhi/NCR,Guwahati,26.16426,91.7331,Foggy,Two-Wheeler,Critical,2,3,Sunday,July,MoRTH_Standardized_v2.1
MORTH23-11881,2023-11-24,14:33,Uttar Pradesh,Kanpur,26.39922,80.35646,Foggy,Two-Wheeler,Critical,3,3,Friday,November,MoRTH_Standardized_v2.1
MORTH23-11882,2023-09-27,15:40,Tamil Nadu,Chennai,13.06038,80.28952,Clear,Two-Wheeler,Medium,0,1,Wednesday,September,MoRTH_Standardized_v2.1
MORTH23-11883,2023-07-02,08:38,Telangana,Hyderabad,17.36612,78.47023,Clear,Auto-Rickshaw,Low,0,0,Sunday,July,MoRTH_Standardized_v2.1
MORTH23-11884,2023-02-18,14:39,Delhi/NCR,Kolkata,22.52343,88.35936,Clear,Auto-Rickshaw,Low,0,2,Saturday,February,MoRTH_Standardized_v2.1
MORTH23-11885,2023-06-09,13:47,Tamil Nadu,Madurai,9.89646,78.17384,Clear,Two-Wheeler,Medium,0,1,Friday,June,MoRTH_Standardized_v2.1
MORTH23-11886,2023-01-20,18:38,Kerala,Kozhikode,11.21892,75.79139,Clear,Bus,Low,0,1,Friday,January,MoRTH_Standardized_v2.1
MORTH23-11887,2023-10-25,07:27,Madhya Pradesh,Bhopal,23.20955,77.4183,Clear,Two-Wheeler,Medium,0,2,Wednesday,October,MoRTH_Standardized_v2.1
MORTH23-11888,2023-08-27,08:28,Karnataka,Bangalore,13.01532,77.62601,Clear,Auto-Rickshaw,Low,0,2,Sunday,August,MoRTH_Standardized_v2.1
MORTH23-11889,2023-09-07,06:12,Madhya Pradesh,Bhopal,23.26981,77.41736,Foggy,Two-Wheeler,High,0,3,Thursday,September,MoRTH_Standardized_v2.1
MORTH23-11890,2023-08-25,02:04,Madhya Pradesh,Gwalior,26.19783,78.21305,Clear,Two-Wheeler,Critical,2,5,Friday,August,MoRTH_Standardized_v2.1
MORTH23-11891,2023-06-01,14:26,Karnataka,Hubli,15.32957,75.14927,Clear,Truck/Lorry,Low,0,0,Thursday,June,MoRTH_Standardized_v2.1
MORTH23-11892,2023-04-29,20:11,Rajasthan,Jaipur,26.87327,75.79926,Clear,Truck/Lorry,Medium,0,0,Saturday,April,MoRTH_Standardized_v2.1
MORTH23-11893,2023-11-29,15:45,Uttar Pradesh,Agra,27.16356,78.03543,Foggy,Truck/Lorry,High,0,1,Wednesday,November,MoRTH_Standardized_v2.1
MORTH23-11894,2023-11-09,15:37,Gujarat,Surat,21.17125,72.82159,Clear,Two-Wheeler,High,0,4,Thursday,November,MoRTH_Standardized_v2.1
MORTH23-11895,2023-10-20,02:59,Uttar Pradesh,Agra,27.11049,78.0076,Clear,Auto-Rickshaw,Medium,0,0,Friday,October,MoRTH_Standardized_v2.1
MORTH23-11896,2023-11-26,17:08,Madhya Pradesh,Bhopal,23.24598,77.3862,Clear,Auto-Rickshaw,Low,0,1,Sunday,November,MoRTH_Standardized_v2.1
MORTH23-11897,2023-05-05,07:21,Tamil Nadu,Coimbatore,11.02933,76.94736,Clear,Two-Wheeler,High,0,3,Friday,May,MoRTH_Standardized_v2.1
MORTH23-11898,2023-07-01,15:21,Madhya Pradesh,Indore,22.65509,75.89259,Rainy,Two-Wheeler,Critical,1,3,Saturday,July,MoRTH_Standardized_v2.1
MORTH23-11899,2023-01-20,10:14,Karnataka,Bangalore,12.96503,77.59755,Clear,Bus,Medium,0,0,Friday,January,MoRTH_Standardized_v2.1
MORTH23-11900,2023-02-15,23:00,Maharashtra,Pune,18.53657,73.86338,Clear,Two-Wheeler,Critical,2,5,Wednesday,February,MoRTH_Standardized_v2.1
MORTH23-11901,2023-12-01,19:29,Telangana,Warangal,18.00407,79.64066,Rainy,Two-Wheeler,Critical,2,6,Friday,December,MoRTH_Standardized_v2.1
MORTH23-11902,2023-07-07,18:31,Kerala,Thiruvananthapuram,8.56845,76.97051,Clear,Bus,Low,0,1,Friday,July,MoRTH_Standardized_v2.1
MORTH23-11903,2023-04-04,20:24,Madhya Pradesh,Bhopal,23.28219,77.43896,Cloudy,Auto-Rickshaw,Medium,0,1,Tuesday,April,MoRTH_Standardized_v2.1
MORTH23-11904,2023-04-12,17:12,Delhi/NCR,Kolkata,22.60985,88.3575,Clear,Bus,Low,0,0,Wednesday,April,MoRTH_Standardized_v2.1
MORTH23-11905,2023-10-26,18:02,Delhi/NCR,Kolkata,22.57924,88.37886,Clear,Car/Jeep/Van,Medium,0,1,Thursday,October,MoRTH_Standardized_v2.1
MORTH23-11906,2023-06-28,15:37,Delhi/NCR,Kolkata,22.52865,88.42197,Clear,Car/Jeep/Van,Low,0,1,Wednesday,June,MoRTH_Standardized_v2.1
MORTH23-11907,2023-08-04,21:37,Maharashtra,Mumbai,19.09791,72.8752,Clear,Car/Jeep/Van,Medium,0,0,Friday,August,MoRTH_Standardized_v2.1
MORTH23-11908,2023-09-05,20:36,Delhi/NCR,Delhi,28.64606,77.17821,Clear,Two-Wheeler,Medium,0,1,Tuesday,September,MoRTH_Standardized_v2.1
MORTH23-11909,2023-04-06,20:24,Maharashtra,Mumbai,19.03681,72.87729,Clear,Auto-Rickshaw,Low,0,1,Thursday,April,MoRTH_Standardized_v2.1
MORTH23-11910,2023-04-20,16:02,Tamil Nadu,Coimbatore,11.00778,76.99557,Rainy,Bus,Medium,0,1,Thursday,April,MoRTH_Standardized_v2.1
MORTH23-11911,2023-08-11,17:41,Karnataka,Hubli,15.4173,75.1125,Cloudy,Two-Wheeler,Medium,0,2,Friday,August,MoRTH_Standardized_v2.1
MORTH23-11912,2023-03-25,04:57,Madhya Pradesh,Gwalior,26.26548,78.25515,Clear,Two-Wheeler,Critical,2,6,Saturday,March,MoRTH_Standardized_v2.1
MORTH23-11913,2023-01-28,19:14,Uttar Pradesh,Kanpur,26.43141,80.34249,Clear,Car/Jeep/Van,Low,0,0,Saturday,January,MoRTH_Standardized_v2.1
MORTH23-11914,2023-03-14,10:18,Delhi/NCR,Guwahati,26.15473,91.75139,Cloudy,Others,Low,0,1,Tuesday,March,MoRTH_Standardized_v2.1
MORTH23-11915,2023-05-03,06:11,Uttar Pradesh,Kanpur,26.41104,80.31335,Foggy,Car/Jeep/Van,High,0,3,Wednesday,May,MoRTH_Standardized_v2.1
MORTH23-11916,2023-06-09,16:16,Delhi/NCR,Delhi,28.66353,77.17183,Clear,Car/Jeep/Van,Medium,0,2,Friday,June,MoRTH_Standardized_v2.1
MORTH23-11917,2023-02-03,17:09,Andhra Pradesh,Vijayawada,16.55199,80.62408,Clear,Two-Wheeler,Medium,0,0,Friday,February,MoRTH_Standardized_v2.1
MORTH23-11918,2023-10-11,13:07,Karnataka,Bangalore,12.99966,77.56711,Clear,Two-Wheeler,High,0,3,Wednesday,October,MoRTH_Standardized_v2.1
MORTH23-11919,2023-10-26,08:38,Andhra Pradesh,Visakhapatnam,17.70485,83.17313,Foggy,Others,Medium,0,2,Thursday,October,MoRTH_Standardized_v2.1
MORTH23-11920,2023-10-30,17:09,Delhi/NCR,Delhi,28.66847,77.2601,Foggy,Others,High,1,3,Monday,October,MoRTH_Standardized_v2.1
MORTH23-11921,2023-01-08,20:48,Karnataka,Hubli,15.41712,75.16047,Clear,Two-Wheeler,High,0,2,Sunday,January,MoRTH_Standardized_v2.1
MORTH23-11922,2023-07-20,17:39,Delhi/NCR,Delhi,28.57219,77.24132,Clear,Two-Wheeler,Medium,0,2,Thursday,July,MoRTH_Standardized_v2.1
MORTH23-11923,2023-12-01,18:54,Tamil Nadu,Chennai,13.03316,80.28412,Clear,Two-Wheeler,Medium,0,0,Friday,December,MoRTH_Standardized_v2.1
MORTH23-11924,2023-04-03,06:05,Tamil Nadu,Chennai,13.08141,80.27894,Clear,Two-Wheeler,Medium,0,1,Monday,April,MoRTH_Standardized_v2.1
MORTH23-11925,2023-03-22,19:49,Delhi/NCR,Guwahati,26.1833,91.72413,Clear,Two-Wheeler,Medium,0,2,Wednesday,March,MoRTH_Standardized_v2.1
MORTH23-11926,2023-03-23,17:38,Delhi/NCR,Guwahati,26.14663,91.76816,Clear,Others,Low,0,0,Thursday,March,MoRTH_Standardized_v2.1
MORTH23-11927,2023-04-23,20:33,Delhi/NCR,Kolkata,22.56456,88.35572,Clear,Two-Wheeler,Medium,0,0,Sunday,April,MoRTH_Standardized_v2.1
MORTH23-11928,2023-09-17,23:23,Uttar Pradesh,Lucknow,26.8469,80.96738,Clear,Two-Wheeler,Critical,2,3,Sunday,September,MoRTH_Standardized_v2.1
MORTH23-11929,2023-11-18,02:52,Karnataka,Hubli,15.35926,75.12743,Rainy,Two-Wheeler,Critical,2,6,Saturday,November,MoRTH_Standardized_v2.1
MORTH23-11930,2023-12-20,11:42,Kerala,Thiruvananthapuram,8.50325,76.89234,Clear,Auto-Rickshaw,Low,0,0,Wednesday,December,MoRTH_Standardized_v2.1
MORTH23-11931,2023-10-20,20:26,Kerala,Kozhikode,11.28093,75.85625,Clear,Bus,Low,0,2,Friday,October,MoRTH_Standardized_v2.1
MORTH23-11932,2023-09-23,06:31,Delhi/NCR,Guwahati,26.14457,91.76653,Clear,Two-Wheeler,Medium,0,1,Saturday,September,MoRTH_Standardized_v2.1
MORTH23-11933,2023-06-23,14:16,Telangana,Hyderabad,17.41732,78.51011,Clear,Car/Jeep/Van,Medium,0,1,Friday,June,MoRTH_Standardized_v2.1
MORTH23-11934,2023-04-11,15:11,Telangana,Hyderabad,17.36889,78.52804,Foggy,Bus,High,0,1,Tuesday,April,MoRTH_Standardized_v2.1
MORTH23-11935,2023-10-16,14:43,Karnataka,Mysore,12.31558,76.64379,Clear,Two-Wheeler,High,0,2,Monday,October,MoRTH_Standardized_v2.1
MORTH23-11936,2023-09-27,22:11,Maharashtra,Mumbai,19.11305,72.89579,Clear,Auto-Rickshaw,Medium,0,1,Wednesday,September,MoRTH_Standardized_v2.1
MORTH23-11937,2023-12-16,19:58,Delhi/NCR,Delhi,28.61771,77.2249,Clear,Truck/Lorry,Medium,0,2,Saturday,December,MoRTH_Standardized_v2.1
MORTH23-11938,2023-01-11,06:16,Gujarat,Surat,21.21897,72.82576,Clear,Two-Wheeler,Medium,0,2,Wednesday,January,MoRTH_Standardized_v2.1
MORTH23-11939,2023-08-24,09:05,Andhra Pradesh,Visakhapatnam,17.71775,83.1973,Foggy,Two-Wheeler,Critical,3,2,Thursday,August,MoRTH_Standardized_v2.1
MORTH23-11940,2023-09-03,16:10,Uttar Pradesh,Agra,27.1921,78.00072,Clear,Two-Wheeler,Medium,0,2,Sunday,September,MoRTH_Standardized_v2.1
MORTH23-11941,2023-12-02,14:04,Andhra Pradesh,Vijayawada,16.48849,80.64629,Rainy,Car/Jeep/Van,Medium,0,0,Saturday,December,MoRTH_Standardized_v2.1
MORTH23-11942,2023-03-24,11:44,Delhi/NCR,Delhi,28.62878,77.21236,Clear,Bus,Low,0,0,Friday,March,MoRTH_Standardized_v2.1
MORTH23-11943,2023-06-08,19:39,Maharashtra,Nagpur,21.21626,79.08568,Clear,Two-Wheeler,Medium,0,1,Thursday,June,MoRTH_Standardized_v2.1
MORTH23-11944,2023-08-01,12:11,Telangana,Warangal,17.99697,79.61171,Clear,Two-Wheeler,Medium,0,0,Tuesday,August,MoRTH_Standardized_v2.1
MORTH23-11945,2023-01-19,13:52,Delhi/NCR,Guwahati,26.15833,91.70598,Clear,Car/Jeep/Van,Low,0,0,Thursday,January,MoRTH_Standardized_v2.1
MORTH23-11946,2023-02-09,09:54,Kerala,Thiruvananthapuram,8.50884,76.94097,Clear,Two-Wheeler,High,0,2,Thursday,February,MoRTH_Standardized_v2.1
MORTH23-11947,2023-09-30,16:17,Tamil Nadu,Coimbatore,11.03545,76.96373,Clear,Truck/Lorry,Medium,0,2,Saturday,September,MoRTH_Standardized_v2.1
MORTH23-11948,2023-10-13,08:39,Tamil Nadu,Coimbatore,11.03885,76.90217,Clear,Truck/Lorry,Medium,0,1,Friday,October,MoRTH_Standardized_v2.1
MORTH23-11949,2023-02-14,19:28,Andhra Pradesh,Visakhapatnam,17.70955,83.25548,Rainy,Two-Wheeler,High,1,1,Tuesday,February,MoRTH_Standardized_v2.1
MORTH23-11950,2023-08-04,09:06,Kerala,Thiruvananthapuram,8.52633,76.96847,Clear,Car/Jeep/Van,Low,0,0,Friday,August,MoRTH_Standardized_v2.1
MORTH23-11951,2023-07-05,18:19,Delhi/NCR,Delhi,28.61229,77.23469,Clear,Two-Wheeler,Medium,0,0,Wednesday,July,MoRTH_Standardized_v2.1
MORTH23-11952,2023-05-19,06:09,Rajasthan,Jodhpur,26.25789,72.98898,Foggy,Two-Wheeler,High,0,2,Friday,May,MoRTH_Standardized_v2.1
MORTH23-11953,2023-05-06,10:24,Madhya Pradesh,Indore,22.71319,75.8941,Clear,Bus,Low,0,1,Saturday,May,MoRTH_Standardized_v2.1
MORTH23-11954,2023-05-07,21:19,Tamil Nadu,Madurai,9.91956,78.09268,Clear,Two-Wheeler,Medium,0,1,Sunday,May,MoRTH_Standardized_v2.1
MORTH23-11955,2023-01-14,16:44,Rajasthan,Jaipur,26.95458,75.81182,Clear,Others,Low,0,0,Saturday,January,MoRTH_Standardized_v2.1
MORTH23-11956,2023-05-29,19:45,Gujarat,Ahmedabad,22.99255,72.62163,Clear,Truck/Lorry,Medium,0,2,Monday,May,MoRTH_Standardized_v2.1
MORTH23-11957,2023-02-23,16:10,Madhya Pradesh,Indore,22.74038,75.84531,Clear,Two-Wheeler,High,0,2,Thursday,February,MoRTH_Standardized_v2.1
MORTH23-11958,2023-03-24,16:23,Tamil Nadu,Coimbatore,10.99665,76.93223,Clear,Truck/Lorry,Medium,0,1,Friday,March,MoRTH_Standardized_v2.1
MORTH23-11959,2023-09-08,19:16,Uttar Pradesh,Kanpur,26.43065,80.35072,Clear,Two-Wheeler,High,0,3,Friday,September,MoRTH_Standardized_v2.1
MORTH23-11960,2023-04-01,12:08,Delhi/NCR,Kolkata,22.53816,88.32358,Clear,Two-Wheeler,High,0,2,Saturday,April,MoRTH_Standardized_v2.1
MORTH23-11961,2023-08-31,14:29,Karnataka,Hubli,15.39482,75.08961,Clear,Bus,Low,0,2,Thursday,August,MoRTH_Standardized_v2.1
MORTH23-11962,2023-01-17,16:32,Delhi/NCR,Guwahati,26.16464,91.72982,Clear,Car/Jeep/Van,Low,0,1,Tuesday,January,MoRTH_Standardized_v2.1
MORTH23-11963,2023-09-08,15:46,Uttar Pradesh,Lucknow,26.89389,80.95715,Clear,Bus,Low,0,2,Friday,September,MoRTH_Standardized_v2.1
MORTH23-11964,2023-11-06,05:22,Karnataka,Mysore,12.26556,76.62609,Clear,Two-Wheeler,Medium,0,1,Monday,November,MoRTH_Standardized_v2.1
MORTH23-11965,2023-05-16,15:22,Uttar Pradesh,Kanpur,26.48161,80.33468,Clear,Two-Wheeler,Medium,0,1,Tuesday,May,MoRTH_Standardized_v2.1
MORTH23-11966,2023-07-03,17:25,Uttar Pradesh,Kanpur,26.45808,80.35007,Clear,Others,Low,0,0,Monday,July,MoRTH_Standardized_v2.1
MORTH23-11967,2023-10-08,15:27,Karnataka,Hubli,15.3081,75.13686,Cloudy,Car/Jeep/Van,Low,0,0,Sunday,October,MoRTH_Standardized_v2.1
MORTH23-11968,2023-11-13,21:13,Rajasthan,Jodhpur,26.22812,73.06461,Clear,Auto-Rickshaw,Medium,0,0,Monday,November,MoRTH_Standardized_v2.1
MORTH23-11969,2023-11-12,06:43,Madhya Pradesh,Gwalior,26.19959,78.16411,Rainy,Truck/Lorry,Critical,1,4,Sunday,November,MoRTH_Standardized_v2.1
MORTH23-11970,2023-06-26,11:14,Uttar Pradesh,Lucknow,26.84632,80.93331,Clear,Two-Wheeler,Medium,0,1,Monday,June,MoRTH_Standardized_v2.1
MORTH23-11971,2023-07-09,07:29,Delhi/NCR,Kolkata,22.5726,88.37555,Foggy,Two-Wheeler,Critical,3,5,Sunday,July,MoRTH_Standardized_v2.1
MORTH23-11972,2023-01-10,11:24,Madhya Pradesh,Bhopal,23.23079,77.4769,Clear,Two-Wheeler,High,0,2,Tuesday,January,MoRTH_Standardized_v2.1
MORTH23-11973,2023-06-13,10:02,Andhra Pradesh,Vijayawada,16.53244,80.60608,Clear,Car/Jeep/Van,Medium,0,1,Tuesday,June,MoRTH_Standardized_v2.1
MORTH23-11974,2023-06-22,19:09,Andhra Pradesh,Visakhapatnam,17.65236,83.23661,Clear,Two-Wheeler,Medium,0,2,Thursday,June,MoRTH_Standardized_v2.1
MORTH23-11975,2023-03-17,07:07,Madhya Pradesh,Indore,22.69349,75.92068,Foggy,Two-Wheeler,Critical,1,6,Friday,March,MoRTH_Standardized_v2.1
MORTH23-11976,2023-09-30,08:16,Delhi/NCR,Kolkata,22.5579,88.33017,Foggy,Two-Wheeler,High,0,4,Saturday,September,MoRTH_Standardized_v2.1
MORTH23-11977,2023-07-31,17:10,Karnataka,Bangalore,12.95744,77.62927,Clear,Auto-Rickshaw,Low,0,2,Monday,July,MoRTH_Standardized_v2.1
MORTH23-11978,2023-01-21,17:21,Maharashtra,Mumbai,19.06391,72.86112,Clear,Bus,Low,0,0,Saturday,January,MoRTH_Standardized_v2.1
MORTH23-11979,2023-06-11,23:23,Madhya Pradesh,Gwalior,26.1868,78.1874,Rainy,Car/Jeep/Van,Critical,1,5,Sunday,June,MoRTH_Standardized_v2.1
MORTH23-11980,2023-10-29,18:02,Karnataka,Bangalore,12.99269,77.67568,Clear,Auto-Rickshaw,Low,0,0,Sunday,October,MoRTH_Standardized_v2.1
MORTH23-11981,2023-02-24,18:01,Madhya Pradesh,Indore,22.76058,75.81731,Clear,Car/Jeep/Van,Low,0,0,Friday,February,MoRTH_Standardized_v2.1
MORTH23-11982,2023-01-31,17:57,Uttar Pradesh,Lucknow,26.82744,80.98326,Rainy,Two-Wheeler,Critical,2,2,Tuesday,January,MoRTH_Standardized_v2.1
MORTH23-11983,2023-08-29,20:55,Karnataka,Hubli,15.36552,75.16945,Clear,Two-Wheeler,Medium,0,2,Tuesday,August,MoRTH_Standardized_v2.1
MORTH23-11984,2023-12-25,17:55,Uttar Pradesh,Lucknow,26.81689,80.94919,Rainy,Two-Wheeler,High,1,4,Monday,December,MoRTH_Standardized_v2.1
MORTH23-11985,2023-10-03,21:19,Karnataka,Bangalore,12.93549,77.60549,Clear,Others,Low,0,2,Tuesday,October,MoRTH_Standardized_v2.1
MORTH23-11986,2023-03-06,21:36,Delhi/NCR,Kolkata,22.58841,88.42265,Clear,Bus,Low,0,0,Monday,March,MoRTH_Standardized_v2.1
MORTH23-11987,2023-05-31,15:06,Karnataka,Mysore,12.27587,76.55786,Clear,Others,Medium,0,1,Wednesday,May,MoRTH_Standardized_v2.1
MORTH23-11988,2023-08-23,04:30,Gujarat,Surat,21.18802,72.81043,Clear,Two-Wheeler,High,0,4,Wednesday,August,MoRTH_Standardized_v2.1
MORTH23-11989,2023-07-23,21:52,Delhi/NCR,Delhi,28.61495,77.16914,Clear,Two-Wheeler,High,0,3,Sunday,July,MoRTH_Standardized_v2.1
MORTH23-11990,2023-04-30,15:39,Tamil Nadu,Madurai,9.94985,78.14043,Clear,Others,Medium,0,1,Sunday,April,MoRTH_Standardized_v2.1
MORTH23-11991,2023-05-06,09:33,Tamil Nadu,Coimbatore,11.04557,76.98452,Clear,Two-Wheeler,Medium,0,0,Saturday,May,MoRTH_Standardized_v2.1
MORTH23-11992,2023-11-17,15:36,Delhi/NCR,Guwahati,26.12368,91.73704,Clear,Two-Wheeler,High,1,4,Friday,November,MoRTH_Standardized_v2.1
MORTH23-11993,2023-01-04,16:49,Telangana,Warangal,17.97347,79.59986,Clear,Two-Wheeler,Medium,0,0,Wednesday,January,MoRTH_Standardized_v2.1
MORTH23-11994,2023-07-03,15:42,Andhra Pradesh,Vijayawada,16.53313,80.64542,Clear,Others,Low,0,2,Monday,July,MoRTH_Standardized_v2.1
MORTH23-11995,2023-03-12,03:11,Maharashtra,Mumbai,19.05449,72.85254,Clear,Auto-Rickshaw,Low,0,0,Sunday,March,MoRTH_Standardized_v2.1
MORTH23-11996,2023-02-18,11:07,Kerala,Kochi,9.96005,76.33642,Clear,Two-Wheeler,Medium,0,1,Saturday,February,MoRTH_Standardized_v2.1
MORTH23-11997,2023-08-24,15:59,Delhi/NCR,Guwahati,26.08754,91.72419,Clear,Others,Low,0,2,Thursday,August,MoRTH_Standardized_v2.1
MORTH23-11998,2023-11-03,22:53,Tamil Nadu,Madurai,9.93051,78.152,Foggy,Two-Wheeler,Critical,1,4,Friday,November,MoRTH_Standardized_v2.1
MORTH23-11999,2023-12-04,15:01,Maharashtra,Pune,18.54836,73.86457,Clear,Truck/Lorry,Medium,0,2,Monday,December,MoRTH_Standardized_v2.1
MORTH23-12000,2023-01-03,12:24,Andhra Pradesh,Vijayawada,16.51305,80.68692,Clear,Car/Jeep/Van,Low,0,0,Tuesday,January,MoRTH_Standardized_v2.1
MORTH23-12001,2023-08-03,19:29,Uttar Pradesh,Kanpur,26.41489,80.31364,Foggy,Two-Wheeler,High,0,3,Thursday,August,MoRTH_Standardized_v2.1
MORTH23-12002,2023-03-13,19:23,Delhi/NCR,Guwahati,26.13891,91.69469,Clear,Bus,Low,0,1,Monday,March,MoRTH_Standardized_v2.1
MORTH23-12003,2023-10-06,14:35,Delhi/NCR,Guwahati,26.10854,91.66255,Rainy,Bus,High,0,3,Friday,October,MoRTH_Standardized_v2.1
MORTH23-12004,2023-05-19,10:34,Madhya Pradesh,Gwalior,26.17633,78.15208,Rainy,Two-Wheeler,Critical,2,5,Friday,May,MoRTH_Standardized_v2.1
MORTH23-12005,2023-11-27,07:21,Tamil Nadu,Coimbatore,11.06948,76.9746,Cloudy,Auto-Rickshaw,Medium,0,1,Monday,November,MoRTH_Standardized_v2.1
MORTH23-12006,2023-09-27,12:04,Karnataka,Bangalore,12.9988,77.63618,Clear,Two-Wheeler,High,0,3,Wednesday,September,MoRTH_Standardized_v2.1
MORTH23-12007,2023-08-23,21:13,Uttar Pradesh,Agra,27.20699,78.03235,Clear,Two-Wheeler,Medium,0,2,Wednesday,August,MoRTH_Standardized_v2.1
MORTH23-12008,2023-10-14,20:02,Andhra Pradesh,Vijayawada,16.49086,80.62451,Clear,Bus,Low,0,1,Saturday,October,MoRTH_Standardized_v2.1
MORTH23-12009,2023-05-30,15:13,Madhya Pradesh,Gwalior,26.18471,78.14512,Clear,Two-Wheeler,Medium,0,2,Tuesday,May,MoRTH_Standardized_v2.1
MORTH23-12010,2023-06-11,14:12,Uttar Pradesh,Lucknow,26.87054,80.92735,Foggy,Bus,High,1,3,Sunday,June,MoRTH_Standardized_v2.1
MORTH23-12011,2023-09-04,17:49,Andhra Pradesh,Vijayawada,16.52364,80.65255,Clear,Two-Wheeler,Medium,0,1,Monday,September,MoRTH_Standardized_v2.1
MORTH23-12012,2023-05-03,09:50,Karnataka,Bangalore,12.99414,77.57896,Clear,Two-Wheeler,High,1,1,Wednesday,May,MoRTH_Standardized_v2.1
MORTH23-12013,2023-07-15,06:35,Maharashtra,Nagpur,21.08569,79.12332,Clear,Two-Wheeler,Medium,0,2,Saturday,July,MoRTH_Standardized_v2.1
MORTH23-12014,2023-01-18,16:29,Madhya Pradesh,Indore,22.77114,75.846,Clear,Others,Low,0,2,Wednesday,January,MoRTH_Standardized_v2.1
MORTH23-12015,2023-04-27,03:21,Kerala,Thiruvananthapuram,8.48767,76.93703,Clear,Auto-Rickshaw,Low,0,0,Thursday,April,MoRTH_Standardized_v2.1
MORTH23-12016,2023-04-13,02:25,Delhi/NCR,Guwahati,26.13094,91.76577,Clear,Two-Wheeler,Critical,1,3,Thursday,April,MoRTH_Standardized_v2.1
MORTH23-12017,2023-04-29,15:00,Delhi/NCR,Delhi,28.60659,77.17058,Foggy,Car/Jeep/Van,High,1,3,Saturday,April,MoRTH_Standardized_v2.1
MORTH23-12018,2023-03-11,03:32,Delhi/NCR,Delhi,28.5927,77.19167,Clear,Truck/Lorry,High,1,3,Saturday,March,MoRTH_Standardized_v2.1
MORTH23-12019,2023-04-19,13:01,Maharashtra,Mumbai,19.05899,72.92768,Cloudy,Two-Wheeler,Medium,0,2,Wednesday,April,MoRTH_Standardized_v2.1
MORTH23-12020,2023-06-30,21:58,Kerala,Kozhikode,11.24347,75.78203,Clear,Two-Wheeler,High,0,4,Friday,June,MoRTH_Standardized_v2.1
MORTH23-12021,2023-01-17,07:14,Delhi/NCR,Guwahati,26.09518,91.71218,Clear,Two-Wheeler,High,1,4,Tuesday,January,MoRTH_Standardized_v2.1
MORTH23-12022,2023-11-29,13:20,Gujarat,Surat,21.20222,72.83093,Clear,Car/Jeep/Van,Low,0,1,Wednesday,November,MoRTH_Standardized_v2.1
MORTH23-12023,2023-11-10,10:02,Andhra Pradesh,Visakhapatnam,17.70797,83.1726,Clear,Truck/Lorry,Low,0,2,Friday,November,MoRTH_Standardized_v2.1
MORTH23-12024,2023-04-16,08:50,Karnataka,Bangalore,12.97788,77.61778,Clear,Bus,Low,0,0,Sunday,April,MoRTH_Standardized_v2.1
MORTH23-12025,2023-06-09,18:48,Karnataka,Bangalore,12.95958,77.62014,Clear,Two-Wheeler,Medium,0,2,Friday,June,MoRTH_Standardized_v2.1
MORTH23-12026,2023-02-21,10:24,Delhi/NCR,Kolkata,22.54151,88.41058,Clear,Others,Low,0,2,Tuesday,February,MoRTH_Standardized_v2.1
MORTH23-12027,2023-10-05,20:45,Uttar Pradesh,Agra,27.22841,78.05028,Clear,Bus,Medium,0,1,Thursday,October,MoRTH_Standardized_v2.1
MORTH23-12028,2023-06-02,23:06,Maharashtra,Mumbai,19.11912,72.89061,Clear,Car/Jeep/Van,High,1,3,Friday,June,MoRTH_Standardized_v2.1
MORTH23-12029,2023-08-26,04:57,Tamil Nadu,Chennai,13.12023,80.31785,Clear,Two-Wheeler,High,0,3,Saturday,August,MoRTH_Standardized_v2.1
MORTH23-12030,2023-05-30,23:49,Delhi/NCR,Delhi,28.57895,77.19322,Clear,Truck/Lorry,Medium,0,2,Tuesday,May,MoRTH_Standardized_v2.1
MORTH23-12031,2023-07-23,06:04,Tamil Nadu,Coimbatore,11.03963,76.94605,Foggy,Car/Jeep/Van,High,1,4,Sunday,July,MoRTH_Standardized_v2.1
MORTH23-12032,2023-04-13,19:11,Andhra Pradesh,Visakhapatnam,17.66446,83.15479,Clear,Car/Jeep/Van,Low,0,2,Thursday,April,MoRTH_Standardized_v2.1
MORTH23-12033,2023-06-02,21:19,Madhya Pradesh,Bhopal,23.26375,77.41938,Cloudy,Truck/Lorry,Medium,0,2,Friday,June,MoRTH_Standardized_v2.1
MORTH23-12034,2023-01-07,11:00,Rajasthan,Jodhpur,26.24143,73.03494,Clear,Auto-Rickshaw,Low,0,1,Saturday,January,MoRTH_Standardized_v2.1
MORTH23-12035,2023-05-06,17:25,Tamil Nadu,Chennai,13.09092,80.24311,Clear,Truck/Lorry,Low,0,0,Saturday,May,MoRTH_Standardized_v2.1
MORTH23-12036,2023-02-03,14:57,Telangana,Warangal,17.96536,79.58058,Foggy,Car/Jeep/Van,High,0,4,Friday,February,MoRTH_Standardized_v2.1
MORTH23-12037,2023-10-20,17:36,Rajasthan,Jaipur,26.85534,75.81866,Clear,Two-Wheeler,High,1,1,Friday,October,MoRTH_Standardized_v2.1
MORTH23-12038,2023-04-11,13:38,Uttar Pradesh,Lucknow,26.85388,80.93405,Clear,Two-Wheeler,High,0,3,Tuesday,April,MoRTH_Standardized_v2.1
MORTH23-12039,2023-12-17,13:40,Delhi/NCR,Delhi,28.5795,77.20982,Clear,Two-Wheeler,High,0,1,Sunday,December,MoRTH_Standardized_v2.1
MORTH23-12040,2023-09-21,19:04,Madhya Pradesh,Bhopal,23.27114,77.43849,Rainy,Car/Jeep/Van,High,0,1,Thursday,September,MoRTH_Standardized_v2.1
MORTH23-12041,2023-08-25,10:43,Kerala,Thiruvananthapuram,8.5302,76.91239,Rainy,Truck/Lorry,Critical,2,5,Friday,August,MoRTH_Standardized_v2.1
MORTH23-12042,2023-10-28,07:50,Andhra Pradesh,Visakhapatnam,17.67934,83.24569,Clear,Two-Wheeler,Medium,0,0,Saturday,October,MoRTH_Standardized_v2.1
MORTH23-12043,2023-09-22,14:06,Andhra Pradesh,Vijayawada,16.50358,80.65552,Clear,Truck/Lorry,Low,0,0,Friday,September,MoRTH_Standardized_v2.1
MORTH23-12044,2023-03-06,18:12,Tamil Nadu,Chennai,13.09954,80.24664,Foggy,Two-Wheeler,Critical,2,6,Monday,March,MoRTH_Standardized_v2.1
MORTH23-12045,2023-04-25,16:35,Tamil Nadu,Coimbatore,11.02236,76.99016,Foggy,Truck/Lorry,Critical,3,6,Tuesday,April,MoRTH_Standardized_v2.1
MORTH23-12046,2023-11-12,15:26,Delhi/NCR,Kolkata,22.5638,88.37379,Clear,Auto-Rickshaw,Low,0,2,Sunday,November,MoRTH_Standardized_v2.1
MORTH23-12047,2023-08-09,15:34,Delhi/NCR,Guwahati,26.11425,91.75516,Rainy,Two-Wheeler,Critical,2,6,Wednesday,August,MoRTH_Standardized_v2.1
MORTH23-12048,2023-11-17,07:48,Gujarat,Surat,21.17266,72.84236,Clear,Two-Wheeler,High,0,1,Friday,November,MoRTH_Standardized_v2.1
MORTH23-12049,2023-01-26,18:05,Madhya Pradesh,Indore,22.71237,75.79826,Clear,Others,Low,0,2,Thursday,January,MoRTH_Standardized_v2.1
MORTH23-12050,2023-08-16,12:40,Maharashtra,Pune,18.50061,73.84491,Clear,Car/Jeep/Van,Low,0,0,Wednesday,August,MoRTH_Standardized_v2.1
MORTH23-12051,2023-11-06,11:30,Delhi/NCR,Guwahati,26.10255,91.73803,Foggy,Two-Wheeler,High,0,1,Monday,November,MoRTH_Standardized_v2.1
MORTH23-12052,2023-03-30,17:02,Uttar Pradesh,Kanpur,26.45861,80.39192,Rainy,Auto-Rickshaw,Medium,0,1,Thursday,March,MoRTH_Standardized_v2.1
MORTH23-12053,2023-01-30,23:09,Delhi/NCR,Kolkata,22.59421,88.3422,Clear,Others,Medium,0,0,Monday,January,MoRTH_Standardized_v2.1
MORTH23-12054,2023-06-15,12:40,Uttar Pradesh,Lucknow,26.81078,80.914,Clear,Bus,Low,0,0,Thursday,June,MoRTH_Standardized_v2.1
MORTH23-12055,2023-05-04,20:29,Delhi/NCR,Kolkata,22.55552,88.36221,Clear,Truck/Lorry,Medium,0,1,Thursday,May,MoRTH_Standardized_v2.1
MORTH23-12056,2023-04-10,07:16,Madhya Pradesh,Bhopal,23.25208,77.41856,Rainy,Two-Wheeler,Critical,2,6,Monday,April,MoRTH_Standardized_v2.1
MORTH23-12057,2023-04-25,21:48,Karnataka,Hubli,15.37991,75.15782,Clear,Two-Wheeler,Medium,0,1,Tuesday,April,MoRTH_Standardized_v2.1
MORTH23-12058,2023-01-09,00:03,Karnataka,Mysore,12.30844,76.58506,Cloudy,Car/Jeep/Van,High,0,4,Monday,January,MoRTH_Standardized_v2.1
MORTH23-12059,2023-03-31,22:11,Telangana,Warangal,17.937,79.66062,Cloudy,Two-Wheeler,Critical,3,6,Friday,March,MoRTH_Standardized_v2.1
MORTH23-12060,2023-09-09,17:59,Kerala,Kochi,9.93551,76.2802,Clear,Car/Jeep/Van,Low,0,0,Saturday,September,MoRTH_Standardized_v2.1
MORTH23-12061,2023-09-29,16:53,Delhi/NCR,Kolkata,22.57665,88.36721,Rainy,Truck/Lorry,Critical,2,4,Friday,September,MoRTH_Standardized_v2.1
MORTH23-12062,2023-04-10,15:14,Karnataka,Hubli,15.37339,75.10137,Rainy,Car/Jeep/Van,High,0,1,Monday,April,MoRTH_Standardized_v2.1
MORTH23-12063,2023-11-28,19:10,Delhi/NCR,Kolkata,22.63077,88.32721,Clear,Two-Wheeler,Medium,0,1,Tuesday,November,MoRTH_Standardized_v2.1
MORTH23-12064,2023-09-13,08:55,Kerala,Kochi,9.99692,76.22139,Clear,Car/Jeep/Van,Medium,0,1,Wednesday,September,MoRTH_Standardized_v2.1
MORTH23-12065,2023-02-23,13:08,Delhi/NCR,Kolkata,22.5796,88.39263,Cloudy,Car/Jeep/Van,Low,0,0,Thursday,February,MoRTH_Standardized_v2.1
MORTH23-12066,2023-01-08,16:48,Kerala,Thiruvananthapuram,8.4965,76.91748,Foggy,Two-Wheeler,Critical,1,4,Sunday,January,MoRTH_Standardized_v2.1
MORTH23-12067,2023-01-18,15:16,Delhi/NCR,Kolkata,22.58927,88.45849,Foggy,Car/Jeep/Van,High,0,2,Wednesday,January,MoRTH_Standardized_v2.1
MORTH23-12068,2023-04-06,15:33,Rajasthan,Jodhpur,26.24999,73.00075,Clear,Bus,Medium,0,2,Thursday,April,MoRTH_Standardized_v2.1
MORTH23-12069,2023-01-30,12:38,Delhi/NCR,Kolkata,22.56248,88.35867,Rainy,Car/Jeep/Van,Medium,0,2,Monday,January,MoRTH_Standardized_v2.1
MORTH23-12070,2023-02-24,20:15,Andhra Pradesh,Vijayawada,16.51745,80.58799,Clear,Two-Wheeler,High,0,1,Friday,February,MoRTH_Standardized_v2.1
MORTH23-12071,2023-08-21,15:34,Delhi/NCR,Guwahati,26.16325,91.74047,Clear,Car/Jeep/Van,Medium,0,0,Monday,August,MoRTH_Standardized_v2.1
MORTH23-12072,2023-08-16,09:59,Tamil Nadu,Chennai,13.10569,80.22323,Clear,Others,Low,0,0,Wednesday,August,MoRTH_Standardized_v2.1
MORTH23-12073,2023-01-13,11:35,Delhi/NCR,Guwahati,26.11093,91.7219,Cloudy,Two-Wheeler,High,0,1,Friday,January,MoRTH_Standardized_v2.1
MORTH23-12074,2023-12-09,07:13,Uttar Pradesh,Agra,27.15202,78.06781,Clear,Two-Wheeler,High,1,4,Saturday,December,MoRTH_Standardized_v2.1
MORTH23-12075,2023-04-08,10:59,Gujarat,Surat,21.11092,72.8565,Clear,Car/Jeep/Van,Low,0,2,Saturday,April,MoRTH_Standardized_v2.1
MORTH23-12076,2023-10-27,01:01,Delhi/NCR,Guwahati,26.16939,91.7415,Clear,Car/Jeep/Van,Low,0,0,Friday,October,MoRTH_Standardized_v2.1
MORTH23-12077,2023-08-11,09:56,Tamil Nadu,Chennai,13.05363,80.2527,Foggy,Auto-Rickshaw,High,0,1,Friday,August,MoRTH_Standardized_v2.1
MORTH23-12078,2023-02-19,04:38,Delhi/NCR,Delhi,28.60218,77.21442,Clear,Two-Wheeler,Critical,2,3,Sunday,February,MoRTH_Standardized_v2.1
MORTH23-12079,2023-05-25,16:28,Delhi/NCR,Delhi,28.62648,77.2197,Clear,Others,Medium,0,2,Thursday,May,MoRTH_Standardized_v2.1
MORTH23-12080,2023-06-16,11:42,Maharashtra,Mumbai,19.05669,72.89309,Clear,Truck/Lorry,High,1,1,Friday,June,MoRTH_Standardized_v2.1
MORTH23-12081,2023-08-06,20:34,Delhi/NCR,Guwahati,26.14358,91.72592,Clear,Auto-Rickshaw,Low,0,1,Sunday,August,MoRTH_Standardized_v2.1
MORTH23-12082,2023-05-16,14:57,Telangana,Hyderabad,17.33384,78.52293,Clear,Others,Low,0,2,Tuesday,May,MoRTH_Standardized_v2.1
MORTH23-12083,2023-10-23,18:33,Madhya Pradesh,Indore,22.70563,75.88444,Clear,Two-Wheeler,High,0,1,Monday,October,MoRTH_Standardized_v2.1
MORTH23-12084,2023-01-29,10:52,Delhi/NCR,Delhi,28.5883,77.24262,Clear,Truck/Lorry,High,0,4,Sunday,January,MoRTH_Standardized_v2.1
MORTH23-12085,2023-05-12,14:28,Delhi/NCR,Delhi,28.61989,77.21466,Foggy,Bus,High,1,3,Friday,May,MoRTH_Standardized_v2.1
MORTH23-12086,2023-01-19,13:03,Delhi/NCR,Kolkata,22.58195,88.37698,Clear,Auto-Rickshaw,Low,0,1,Thursday,January,MoRTH_Standardized_v2.1
MORTH23-12087,2023-02-19,09:48,Madhya Pradesh,Gwalior,26.26096,78.1499,Clear,Two-Wheeler,High,1,1,Sunday,February,MoRTH_Standardized_v2.1
MORTH23-12088,2023-05-06,13:30,Delhi/NCR,Kolkata,22.60705,88.37317,Clear,Car/Jeep/Van,Low,0,2,Saturday,May,MoRTH_Standardized_v2.1
MORTH23-12089,2023-10-18,19:58,Maharashtra,Nagpur,21.11126,79.12519,Clear,Two-Wheeler,Medium,0,0,Wednesday,October,MoRTH_Standardized_v2.1
MORTH23-12090,2023-12-02,20:53,Uttar Pradesh,Kanpur,26.45972,80.33887,Clear,Car/Jeep/Van,Medium,0,1,Saturday,December,MoRTH_Standardized_v2.1
MORTH23-12091,2023-11-01,00:48,Delhi/NCR,Kolkata,22.54576,88.34465,Clear,Two-Wheeler,High,0,2,Wednesday,November,MoRTH_Standardized_v2.1
MORTH23-12092,2023-03-09,21:43,Tamil Nadu,Coimbatore,10.99719,76.9394,Clear,Car/Jeep/Van,Low,0,0,Thursday,March,MoRTH_Standardized_v2.1
MORTH23-12093,2023-05-15,09:38,Delhi/NCR,Kolkata,22.56551,88.3993,Clear,Bus,Low,0,2,Monday,May,MoRTH_Standardized_v2.1
MORTH23-12094,2023-11-03,15:33,Telangana,Hyderabad,17.4373,78.51948,Clear,Auto-Rickshaw,Low,0,0,Friday,November,MoRTH_Standardized_v2.1
MORTH23-12095,2023-10-09,00:01,Andhra Pradesh,Visakhapatnam,17.64764,83.23804,Rainy,Two-Wheeler,Critical,3,4,Monday,October,MoRTH_Standardized_v2.1
MORTH23-12096,2023-10-31,06:24,Delhi/NCR,Guwahati,26.13806,91.701,Clear,Two-Wheeler,High,1,3,Tuesday,October,MoRTH_Standardized_v2.1
MORTH23-12097,2023-05-21,16:56,Madhya Pradesh,Bhopal,23.27885,77.42794,Foggy,Truck/Lorry,Critical,2,3,Sunday,May,MoRTH_Standardized_v2.1
MORTH23-12098,2023-01-17,19:46,Karnataka,Hubli,15.31167,75.17031,Clear,Two-Wheeler,Medium,0,0,Tuesday,January,MoRTH_Standardized_v2.1
MORTH23-12099,2023-12-25,05:50,Tamil Nadu,Coimbatore,11.07955,76.92995,Clear,Others,Low,0,2,Monday,December,MoRTH_Standardized_v2.1
MORTH23-12100,2023-06-26,15:02,Telangana,Hyderabad,17.37383,78.51091,Rainy,Others,Medium,0,2,Monday,June,MoRTH_Standardized_v2.1
MORTH23-12101,2023-05-19,08:31,Tamil Nadu,Madurai,9.92821,78.08446,Clear,Car/Jeep/Van,Medium,0,2,Friday,May,MoRTH_Standardized_v2.1
MORTH23-12102,2023-11-09,09:36,Delhi/NCR,Guwahati,26.17701,91.66819,Clear,Two-Wheeler,High,1,1,Thursday,November,MoRTH_Standardized_v2.1
MORTH23-12103,2023-01-02,07:07,Kerala,Thiruvananthapuram,8.50975,76.92784,Clear,Truck/Lorry,Medium,0,1,Monday,January,MoRTH_Standardized_v2.1
MORTH23-12104,2023-02-24,07:58,Tamil Nadu,Chennai,13.05943,80.27133,Clear,Car/Jeep/Van,Low,0,2,Friday,February,MoRTH_Standardized_v2.1
MORTH23-12105,2023-02-06,21:26,Tamil Nadu,Madurai,9.96456,78.17395,Rainy,Auto-Rickshaw,High,1,1,Monday,February,MoRTH_Standardized_v2.1
MORTH23-12106,2023-09-20,12:12,Andhra Pradesh,Vijayawada,16.48407,80.69316,Clear,Auto-Rickshaw,Medium,0,0,Wednesday,September,MoRTH_Standardized_v2.1
MORTH23-12107,2023-08-31,15:21,Rajasthan,Jaipur,26.86006,75.80628,Clear,Two-Wheeler,Medium,0,2,Thursday,August,MoRTH_Standardized_v2.1
MORTH23-12108,2023-09-01,14:01,Tamil Nadu,Madurai,9.91997,78.07425,Clear,Auto-Rickshaw,Low,0,2,Friday,September,MoRTH_Standardized_v2.1
MORTH23-12109,2023-08-16,11:00,Rajasthan,Jaipur,26.86017,75.77018,Clear,Two-Wheeler,Medium,0,1,Wednesday,August,MoRTH_Standardized_v2.1
MORTH23-12110,2023-03-06,15:31,Andhra Pradesh,Vijayawada,16.47636,80.70127,Clear,Truck/Lorry,Medium,0,0,Monday,March,MoRTH_Standardized_v2.1
MORTH23-12111,2023-02-06,16:49,Madhya Pradesh,Bhopal,23.2894,77.40882,Clear,Truck/Lorry,Low,0,2,Monday,February,MoRTH_Standardized_v2.1
MORTH23-12112,2023-07-17,22:42,Karnataka,Mysore,12.3339,76.58946,Foggy,Auto-Rickshaw,High,0,1,Monday,July,MoRTH_Standardized_v2.1
MORTH23-12113,2023-06-25,05:34,Karnataka,Bangalore,12.96318,77.56151,Clear,Two-Wheeler,Medium,0,2,Sunday,June,MoRTH_Standardized_v2.1
MORTH23-12114,2023-11-07,21:57,Delhi/NCR,Guwahati,26.18376,91.77404,Clear,Two-Wheeler,High,1,1,Tuesday,November,MoRTH_Standardized_v2.1
MORTH23-12115,2023-08-25,18:38,Maharashtra,Mumbai,19.11204,72.85671,Foggy,Others,Medium,0,1,Friday,August,MoRTH_Standardized_v2.1
MORTH23-12116,2023-07-31,07:26,Uttar Pradesh,Lucknow,26.82945,80.98755,Clear,Auto-Rickshaw,Medium,0,1,Monday,July,MoRTH_Standardized_v2.1
MORTH23-12117,2023-03-20,19:07,Delhi/NCR,Kolkata,22.59136,88.31505,Clear,Two-Wheeler,High,0,4,Monday,March,MoRTH_Standardized_v2.1
MORTH23-12118,2023-09-10,22:57,Rajasthan,Jodhpur,26.21336,73.04126,Clear,Auto-Rickshaw,Medium,0,2,Sunday,September,MoRTH_Standardized_v2.1
MORTH23-12119,2023-02-28,09:23,Delhi/NCR,Delhi,28.57725,77.18964,Clear,Bus,Low,0,1,Tuesday,February,MoRTH_Standardized_v2.1
MORTH23-12120,2023-03-10,03:37,Delhi/NCR,Kolkata,22.57189,88.32402,Clear,Others,Low,0,2,Friday,March,MoRTH_Standardized_v2.1
MORTH23-12121,2023-05-26,15:10,Maharashtra,Pune,18.54604,73.84036,Clear,Truck/Lorry,Medium,0,2,Friday,May,MoRTH_Standardized_v2.1
MORTH23-12122,2023-02-23,07:53,Madhya Pradesh,Indore,22.7453,75.89752,Cloudy,Truck/Lorry,Medium,0,2,Thursday,February,MoRTH_Standardized_v2.1
MORTH23-12123,2023-09-19,15:10,Delhi/NCR,Kolkata,22.56663,88.31717,Clear,Truck/Lorry,Medium,0,0,Tuesday,September,MoRTH_Standardized_v2.1
MORTH23-12124,2023-01-13,03:19,Uttar Pradesh,Agra,27.22207,78.05116,Clear,Car/Jeep/Van,Medium,0,1,Friday,January,MoRTH_Standardized_v2.1
MORTH23-12125,2023-06-07,01:11,Rajasthan,Jaipur,26.95081,75.76488,Clear,Car/Jeep/Van,Low,0,2,Wednesday,June,MoRTH_Standardized_v2.1
MORTH23-12126,2023-01-09,07:36,Uttar Pradesh,Lucknow,26.84844,80.93501,Clear,Auto-Rickshaw,Medium,0,0,Monday,January,MoRTH_Standardized_v2.1
MORTH23-12127,2023-09-28,13:59,Telangana,Hyderabad,17.35742,78.46907,Rainy,Two-Wheeler,Critical,3,5,Thursday,September,MoRTH_Standardized_v2.1
MORTH23-12128,2023-12-14,14:53,Uttar Pradesh,Lucknow,26.77652,80.93438,Clear,Car/Jeep/Van,Low,0,1,Thursday,December,MoRTH_Standardized_v2.1
MORTH23-12129,2023-05-30,15:14,Rajasthan,Jodhpur,26.25859,73.02661,Rainy,Bus,Medium,0,0,Tuesday,May,MoRTH_Standardized_v2.1
MORTH23-12130,2023-11-21,06:35,Delhi/NCR,Kolkata,22.55329,88.35455,Clear,Others,Low,0,1,Tuesday,November,MoRTH_Standardized_v2.1
MORTH23-12131,2023-04-27,21:34,Maharashtra,Mumbai,18.9944,72.9081,Clear,Others,Low,0,2,Thursday,April,MoRTH_Standardized_v2.1
MORTH23-12132,2023-07-29,16:26,Maharashtra,Nagpur,21.1417,79.07218,Clear,Truck/Lorry,Medium,0,0,Saturday,July,MoRTH_Standardized_v2.1
MORTH23-12133,2023-10-10,19:57,Maharashtra,Mumbai,19.02913,72.88523,Clear,Auto-Rickshaw,Medium,0,1,Tuesday,October,MoRTH_Standardized_v2.1
MORTH23-12134,2023-04-13,12:08,Madhya Pradesh,Indore,22.69415,75.82024,Clear,Two-Wheeler,High,0,4,Thursday,April,MoRTH_Standardized_v2.1
MORTH23-12135,2023-04-04,02:59,Madhya Pradesh,Gwalior,26.21424,78.2633,Foggy,Others,Critical,1,3,Tuesday,April,MoRTH_Standardized_v2.1
MORTH23-12136,2023-05-19,11:26,Kerala,Thiruvananthapuram,8.54499,76.95745,Rainy,Truck/Lorry,Critical,1,4,Friday,May,MoRTH_Standardized_v2.1
MORTH23-12137,2023-10-31,05:29,Delhi/NCR,Guwahati,26.16255,91.68022,Clear,Two-Wheeler,Medium,0,1,Tuesday,October,MoRTH_Standardized_v2.1
MORTH23-12138,2023-11-26,07:09,Rajasthan,Jodhpur,26.21753,72.99717,Clear,Bus,Low,0,0,Sunday,November,MoRTH_Standardized_v2.1
MORTH23-12139,2023-09-07,09:14,Delhi/NCR,Delhi,28.57463,77.17276,Clear,Two-Wheeler,Medium,0,2,Thursday,September,MoRTH_Standardized_v2.1
MORTH23-12140,2023-02-27,14:37,Karnataka,Bangalore,12.9579,77.60296,Clear,Car/Jeep/Van,Low,0,0,Monday,February,MoRTH_Standardized_v2.1
MORTH23-12141,2023-06-19,17:44,Telangana,Warangal,17.96321,79.57086,Clear,Two-Wheeler,High,1,1,Monday,June,MoRTH_Standardized_v2.1
MORTH23-12142,2023-12-21,08:36,Delhi/NCR,Guwahati,26.11332,91.7435,Foggy,Auto-Rickshaw,Medium,0,1,Thursday,December,MoRTH_Standardized_v2.1
MORTH23-12143,2023-11-08,21:15,Tamil Nadu,Madurai,9.89876,78.14314,Clear,Truck/Lorry,Medium,0,1,Wednesday,November,MoRTH_Standardized_v2.1
MORTH23-12144,2023-03-16,08:27,Gujarat,Ahmedabad,23.05065,72.58478,Clear,Car/Jeep/Van,Medium,0,0,Thursday,March,MoRTH_Standardized_v2.1
MORTH23-12145,2023-05-04,00:27,Rajasthan,Jodhpur,26.24788,73.05623,Clear,Auto-Rickshaw,Medium,0,2,Thursday,May,MoRTH_Standardized_v2.1
MORTH23-12146,2023-01-28,10:51,Delhi/NCR,Kolkata,22.54749,88.37883,Rainy,Two-Wheeler,Critical,1,3,Saturday,January,MoRTH_Standardized_v2.1
MORTH23-12147,2023-02-15,11:21,Uttar Pradesh,Lucknow,26.86294,80.95394,Clear,Two-Wheeler,High,0,4,Wednesday,February,MoRTH_Standardized_v2.1
MORTH23-12148,2023-01-03,08:31,Madhya Pradesh,Indore,22.72687,75.88446,Clear,Two-Wheeler,Medium,0,0,Tuesday,January,MoRTH_Standardized_v2.1
MORTH23-12149,2023-08-21,23:43,Uttar Pradesh,Agra,27.1765,77.97575,Clear,Two-Wheeler,High,0,1,Monday,August,MoRTH_Standardized_v2.1
MORTH23-12150,2023-04-20,19:57,Delhi/NCR,Delhi,28.63291,77.21244,Clear,Auto-Rickshaw,Low,0,0,Thursday,April,MoRTH_Standardized_v2.1
MORTH23-12151,2023-07-24,12:23,Andhra Pradesh,Vijayawada,16.51444,80.61171,Cloudy,Bus,Medium,0,1,Monday,July,MoRTH_Standardized_v2.1
MORTH23-12152,2023-03-03,14:04,Madhya Pradesh,Gwalior,26.24221,78.18153,Clear,Others,Medium,0,2,Friday,March,MoRTH_Standardized_v2.1
MORTH23-12153,2023-04-13,19:42,Maharashtra,Mumbai,19.05224,72.89407,Clear,Two-Wheeler,Medium,0,1,Thursday,April,MoRTH_Standardized_v2.1
MORTH23-12154,2023-06-21,06:11,Tamil Nadu,Madurai,9.9166,78.12713,Cloudy,Auto-Rickshaw,Low,0,0,Wednesday,June,MoRTH_Standardized_v2.1
MORTH23-12155,2023-10-03,22:40,Tamil Nadu,Madurai,9.88175,78.1352,Clear,Two-Wheeler,Critical,2,2,Tuesday,October,MoRTH_Standardized_v2.1
MORTH23-12156,2023-07-24,17:37,Uttar Pradesh,Kanpur,26.38337,80.29663,Foggy,Auto-Rickshaw,Medium,0,0,Monday,July,MoRTH_Standardized_v2.1
MORTH23-12157,2023-07-15,19:40,Maharashtra,Nagpur,21.12779,79.08722,Rainy,Two-Wheeler,Critical,1,6,Saturday,July,MoRTH_Standardized_v2.1
MORTH23-12158,2023-01-22,19:44,Karnataka,Bangalore,12.94798,77.57075,Foggy,Two-Wheeler,Critical,2,5,Sunday,January,MoRTH_Standardized_v2.1
MORTH23-12159,2023-04-08,14:06,Gujarat,Ahmedabad,23.01741,72.65754,Clear,Car/Jeep/Van,Low,0,0,Saturday,April,MoRTH_Standardized_v2.1
MORTH23-12160,2023-10-16,19:32,Uttar Pradesh,Kanpur,26.52131,80.31042,Rainy,Others,High,0,4,Monday,October,MoRTH_Standardized_v2.1
MORTH23-12161,2023-03-05,01:48,Delhi/NCR,Kolkata,22.63934,88.38722,Clear,Truck/Lorry,Critical,1,3,Sunday,March,MoRTH_Standardized_v2.1
MORTH23-12162,2023-01-31,12:05,Andhra Pradesh,Vijayawada,16.5231,80.64846,Clear,Auto-Rickshaw,Low,0,0,Tuesday,January,MoRTH_Standardized_v2.1
MORTH23-12163,2023-06-10,13:43,Delhi/NCR,Kolkata,22.56075,88.35373,Clear,Auto-Rickshaw,Low,0,2,Saturday,June,MoRTH_Standardized_v2.1
MORTH23-12164,2023-05-08,21:20,Rajasthan,Jodhpur,26.17132,73.04665,Clear,Car/Jeep/Van,Low,0,0,Monday,May,MoRTH_Standardized_v2.1
MORTH23-12165,2023-01-14,12:00,Delhi/NCR,Guwahati,26.13196,91.67793,Cloudy,Car/Jeep/Van,Low,0,2,Saturday,January,MoRTH_Standardized_v2.1
MORTH23-12166,2023-08-10,00:04,Tamil Nadu,Coimbatore,11.00349,76.93396,Clear,Bus,Low,0,1,Thursday,August,MoRTH_Standardized_v2.1
MORTH23-12167,2023-08-01,21:51,Madhya Pradesh,Bhopal,23.25689,77.36565,Clear,Others,Low,0,0,Tuesday,August,MoRTH_Standardized_v2.1
MORTH23-12168,2023-03-11,22:08,Kerala,Kochi,9.88291,76.28226,Clear,Two-Wheeler,Critical,3,5,Saturday,March,MoRTH_Standardized_v2.1
MORTH23-12169,2023-07-05,17:44,Karnataka,Mysore,12.2926,76.63546,Clear,Two-Wheeler,High,0,2,Wednesday,July,MoRTH_Standardized_v2.1
MORTH23-12170,2023-10-21,16:24,Delhi/NCR,Delhi,28.60223,77.2153,Clear,Bus,Low,0,1,Saturday,October,MoRTH_Standardized_v2.1
MORTH23-12171,2023-10-23,17:37,Delhi/NCR,Kolkata,22.53854,88.36641,Clear,Bus,Low,0,0,Monday,October,MoRTH_Standardized_v2.1
MORTH23-12172,2023-08-16,23:20,Madhya Pradesh,Bhopal,23.28319,77.4334,Rainy,Truck/Lorry,Critical,2,5,Wednesday,August,MoRTH_Standardized_v2.1
MORTH23-12173,2023-06-23,08:06,Tamil Nadu,Madurai,9.93955,78.09566,Clear,Others,Low,0,2,Friday,June,MoRTH_Standardized_v2.1
MORTH23-12174,2023-10-04,14:23,Kerala,Thiruvananthapuram,8.52836,76.95132,Clear,Two-Wheeler,High,0,4,Wednesday,October,MoRTH_Standardized_v2.1
MORTH23-12175,2023-07-22,11:04,Kerala,Thiruvananthapuram,8.52683,76.90381,Clear,Car/Jeep/Van,Low,0,0,Saturday,July,MoRTH_Standardized_v2.1
MORTH23-12176,2023-10-02,20:09,Tamil Nadu,Madurai,9.86797,78.10814,Clear,Two-Wheeler,Medium,0,0,Monday,October,MoRTH_Standardized_v2.1
MORTH23-12177,2023-02-22,11:47,Karnataka,Mysore,12.28043,76.63541,Clear,Others,Low,0,0,Wednesday,February,MoRTH_Standardized_v2.1
MORTH23-12178,2023-09-28,12:34,Tamil Nadu,Madurai,9.91037,78.10445,Clear,Auto-Rickshaw,Low,0,2,Thursday,September,MoRTH_Standardized_v2.1
MORTH23-12179,2023-05-10,08:01,Rajasthan,Jodhpur,26.27071,72.99782,Clear,Bus,Low,0,1,Wednesday,May,MoRTH_Standardized_v2.1
MORTH23-12180,2023-02-09,23:12,Kerala,Thiruvananthapuram,8.55294,76.9492,Rainy,Truck/Lorry,Critical,1,3,Thursday,February,MoRTH_Standardized_v2.1
MORTH23-12181,2023-04-29,23:30,Tamil Nadu,Chennai,13.10008,80.25352,Clear,Auto-Rickshaw,Medium,0,2,Saturday,April,MoRTH_Standardized_v2.1
MORTH23-12182,2023-07-24,03:13,Tamil Nadu,Madurai,9.90251,78.09179,Cloudy,Two-Wheeler,Critical,3,6,Monday,July,MoRTH_Standardized_v2.1
MORTH23-12183,2023-11-29,21:34,Telangana,Warangal,17.92116,79.56191,Rainy,Two-Wheeler,High,0,3,Wednesday,November,MoRTH_Standardized_v2.1
MORTH23-12184,2023-04-06,20:23,Karnataka,Bangalore,12.97039,77.58414,Clear,Two-Wheeler,High,0,2,Thursday,April,MoRTH_Standardized_v2.1
MORTH23-12185,2023-04-11,13:41,Madhya Pradesh,Bhopal,23.27193,77.41003,Foggy,Car/Jeep/Van,Medium,0,1,Tuesday,April,MoRTH_Standardized_v2.1
MORTH23-12186,2023-11-18,04:50,Kerala,Thiruvananthapuram,8.44458,76.91974,Clear,Auto-Rickshaw,Medium,0,2,Saturday,November,MoRTH_Standardized_v2.1
MORTH23-12187,2023-10-17,16:25,Delhi/NCR,Kolkata,22.56874,88.37888,Rainy,Two-Wheeler,Critical,1,4,Tuesday,October,MoRTH_Standardized_v2.1
MORTH23-12188,2023-04-30,20:31,Karnataka,Bangalore,12.97437,77.58982,Rainy,Two-Wheeler,Critical,1,5,Sunday,April,MoRTH_Standardized_v2.1
MORTH23-12189,2023-04-05,11:58,Delhi/NCR,Delhi,28.68096,77.20715,Clear,Two-Wheeler,High,1,4,Wednesday,April,MoRTH_Standardized_v2.1
MORTH23-12190,2023-08-04,17:24,Kerala,Kochi,9.96817,76.21877,Clear,Auto-Rickshaw,Low,0,2,Friday,August,MoRTH_Standardized_v2.1
MORTH23-12191,2023-06-29,19:23,Karnataka,Hubli,15.3213,75.1066,Cloudy,Bus,Medium,0,1,Thursday,June,MoRTH_Standardized_v2.1
MORTH23-12192,2023-12-24,21:20,Delhi/NCR,Delhi,28.62773,77.20626,Clear,Two-Wheeler,Medium,0,2,Sunday,December,MoRTH_Standardized_v2.1
MORTH23-12193,2023-06-04,19:21,Karnataka,Bangalore,12.95746,77.60791,Clear,Truck/Lorry,High,0,2,Sunday,June,MoRTH_Standardized_v2.1
MORTH23-12194,2023-05-06,17:52,Uttar Pradesh,Lucknow,26.86806,80.90094,Clear,Two-Wheeler,High,0,3,Saturday,May,MoRTH_Standardized_v2.1
MORTH23-12195,2023-10-13,19:33,Delhi/NCR,Guwahati,26.1064,91.75382,Clear,Bus,Low,0,0,Friday,October,MoRTH_Standardized_v2.1
MORTH23-12196,2023-05-14,15:22,Delhi/NCR,Kolkata,22.53531,88.36731,Cloudy,Two-Wheeler,Medium,0,1,Sunday,May,MoRTH_Standardized_v2.1
MORTH23-12197,2023-09-20,12:27,Telangana,Warangal,18.04223,79.6183,Clear,Two-Wheeler,Medium,0,2,Wednesday,September,MoRTH_Standardized_v2.1
MORTH23-12198,2023-09-27,11:47,Madhya Pradesh,Indore,22.72519,75.90691,Rainy,Others,High,0,4,Wednesday,September,MoRTH_Standardized_v2.1
MORTH23-12199,2023-12-10,09:45,Tamil Nadu,Coimbatore,10.97253,76.95394,Foggy,Two-Wheeler,Critical,2,5,Sunday,December,MoRTH_Standardized_v2.1
MORTH23-12200,2023-01-28,02:54,Andhra Pradesh,Vijayawada,16.46446,80.62827,Rainy,Others,Critical,2,4,Saturday,January,MoRTH_Standardized_v2.1
MORTH23-12201,2023-03-30,09:32,Delhi/NCR,Guwahati,26.1091,91.67305,Rainy,Truck/Lorry,High,0,4,Thursday,March,MoRTH_Standardized_v2.1
MORTH23-12202,2023-12-15,08:51,Delhi/NCR,Delhi,28.61718,77.13925,Clear,Car/Jeep/Van,Low,0,0,Friday,December,MoRTH_Standardized_v2.1
MORTH23-12203,2023-11-30,14:57,Tamil Nadu,Madurai,9.91929,78.14314,Clear,Two-Wheeler,Medium,0,0,Thursday,November,MoRTH_Standardized_v2.1
MORTH23-12204,2023-10-03,18:48,Maharashtra,Pune,18.52809,73.83895,Clear,Two-Wheeler,Medium,0,2,Tuesday,October,MoRTH_Standardized_v2.1
MORTH23-12205,2023-08-29,09:55,Tamil Nadu,Chennai,13.09397,80.24073,Clear,Truck/Lorry,Medium,0,0,Tuesday,August,MoRTH_Standardized_v2.1
MORTH23-12206,2023-05-31,02:08,Andhra Pradesh,Vijayawada,16.49122,80.62257,Clear,Truck/Lorry,Medium,0,0,Wednesday,May,MoRTH_Standardized_v2.1
MORTH23-12207,2023-01-26,10:36,Delhi/NCR,Delhi,28.62795,77.20486,Rainy,Two-Wheeler,Critical,3,3,Thursday,January,MoRTH_Standardized_v2.1
MORTH23-12208,2023-04-08,20:51,Madhya Pradesh,Bhopal,23.25838,77.40462,Clear,Others,Low,0,0,Saturday,April,MoRTH_Standardized_v2.1
MORTH23-12209,2023-09-11,19:49,Telangana,Warangal,17.94781,79.58173,Clear,Others,Low,0,2,Monday,September,MoRTH_Standardized_v2.1
MORTH23-12210,2023-10-26,15:36,Delhi/NCR,Kolkata,22.575,88.41666,Rainy,Others,High,0,3,Thursday,October,MoRTH_Standardized_v2.1
MORTH23-12211,2023-06-10,20:58,Uttar Pradesh,Agra,27.2067,77.98284,Clear,Two-Wheeler,Medium,0,0,Saturday,June,MoRTH_Standardized_v2.1
MORTH23-12212,2023-12-09,17:09,Telangana,Warangal,17.98782,79.61315,Cloudy,Car/Jeep/Van,Low,0,1,Saturday,December,MoRTH_Standardized_v2.1
MORTH23-12213,2023-07-17,23:08,Madhya Pradesh,Indore,22.71782,75.84672,Clear,Car/Jeep/Van,Medium,0,2,Monday,July,MoRTH_Standardized_v2.1
MORTH23-12214,2023-01-15,21:20,Maharashtra,Nagpur,21.13951,79.05756,Clear,Car/Jeep/Van,Low,0,2,Sunday,January,MoRTH_Standardized_v2.1
MORTH23-12215,2023-04-13,16:32,Tamil Nadu,Madurai,9.91485,78.11305,Clear,Car/Jeep/Van,Low,0,0,Thursday,April,MoRTH_Standardized_v2.1
MORTH23-12216,2023-07-17,11:00,Madhya Pradesh,Indore,22.70152,75.84216,Clear,Two-Wheeler,Medium,0,0,Monday,July,MoRTH_Standardized_v2.1
MORTH23-12217,2023-06-30,20:09,Kerala,Kozhikode,11.24353,75.81475,Clear,Bus,Low,0,2,Friday,June,MoRTH_Standardized_v2.1
MORTH23-12218,2023-02-16,13:32,Delhi/NCR,Kolkata,22.50108,88.33522,Clear,Bus,Low,0,2,Thursday,February,MoRTH_Standardized_v2.1
MORTH23-12219,2023-11-11,16:50,Karnataka,Hubli,15.3413,75.11514,Clear,Truck/Lorry,Medium,0,0,Saturday,November,MoRTH_Standardized_v2.1
MORTH23-12220,2023-12-10,12:13,Tamil Nadu,Coimbatore,11.05383,76.96779,Clear,Auto-Rickshaw,Low,0,2,Sunday,December,MoRTH_Standardized_v2.1
MORTH23-12221,2023-01-28,16:58,Kerala,Kochi,9.85357,76.23947,Rainy,Two-Wheeler,Critical,1,2,Saturday,January,MoRTH_Standardized_v2.1
MORTH23-12222,2023-02-11,19:57,Madhya Pradesh,Indore,22.74047,75.84608,Clear,Car/Jeep/Van,Low,0,1,Saturday,February,MoRTH_Standardized_v2.1
MORTH23-12223,2023-02-25,22:52,Delhi/NCR,Kolkata,22.55223,88.34922,Clear,Two-Wheeler,High,1,4,Saturday,February,MoRTH_Standardized_v2.1
MORTH23-12224,2023-05-27,18:58,Maharashtra,Pune,18.49395,73.90552,Clear,Two-Wheeler,Medium,0,0,Saturday,May,MoRTH_Standardized_v2.1
MORTH23-12225,2023-12-18,09:50,Rajasthan,Jaipur,26.89761,75.7733,Clear,Others,Low,0,0,Monday,December,MoRTH_Standardized_v2.1
MORTH23-12226,2023-10-18,13:37,Delhi/NCR,Delhi,28.58901,77.19761,Clear,Bus,Low,0,1,Wednesday,October,MoRTH_Standardized_v2.1
MORTH23-12227,2023-09-19,17:46,Tamil Nadu,Madurai,9.9467,78.12462,Clear,Truck/Lorry,Low,0,0,Tuesday,September,MoRTH_Standardized_v2.1
MORTH23-12228,2023-12-07,20:42,Tamil Nadu,Coimbatore,11.05397,76.98055,Clear,Two-Wheeler,Medium,0,2,Thursday,December,MoRTH_Standardized_v2.1
MORTH23-12229,2023-10-09,20:10,Delhi/NCR,Guwahati,26.07769,91.74399,Clear,Truck/Lorry,High,0,1,Monday,October,MoRTH_Standardized_v2.1
MORTH23-12230,2023-11-28,10:00,Maharashtra,Mumbai,19.11996,72.86043,Clear,Two-Wheeler,High,0,2,Tuesday,November,MoRTH_Standardized_v2.1
MORTH23-12231,2023-02-26,15:30,Tamil Nadu,Madurai,9.93153,78.12507,Clear,Car/Jeep/Van,Low,0,2,Sunday,February,MoRTH_Standardized_v2.1
MORTH23-12232,2023-03-15,11:48,Rajasthan,Jaipur,26.90961,75.78662,Clear,Car/Jeep/Van,Medium,0,1,Wednesday,March,MoRTH_Standardized_v2.1
MORTH23-12233,2023-06-25,15:15,Andhra Pradesh,Vijayawada,16.45436,80.63511,Clear,Auto-Rickshaw,Medium,0,1,Sunday,June,MoRTH_Standardized_v2.1
MORTH23-12234,2023-01-04,18:22,Madhya Pradesh,Bhopal,23.34231,77.38827,Clear,Car/Jeep/Van,Low,0,1,Wednesday,January,MoRTH_Standardized_v2.1
MORTH23-12235,2023-04-06,14:49,Uttar Pradesh,Agra,27.19107,77.97304,Rainy,Two-Wheeler,Critical,1,6,Thursday,April,MoRTH_Standardized_v2.1
MORTH23-12236,2023-10-06,06:21,Uttar Pradesh,Kanpur,26.45027,80.31215,Clear,Bus,Low,0,2,Friday,October,MoRTH_Standardized_v2.1
MORTH23-12237,2023-05-19,21:54,Madhya Pradesh,Gwalior,26.21032,78.14116,Clear,Truck/Lorry,High,0,4,Friday,May,MoRTH_Standardized_v2.1
MORTH23-12238,2023-07-17,19:36,Karnataka,Bangalore,12.95392,77.61532,Clear,Two-Wheeler,High,0,4,Monday,July,MoRTH_Standardized_v2.1
MORTH23-12239,2023-06-12,06:54,Delhi/NCR,Delhi,28.63259,77.16575,Clear,Two-Wheeler,High,1,1,Monday,June,MoRTH_Standardized_v2.1
MORTH23-12240,2023-05-19,10:48,Uttar Pradesh,Kanpur,26.47193,80.27982,Clear,Auto-Rickshaw,Low,0,2,Friday,May,MoRTH_Standardized_v2.1
MORTH23-12241,2023-04-01,23:37,Karnataka,Mysore,12.27146,76.71474,Clear,Others,Medium,0,1,Saturday,April,MoRTH_Standardized_v2.1
MORTH23-12242,2023-12-14,14:55,Kerala,Thiruvananthapuram,8.51057,76.9838,Clear,Others,Low,0,2,Thursday,December,MoRTH_Standardized_v2.1
MORTH23-12243,2023-02-02,14:00,Tamil Nadu,Chennai,13.14244,80.26923,Clear,Auto-Rickshaw,Low,0,0,Thursday,February,MoRTH_Standardized_v2.1
MORTH23-12244,2023-06-28,16:30,Gujarat,Surat,21.16554,72.8225,Clear,Truck/Lorry,Medium,0,1,Wednesday,June,MoRTH_Standardized_v2.1
MORTH23-12245,2023-12-27,15:46,Rajasthan,Jodhpur,26.25768,73.01572,Foggy,Car/Jeep/Van,Medium,0,2,Wednesday,December,MoRTH_Standardized_v2.1
MORTH23-12246,2023-01-30,16:09,Kerala,Kozhikode,11.25829,75.82767,Clear,Two-Wheeler,High,0,4,Monday,January,MoRTH_Standardized_v2.1
MORTH23-12247,2023-01-30,13:50,Delhi/NCR,Kolkata,22.54616,88.33246,Clear,Two-Wheeler,Medium,0,2,Monday,January,MoRTH_Standardized_v2.1
MORTH23-12248,2023-10-06,02:43,Uttar Pradesh,Lucknow,26.80225,80.92024,Clear,Two-Wheeler,High,0,1,Friday,October,MoRTH_Standardized_v2.1
MORTH23-12249,2023-06-23,09:53,Uttar Pradesh,Agra,27.14528,78.00652,Clear,Two-Wheeler,Medium,0,0,Friday,June,MoRTH_Standardized_v2.1
MORTH23-12250,2023-08-09,16:34,Kerala,Kozhikode,11.22141,75.78484,Clear,Auto-Rickshaw,Low,0,2,Wednesday,August,MoRTH_Standardized_v2.1
MORTH23-12251,2023-07-31,22:53,Delhi/NCR,Guwahati,26.17908,91.75455,Clear,Two-Wheeler,High,1,2,Monday,July,MoRTH_Standardized_v2.1
MORTH23-12252,2023-07-10,10:30,Delhi/NCR,Guwahati,26.14821,91.72743,Clear,Auto-Rickshaw,Medium,0,1,Monday,July,MoRTH_Standardized_v2.1
MORTH23-12253,2023-06-11,14:02,Madhya Pradesh,Indore,22.72406,75.85374,Rainy,Others,High,0,3,Sunday,June,MoRTH_Standardized_v2.1
MORTH23-12254,2023-07-21,13:03,Rajasthan,Jaipur,26.91668,75.79147,Clear,Others,Low,0,0,Friday,July,MoRTH_Standardized_v2.1
MORTH23-12255,2023-10-28,12:39,Kerala,Thiruvananthapuram,8.53063,76.93148,Clear,Truck/Lorry,High,0,4,Saturday,October,MoRTH_Standardized_v2.1
MORTH23-12256,2023-10-21,18:31,Madhya Pradesh,Gwalior,26.16609,78.19029,Clear,Two-Wheeler,High,0,2,Saturday,October,MoRTH_Standardized_v2.1
MORTH23-12257,2023-04-20,15:56,Delhi/NCR,Kolkata,22.54873,88.38343,Clear,Two-Wheeler,High,0,1,Thursday,April,MoRTH_Standardized_v2.1
MORTH23-12258,2023-08-07,07:35,Andhra Pradesh,Visakhapatnam,17.71873,83.18584,Clear,Two-Wheeler,High,0,4,Monday,August,MoRTH_Standardized_v2.1
MORTH23-12259,2023-07-21,16:41,Madhya Pradesh,Bhopal,23.23071,77.37431,Clear,Truck/Lorry,Medium,0,2,Friday,July,MoRTH_Standardized_v2.1
MORTH23-12260,2023-08-13,16:31,Delhi/NCR,Guwahati,26.14016,91.7366,Rainy,Two-Wheeler,Critical,2,2,Sunday,August,MoRTH_Standardized_v2.1
MORTH23-12261,2023-07-12,23:55,Tamil Nadu,Chennai,13.09497,80.26837,Clear,Two-Wheeler,Critical,2,4,Wednesday,July,MoRTH_Standardized_v2.1
MORTH23-12262,2023-09-12,05:07,Kerala,Kozhikode,11.22516,75.77621,Clear,Car/Jeep/Van,Low,0,0,Tuesday,September,MoRTH_Standardized_v2.1
MORTH23-12263,2023-10-22,11:54,Delhi/NCR,Delhi,28.61097,77.20266,Clear,Two-Wheeler,High,0,3,Sunday,October,MoRTH_Standardized_v2.1
MORTH23-12264,2023-11-01,08:30,Tamil Nadu,Coimbatore,11.0281,76.92409,Clear,Truck/Lorry,Medium,0,1,Wednesday,November,MoRTH_Standardized_v2.1
MORTH23-12265,2023-09-12,19:35,Uttar Pradesh,Agra,27.21209,78.07017,Clear,Two-Wheeler,High,1,4,Tuesday,September,MoRTH_Standardized_v2.1
MORTH23-12266,2023-03-20,16:37,Maharashtra,Pune,18.55645,73.84889,Clear,Two-Wheeler,Medium,0,0,Monday,March,MoRTH_Standardized_v2.1
MORTH23-12267,2023-05-10,15:38,Maharashtra,Pune,18.51963,73.89573,Clear,Two-Wheeler,High,1,3,Wednesday,May,MoRTH_Standardized_v2.1
MORTH23-12268,2023-12-27,09:36,Andhra Pradesh,Vijayawada,16.53798,80.64484,Clear,Auto-Rickshaw,Low,0,1,Wednesday,December,MoRTH_Standardized_v2.1
MORTH23-12269,2023-07-13,10:50,Tamil Nadu,Chennai,13.0727,80.31651,Rainy,Two-Wheeler,Critical,2,6,Thursday,July,MoRTH_Standardized_v2.1
MORTH23-12270,2023-02-04,06:00,Kerala,Kozhikode,11.29337,75.78355,Clear,Others,Low,0,2,Saturday,February,MoRTH_Standardized_v2.1
MORTH23-12271,2023-01-21,16:16,Uttar Pradesh,Lucknow,26.83351,80.92976,Clear,Two-Wheeler,Medium,0,1,Saturday,January,MoRTH_Standardized_v2.1
MORTH23-12272,2023-02-21,08:57,Delhi/NCR,Guwahati,26.14158,91.71172,Clear,Car/Jeep/Van,Medium,0,1,Tuesday,February,MoRTH_Standardized_v2.1
MORTH23-12273,2023-11-17,17:25,Kerala,Kozhikode,11.27919,75.78119,Clear,Car/Jeep/Van,Low,0,1,Friday,November,MoRTH_Standardized_v2.1
MORTH23-12274,2023-11-19,12:38,Tamil Nadu,Chennai,13.05426,80.30762,Clear,Two-Wheeler,Medium,0,0,Sunday,November,MoRTH_Standardized_v2.1
MORTH23-12275,2023-12-31,13:22,Telangana,Warangal,17.97261,79.63517,Clear,Car/Jeep/Van,Low,0,1,Sunday,December,MoRTH_Standardized_v2.1
MORTH23-12276,2023-08-06,20:16,Uttar Pradesh,Agra,27.18436,78.03108,Clear,Truck/Lorry,Low,0,2,Sunday,August,MoRTH_Standardized_v2.1
MORTH23-12277,2023-07-03,14:55,Madhya Pradesh,Indore,22.71058,75.82145,Clear,Auto-Rickshaw,Low,0,0,Monday,July,MoRTH_Standardized_v2.1
MORTH23-12278,2023-12-16,21:20,Maharashtra,Pune,18.52369,73.86817,Cloudy,Two-Wheeler,Medium,0,0,Saturday,December,MoRTH_Standardized_v2.1
MORTH23-12279,2023-04-10,11:23,Rajasthan,Jaipur,26.87104,75.77446,Clear,Others,Low,0,2,Monday,April,MoRTH_Standardized_v2.1
MORTH23-12280,2023-06-12,17:35,Delhi/NCR,Delhi,28.62219,77.24007,Clear,Truck/Lorry,Medium,0,2,Monday,June,MoRTH_Standardized_v2.1
MORTH23-12281,2023-09-07,20:40,Uttar Pradesh,Kanpur,26.48306,80.30902,Clear,Bus,Low,0,1,Thursday,September,MoRTH_Standardized_v2.1
MORTH23-12282,2023-01-26,11:07,Madhya Pradesh,Indore,22.66957,75.86953,Clear,Auto-Rickshaw,Low,0,1,Thursday,January,MoRTH_Standardized_v2.1
MORTH23-12283,2023-11-04,04:02,Telangana,Warangal,17.924,79.61132,Clear,Two-Wheeler,Critical,2,2,Saturday,November,MoRTH_Standardized_v2.1
MORTH23-12284,2023-06-19,06:19,Delhi/NCR,Delhi,28.64576,77.19562,Foggy,Two-Wheeler,Critical,2,4,Monday,June,MoRTH_Standardized_v2.1
MORTH23-12285,2023-08-07,07:07,Andhra Pradesh,Visakhapatnam,17.66955,83.23064,Clear,Two-Wheeler,High,0,3,Monday,August,MoRTH_Standardized_v2.1
MORTH23-12286,2023-01-13,09:16,Delhi/NCR,Delhi,28.61147,77.25666,Rainy,Two-Wheeler,Critical,1,2,Friday,January,MoRTH_Standardized_v2.1
MORTH23-12287,2023-09-02,13:40,Karnataka,Mysore,12.28996,76.61672,Rainy,Two-Wheeler,Critical,3,3,Saturday,September,MoRTH_Standardized_v2.1
MORTH23-12288,2023-08-26,12:33,Karnataka,Mysore,12.30465,76.67774,Clear,Others,Low,0,0,Saturday,August,MoRTH_Standardized_v2.1
MORTH23-12289,2023-10-09,10:54,Madhya Pradesh,Gwalior,26.26322,78.19823,Clear,Two-Wheeler,Medium,0,2,Monday,October,MoRTH_Standardized_v2.1
MORTH23-12290,2023-03-24,13:29,Delhi/NCR,Delhi,28.62028,77.22456,Clear,Auto-Rickshaw,Low,0,2,Friday,March,MoRTH_Standardized_v2.1
MORTH23-12291,2023-10-25,14:56,Andhra Pradesh,Visakhapatnam,17.68514,83.25144,Clear,Auto-Rickshaw,Medium,0,2,Wednesday,October,MoRTH_Standardized_v2.1
MORTH23-12292,2023-04-02,20:07,Delhi/NCR,Guwahati,26.1803,91.69112,Clear,Two-Wheeler,High,0,1,Sunday,April,MoRTH_Standardized_v2.1
MORTH23-12293,2023-01-06,19:20,Karnataka,Hubli,15.37538,75.14849,Clear,Others,Low,0,0,Friday,January,MoRTH_Standardized_v2.1
MORTH23-12294,2023-07-12,19:06,Karnataka,Hubli,15.32884,75.10417,Foggy,Two-Wheeler,Critical,1,3,Wednesday,July,MoRTH_Standardized_v2.1
MORTH23-12295,2023-11-02,12:37,Madhya Pradesh,Gwalior,26.22599,78.17076,Rainy,Two-Wheeler,Critical,3,4,Thursday,November,MoRTH_Standardized_v2.1
MORTH23-12296,2023-08-02,10:18,Andhra Pradesh,Vijayawada,16.50036,80.65771,Foggy,Others,Medium,0,0,Wednesday,August,MoRTH_Standardized_v2.1
MORTH23-12297,2023-07-23,19:08,Madhya Pradesh,Bhopal,23.27361,77.47139,Clear,Two-Wheeler,Medium,0,0,Sunday,July,MoRTH_Standardized_v2.1
MORTH23-12298,2023-11-23,21:45,Rajasthan,Jaipur,26.93808,75.7827,Rainy,Two-Wheeler,Critical,1,6,Thursday,November,MoRTH_Standardized_v2.1
MORTH23-12299,2023-02-28,19:17,Uttar Pradesh,Kanpur,26.39195,80.36985,Clear,Others,Medium,0,2,Tuesday,February,MoRTH_Standardized_v2.1
MORTH23-12300,2023-03-03,19:57,Tamil Nadu,Madurai,9.93937,78.13919,Clear,Two-Wheeler,High,0,3,Friday,March,MoRTH_Standardized_v2.1
MORTH23-12301,2023-12-20,11:05,Tamil Nadu,Coimbatore,11.00766,76.96593,Clear,Others,Low,0,2,Wednesday,December,MoRTH_Standardized_v2.1
MORTH23-12302,2023-05-19,15:40,Maharashtra,Pune,18.50577,73.8045,Clear,Others,Low,0,2,Friday,May,MoRTH_Standardized_v2.1
MORTH23-12303,2023-06-02,22:26,Delhi/NCR,Kolkata,22.59111,88.39054,Clear,Others,High,1,1,Friday,June,MoRTH_Standardized_v2.1
MORTH23-12304,2023-09-29,21:02,Telangana,Hyderabad,17.42031,78.47601,Clear,Bus,Low,0,0,Friday,September,MoRTH_Standardized_v2.1
MORTH23-12305,2023-04-03,22:01,Gujarat,Surat,21.13409,72.8004,Clear,Bus,Medium,0,0,Monday,April,MoRTH_Standardized_v2.1
MORTH23-12306,2023-05-28,20:15,Kerala,Kozhikode,11.24175,75.82254,Clear,Others,Low,0,2,Sunday,May,MoRTH_Standardized_v2.1
MORTH23-12307,2023-05-02,07:33,Telangana,Hyderabad,17.36086,78.52338,Clear,Two-Wheeler,Medium,0,0,Tuesday,May,MoRTH_Standardized_v2.1
MORTH23-12308,2023-11-26,21:57,Tamil Nadu,Chennai,13.11207,80.28215,Clear,Two-Wheeler,High,0,1,Sunday,November,MoRTH_Standardized_v2.1
MORTH23-12309,2023-10-12,17:33,Kerala,Kochi,9.85496,76.30145,Clear,Two-Wheeler,High,1,3,Thursday,October,MoRTH_Standardized_v2.1
MORTH23-12310,2023-10-21,15:58,Delhi/NCR,Delhi,28.65285,77.23572,Clear,Car/Jeep/Van,Medium,0,0,Saturday,October,MoRTH_Standardized_v2.1
MORTH23-12311,2023-08-18,19:10,Rajasthan,Jaipur,26.89682,75.81329,Clear,Bus,Low,0,1,Friday,August,MoRTH_Standardized_v2.1
MORTH23-12312,2023-04-19,00:11,Kerala,Kozhikode,11.20672,75.81103,Clear,Others,Low,0,1,Wednesday,April,MoRTH_Standardized_v2.1
MORTH23-12313,2023-07-07,19:01,Andhra Pradesh,Visakhapatnam,17.6864,83.20521,Clear,Two-Wheeler,Medium,0,2,Friday,July,MoRTH_Standardized_v2.1
MORTH23-12314,2023-04-06,08:19,Tamil Nadu,Madurai,9.94845,78.14905,Clear,Car/Jeep/Van,Low,0,0,Thursday,April,MoRTH_Standardized_v2.1
MORTH23-12315,2023-10-14,10:46,Kerala,Thiruvananthapuram,8.58072,76.8891,Clear,Two-Wheeler,High,1,2,Saturday,October,MoRTH_Standardized_v2.1
MORTH23-12316,2023-10-03,15:16,Maharashtra,Mumbai,19.03236,72.82528,Clear,Car/Jeep/Van,Low,0,1,Tuesday,October,MoRTH_Standardized_v2.1
MORTH23-12317,2023-08-26,15:59,Madhya Pradesh,Indore,22.72819,75.8446,Clear,Auto-Rickshaw,Low,0,2,Saturday,August,MoRTH_Standardized_v2.1
MORTH23-12318,2023-12-28,14:55,Karnataka,Bangalore,12.93031,77.58516,Clear,Car/Jeep/Van,Medium,0,1,Thursday,December,MoRTH_Standardized_v2.1
MORTH23-12319,2023-12-14,18:50,Maharashtra,Mumbai,19.01568,72.87072,Foggy,Bus,High,0,1,Thursday,December,MoRTH_Standardized_v2.1
MORTH23-12320,2023-06-27,21:04,Rajasthan,Jaipur,26.88845,75.78248,Cloudy,Two-Wheeler,High,0,3,Tuesday,June,MoRTH_Standardized_v2.1
MORTH23-12321,2023-04-02,13:55,Karnataka,Mysore,12.29966,76.58782,Rainy,Two-Wheeler,High,0,3,Sunday,April,MoRTH_Standardized_v2.1
MORTH23-12322,2023-05-31,22:27,Gujarat,Ahmedabad,23.03622,72.57417,Rainy,Two-Wheeler,Critical,1,5,Wednesday,May,MoRTH_Standardized_v2.1
MORTH23-12323,2023-05-02,01:21,Karnataka,Hubli,15.33576,75.1161,Clear,Two-Wheeler,High,0,4,Tuesday,May,MoRTH_Standardized_v2.1
MORTH23-12324,2023-12-17,11:32,Delhi/NCR,Kolkata,22.53763,88.37572,Clear,Two-Wheeler,High,0,2,Sunday,December,MoRTH_Standardized_v2.1
MORTH23-12325,2023-08-18,20:51,Telangana,Warangal,17.90481,79.57207,Clear,Auto-Rickshaw,Low,0,0,Friday,August,MoRTH_Standardized_v2.1
MORTH23-12326,2023-04-02,20:40,Maharashtra,Nagpur,21.20973,79.05672,Clear,Bus,Low,0,2,Sunday,April,MoRTH_Standardized_v2.1
MORTH23-12327,2023-12-21,10:53,Andhra Pradesh,Visakhapatnam,17.72191,83.20699,Clear,Truck/Lorry,Medium,0,2,Thursday,December,MoRTH_Standardized_v2.1
MORTH23-12328,2023-09-03,07:26,Maharashtra,Mumbai,19.05108,72.88893,Foggy,Car/Jeep/Van,Medium,0,0,Sunday,September,MoRTH_Standardized_v2.1
MORTH23-12329,2023-09-12,14:16,Karnataka,Hubli,15.40009,75.16006,Cloudy,Others,Low,0,1,Tuesday,September,MoRTH_Standardized_v2.1
MORTH23-12330,2023-06-23,14:54,Delhi/NCR,Delhi,28.59574,77.21155,Clear,Two-Wheeler,High,0,3,Friday,June,MoRTH_Standardized_v2.1
MORTH23-12331,2023-05-02,05:44,Delhi/NCR,Kolkata,22.51395,88.3693,Clear,Car/Jeep/Van,Medium,0,2,Tuesday,May,MoRTH_Standardized_v2.1
MORTH23-12332,2023-12-14,15:46,Telangana,Hyderabad,17.36275,78.50675,Clear,Two-Wheeler,High,0,4,Thursday,December,MoRTH_Standardized_v2.1
MORTH23-12333,2023-06-15,22:35,Delhi/NCR,Kolkata,22.58297,88.34068,Clear,Two-Wheeler,High,0,4,Thursday,June,MoRTH_Standardized_v2.1
MORTH23-12334,2023-06-11,06:03,Tamil Nadu,Coimbatore,11.03293,76.94781,Foggy,Bus,Medium,0,2,Sunday,June,MoRTH_Standardized_v2.1
MORTH23-12335,2023-11-17,20:19,Tamil Nadu,Madurai,9.92281,78.12238,Rainy,Bus,High,0,4,Friday,November,MoRTH_Standardized_v2.1
MORTH23-12336,2023-06-03,17:20,Delhi/NCR,Guwahati,26.12604,91.70084,Foggy,Two-Wheeler,Critical,2,4,Saturday,June,MoRTH_Standardized_v2.1
MORTH23-12337,2023-02-06,16:36,Maharashtra,Pune,18.54377,73.89543,Foggy,Two-Wheeler,Critical,3,3,Monday,February,MoRTH_Standardized_v2.1
MORTH23-12338,2023-03-24,21:42,Delhi/NCR,Guwahati,26.15409,91.74906,Clear,Two-Wheeler,Medium,0,0,Friday,March,MoRTH_Standardized_v2.1
MORTH23-12339,2023-09-28,15:33,Delhi/NCR,Guwahati,26.09252,91.7698,Clear,Auto-Rickshaw,Low,0,0,Thursday,September,MoRTH_Standardized_v2.1
MORTH23-12340,2023-05-06,01:19,Uttar Pradesh,Kanpur,26.43568,80.3524,Clear,Others,Low,0,0,Saturday,May,MoRTH_Standardized_v2.1
MORTH23-12341,2023-02-13,08:34,Andhra Pradesh,Vijayawada,16.54928,80.67578,Clear,Two-Wheeler,High,1,2,Monday,February,MoRTH_Standardized_v2.1
MORTH23-12342,2023-05-02,17:15,Kerala,Kochi,9.9231,76.22869,Foggy,Two-Wheeler,Critical,2,5,Tuesday,May,MoRTH_Standardized_v2.1
MORTH23-12343,2023-05-07,16:03,Karnataka,Bangalore,13.01344,77.60762,Clear,Car/Jeep/Van,Low,0,0,Sunday,May,MoRTH_Standardized_v2.1
MORTH23-12344,2023-05-26,07:26,Tamil Nadu,Coimbatore,10.98013,76.97597,Clear,Two-Wheeler,High,0,3,Friday,May,MoRTH_Standardized_v2.1
MORTH23-12345,2023-06-22,21:35,Andhra Pradesh,Visakhapatnam,17.65443,83.20715,Clear,Two-Wheeler,High,1,4,Thursday,June,MoRTH_Standardized_v2.1
MORTH23-12346,2023-12-23,20:03,Rajasthan,Jaipur,26.93128,75.83354,Clear,Auto-Rickshaw,Low,0,2,Saturday,December,MoRTH_Standardized_v2.1
MORTH23-12347,2023-07-03,06:21,Rajasthan,Jaipur,26.98965,75.82394,Clear,Two-Wheeler,High,0,2,Monday,July,MoRTH_Standardized_v2.1
MORTH23-12348,2023-11-28,21:07,Delhi/NCR,Guwahati,26.18499,91.748,Foggy,Truck/Lorry,Critical,1,4,Tuesday,November,MoRTH_Standardized_v2.1
MORTH23-12349,2023-03-03,13:49,Kerala,Kozhikode,11.25182,75.76205,Clear,Bus,Low,0,0,Friday,March,MoRTH_Standardized_v2.1
MORTH23-12350,2023-03-07,02:13,Telangana,Warangal,18.00925,79.60271,Clear,Auto-Rickshaw,High,0,4,Tuesday,March,MoRTH_Standardized_v2.1
MORTH23-12351,2023-08-04,15:54,Delhi/NCR,Delhi,28.55239,77.18534,Clear,Two-Wheeler,Medium,0,1,Friday,August,MoRTH_Standardized_v2.1
MORTH23-12352,2023-10-08,10:06,Telangana,Warangal,17.95015,79.58408,Rainy,Truck/Lorry,High,0,4,Sunday,October,MoRTH_Standardized_v2.1
MORTH23-12353,2023-01-10,20:41,Karnataka,Mysore,12.31866,76.65038,Rainy,Truck/Lorry,Critical,1,3,Tuesday,January,MoRTH_Standardized_v2.1
MORTH23-12354,2023-09-20,07:17,Kerala,Kozhikode,11.20855,75.82745,Clear,Truck/Lorry,High,0,3,Wednesday,September,MoRTH_Standardized_v2.1
MORTH23-12355,2023-08-17,17:18,Delhi/NCR,Guwahati,26.18295,91.72148,Cloudy,Bus,Low,0,0,Thursday,August,MoRTH_Standardized_v2.1
MORTH23-12356,2023-08-30,02:13,Madhya Pradesh,Gwalior,26.23735,78.20328,Cloudy,Auto-Rickshaw,Medium,0,0,Wednesday,August,MoRTH_Standardized_v2.1
MORTH23-12357,2023-08-31,04:30,Andhra Pradesh,Vijayawada,16.58079,80.68403,Rainy,Truck/Lorry,Critical,3,5,Thursday,August,MoRTH_Standardized_v2.1
MORTH23-12358,2023-12-07,21:32,Uttar Pradesh,Kanpur,26.4091,80.33932,Rainy,Others,Medium,0,1,Thursday,December,MoRTH_Standardized_v2.1
MORTH23-12359,2023-03-20,09:06,Maharashtra,Mumbai,19.09273,72.8877,Foggy,Bus,High,0,3,Monday,March,MoRTH_Standardized_v2.1
MORTH23-12360,2023-09-09,05:38,Maharashtra,Nagpur,21.12682,79.10465,Clear,Others,Medium,0,2,Saturday,September,MoRTH_Standardized_v2.1
MORTH23-12361,2023-06-22,21:38,Delhi/NCR,Guwahati,26.14228,91.7751,Clear,Bus,Low,0,0,Thursday,June,MoRTH_Standardized_v2.1
MORTH23-12362,2023-10-27,12:46,Maharashtra,Mumbai,19.10614,72.87684,Rainy,Two-Wheeler,Critical,2,3,Friday,October,MoRTH_Standardized_v2.1
MORTH23-12363,2023-05-22,11:05,Tamil Nadu,Coimbatore,11.00608,76.95184,Clear,Two-Wheeler,High,1,3,Monday,May,MoRTH_Standardized_v2.1
MORTH23-12364,2023-05-30,18:52,Delhi/NCR,Delhi,28.61555,77.25395,Clear,Two-Wheeler,Medium,0,1,Tuesday,May,MoRTH_Standardized_v2.1
MORTH23-12365,2023-06-01,21:06,Delhi/NCR,Kolkata,22.62451,88.40677,Clear,Two-Wheeler,Medium,0,0,Thursday,June,MoRTH_Standardized_v2.1
MORTH23-12366,2023-03-27,09:43,Uttar Pradesh,Lucknow,26.87481,80.95755,Clear,Truck/Lorry,High,0,1,Monday,March,MoRTH_Standardized_v2.1
MORTH23-12367,2023-02-07,21:06,Kerala,Kozhikode,11.23909,75.78391,Foggy,Car/Jeep/Van,High,0,3,Tuesday,February,MoRTH_Standardized_v2.1
MORTH23-12368,2023-09-16,20:57,Madhya Pradesh,Indore,22.70995,75.85174,Foggy,Two-Wheeler,Critical,3,2,Saturday,September,MoRTH_Standardized_v2.1
MORTH23-12369,2023-11-28,15:19,Karnataka,Bangalore,12.9615,77.60759,Clear,Two-Wheeler,Medium,0,2,Tuesday,November,MoRTH_Standardized_v2.1
MORTH23-12370,2023-01-31,02:29,Madhya Pradesh,Bhopal,23.31508,77.37384,Clear,Car/Jeep/Van,Medium,0,1,Tuesday,January,MoRTH_Standardized_v2.1
MORTH23-12371,2023-01-14,17:02,Delhi/NCR,Guwahati,26.1942,91.77033,Foggy,Bus,High,0,3,Saturday,January,MoRTH_Standardized_v2.1
MORTH23-12372,2023-07-27,10:30,Delhi/NCR,Guwahati,26.07917,91.67444,Rainy,Car/Jeep/Van,Medium,0,1,Thursday,July,MoRTH_Standardized_v2.1
MORTH23-12373,2023-12-22,23:52,Delhi/NCR,Guwahati,26.11304,91.77108,Clear,Auto-Rickshaw,Medium,0,0,Friday,December,MoRTH_Standardized_v2.1
MORTH23-12374,2023-07-22,16:48,Andhra Pradesh,Vijayawada,16.54219,80.61831,Clear,Others,Low,0,2,Saturday,July,MoRTH_Standardized_v2.1
MORTH23-12375,2023-10-09,14:01,Andhra Pradesh,Visakhapatnam,17.67597,83.20072,Rainy,Two-Wheeler,Critical,2,4,Monday,October,MoRTH_Standardized_v2.1
MORTH23-12376,2023-10-14,20:39,Rajasthan,Jodhpur,26.26378,73.03187,Clear,Auto-Rickshaw,Low,0,0,Saturday,October,MoRTH_Standardized_v2.1
MORTH23-12377,2023-08-17,12:01,Tamil Nadu,Madurai,9.91713,78.09221,Clear,Car/Jeep/Van,Medium,0,0,Thursday,August,MoRTH_Standardized_v2.1
MORTH23-12378,2023-05-26,06:43,Delhi/NCR,Guwahati,26.10909,91.71557,Rainy,Auto-Rickshaw,High,0,4,Friday,May,MoRTH_Standardized_v2.1
MORTH23-12379,2023-07-16,20:06,Telangana,Warangal,17.99285,79.58435,Clear,Car/Jeep/Van,Low,0,0,Sunday,July,MoRTH_Standardized_v2.1
MORTH23-12380,2023-01-31,02:09,Gujarat,Ahmedabad,22.97736,72.61599,Clear,Two-Wheeler,High,0,4,Tuesday,January,MoRTH_Standardized_v2.1
MORTH23-12381,2023-09-16,12:29,Delhi/NCR,Kolkata,22.56945,88.40391,Clear,Two-Wheeler,High,0,3,Saturday,September,MoRTH_Standardized_v2.1
MORTH23-12382,2023-06-13,13:32,Madhya Pradesh,Bhopal,23.27202,77.41151,Clear,Two-Wheeler,Medium,0,2,Tuesday,June,MoRTH_Standardized_v2.1
MORTH23-12383,2023-09-18,07:40,Maharashtra,Mumbai,19.06267,72.84764,Clear,Two-Wheeler,High,0,1,Monday,September,MoRTH_Standardized_v2.1
MORTH23-12384,2023-02-08,11:23,Uttar Pradesh,Agra,27.20235,78.07374,Clear,Two-Wheeler,High,0,2,Wednesday,February,MoRTH_Standardized_v2.1
MORTH23-12385,2023-09-17,06:40,Delhi/NCR,Delhi,28.61471,77.19638,Clear,Two-Wheeler,High,1,2,Sunday,September,MoRTH_Standardized_v2.1
MORTH23-12386,2023-11-13,08:39,Kerala,Thiruvananthapuram,8.49465,76.93244,Clear,Auto-Rickshaw,Low,0,1,Monday,November,MoRTH_Standardized_v2.1
MORTH23-12387,2023-02-17,10:30,Uttar Pradesh,Lucknow,26.85933,80.98399,Clear,Auto-Rickshaw,Medium,0,0,Friday,February,MoRTH_Standardized_v2.1
MORTH23-12388,2023-08-13,19:41,Tamil Nadu,Coimbatore,10.99954,76.99161,Clear,Bus,Low,0,0,Sunday,August,MoRTH_Standardized_v2.1
MORTH23-12389,2023-01-05,11:32,Delhi/NCR,Delhi,28.62127,77.20377,Clear,Auto-Rickshaw,Low,0,2,Thursday,January,MoRTH_Standardized_v2.1
MORTH23-12390,2023-04-05,13:13,Madhya Pradesh,Indore,22.70142,75.84204,Rainy,Two-Wheeler,Critical,1,3,Wednesday,April,MoRTH_Standardized_v2.1
MORTH23-12391,2023-10-01,14:52,Telangana,Hyderabad,17.31373,78.54321,Rainy,Two-Wheeler,Critical,3,5,Sunday,October,MoRTH_Standardized_v2.1
MORTH23-12392,2023-07-01,08:16,Madhya Pradesh,Bhopal,23.30471,77.4223,Rainy,Two-Wheeler,Critical,1,6,Saturday,July,MoRTH_Standardized_v2.1
MORTH23-12393,2023-06-01,21:37,Uttar Pradesh,Lucknow,26.83278,80.88852,Clear,Truck/Lorry,Low,0,1,Thursday,June,MoRTH_Standardized_v2.1
MORTH23-12394,2023-04-11,05:17,Andhra Pradesh,Vijayawada,16.49593,80.60654,Clear,Two-Wheeler,Medium,0,0,Tuesday,April,MoRTH_Standardized_v2.1
MORTH23-12395,2023-12-26,19:31,Kerala,Thiruvananthapuram,8.50898,76.93864,Rainy,Two-Wheeler,Critical,2,2,Tuesday,December,MoRTH_Standardized_v2.1
MORTH23-12396,2023-09-30,20:05,Tamil Nadu,Chennai,13.10577,80.26297,Rainy,Bus,High,0,2,Saturday,September,MoRTH_Standardized_v2.1
MORTH23-12397,2023-12-21,13:13,Delhi/NCR,Kolkata,22.58385,88.35148,Foggy,Two-Wheeler,Critical,3,5,Thursday,December,MoRTH_Standardized_v2.1
MORTH23-12398,2023-06-04,16:16,Andhra Pradesh,Visakhapatnam,17.71462,83.17667,Clear,Truck/Lorry,High,0,4,Sunday,June,MoRTH_Standardized_v2.1
MORTH23-12399,2023-08-02,14:12,Madhya Pradesh,Indore,22.7079,75.85917,Clear,Two-Wheeler,Medium,0,2,Wednesday,August,MoRTH_Standardized_v2.1
MORTH23-12400,2023-10-16,14:00,Delhi/NCR,Kolkata,22.5965,88.34031,Foggy,Auto-Rickshaw,High,0,4,Monday,October,MoRTH_Standardized_v2.1
MORTH23-12401,2023-01-27,12:47,Delhi/NCR,Guwahati,26.13104,91.73717,Clear,Truck/Lorry,Medium,0,2,Friday,January,MoRTH_Standardized_v2.1
MORTH23-12402,2023-08-04,13:53,Uttar Pradesh,Agra,27.12835,77.99159,Clear,Others,Low,0,0,Friday,August,MoRTH_Standardized_v2.1
MORTH23-12403,2023-09-02,18:04,Madhya Pradesh,Bhopal,23.29451,77.4262,Clear,Two-Wheeler,Medium,0,0,Saturday,September,MoRTH_Standardized_v2.1
MORTH23-12404,2023-07-13,13:42,Kerala,Kozhikode,11.25728,75.73308,Clear,Two-Wheeler,Medium,0,0,Thursday,July,MoRTH_Standardized_v2.1
MORTH23-12405,2023-02-09,18:23,Delhi/NCR,Guwahati,26.18028,91.74331,Clear,Two-Wheeler,Medium,0,2,Thursday,February,MoRTH_Standardized_v2.1
MORTH23-12406,2023-03-04,21:07,Rajasthan,Jaipur,26.964,75.73929,Clear,Bus,Low,0,1,Saturday,March,MoRTH_Standardized_v2.1
MORTH23-12407,2023-08-29,00:22,Delhi/NCR,Delhi,28.63465,77.22887,Foggy,Two-Wheeler,Critical,1,4,Tuesday,August,MoRTH_Standardized_v2.1
MORTH23-12408,2023-06-20,22:43,Gujarat,Surat,21.21533,72.81843,Clear,Auto-Rickshaw,Medium,0,0,Tuesday,June,MoRTH_Standardized_v2.1
MORTH23-12409,2023-07-07,17:05,Uttar Pradesh,Kanpur,26.43192,80.34558,Clear,Two-Wheeler,Medium,0,0,Friday,July,MoRTH_Standardized_v2.1
MORTH23-12410,2023-07-11,19:22,Delhi/NCR,Delhi,28.65803,77.16551,Clear,Car/Jeep/Van,Medium,0,0,Tuesday,July,MoRTH_Standardized_v2.1
MORTH23-12411,2023-01-27,11:26,Tamil Nadu,Coimbatore,11.06162,76.97349,Clear,Two-Wheeler,High,0,1,Friday,January,MoRTH_Standardized_v2.1
MORTH23-12412,2023-03-06,12:50,Tamil Nadu,Chennai,13.05974,80.26918,Clear,Car/Jeep/Van,Low,0,0,Monday,March,MoRTH_Standardized_v2.1
MORTH23-12413,2023-01-10,08:50,Andhra Pradesh,Vijayawada,16.50186,80.61939,Clear,Car/Jeep/Van,Low,0,1,Tuesday,January,MoRTH_Standardized_v2.1
MORTH23-12414,2023-03-02,23:32,Kerala,Kozhikode,11.2508,75.78593,Clear,Others,High,1,2,Thursday,March,MoRTH_Standardized_v2.1
MORTH23-12415,2023-02-16,18:52,Delhi/NCR,Kolkata,22.55451,88.39378,Foggy,Others,High,0,4,Thursday,February,MoRTH_Standardized_v2.1
MORTH23-12416,2023-06-06,06:47,Telangana,Warangal,17.92857,79.65907,Foggy,Bus,Medium,0,1,Tuesday,June,MoRTH_Standardized_v2.1
MORTH23-12417,2023-08-29,18:37,Delhi/NCR,Delhi,28.63199,77.21274,Clear,Auto-Rickshaw,Low,0,0,Tuesday,August,MoRTH_Standardized_v2.1
MORTH23-12418,2023-04-05,11:21,Andhra Pradesh,Visakhapatnam,17.70333,83.20545,Clear,Two-Wheeler,High,1,1,Wednesday,April,MoRTH_Standardized_v2.1
MORTH23-12419,2023-04-14,13:23,Maharashtra,Pune,18.49016,73.84628,Clear,Truck/Lorry,Low,0,2,Friday,April,MoRTH_Standardized_v2.1
MORTH23-12420,2023-04-10,16:49,Tamil Nadu,Coimbatore,11.00431,76.94712,Cloudy,Two-Wheeler,High,0,1,Monday,April,MoRTH_Standardized_v2.1
MORTH23-12421,2023-12-09,01:01,Karnataka,Hubli,15.37729,75.11432,Clear,Bus,Medium,0,2,Saturday,December,MoRTH_Standardized_v2.1
MORTH23-12422,2023-09-14,18:50,Uttar Pradesh,Agra,27.18721,77.99302,Foggy,Two-Wheeler,High,1,4,Thursday,September,MoRTH_Standardized_v2.1
MORTH23-12423,2023-09-28,20:56,Maharashtra,Pune,18.48085,73.87224,Rainy,Two-Wheeler,Critical,1,5,Thursday,September,MoRTH_Standardized_v2.1
MORTH23-12424,2023-02-02,14:22,Kerala,Thiruvananthapuram,8.49759,76.93949,Cloudy,Two-Wheeler,Medium,0,1,Thursday,February,MoRTH_Standardized_v2.1
MORTH23-12425,2023-02-02,20:01,Maharashtra,Mumbai,19.08912,72.86941,Clear,Car/Jeep/Van,Low,0,0,Thursday,February,MoRTH_Standardized_v2.1
MORTH23-12426,2023-01-27,07:33,Tamil Nadu,Madurai,9.91177,78.10429,Clear,Two-Wheeler,High,0,2,Friday,January,MoRTH_Standardized_v2.1
MORTH23-12427,2023-03-03,09:20,Delhi/NCR,Guwahati,26.18314,91.77805,Clear,Car/Jeep/Van,Medium,0,1,Friday,March,MoRTH_Standardized_v2.1
MORTH23-12428,2023-03-21,11:45,Kerala,Thiruvananthapuram,8.524,76.90941,Clear,Others,Low,0,1,Tuesday,March,MoRTH_Standardized_v2.1
MORTH23-12429,2023-01-20,11:31,Gujarat,Ahmedabad,22.95975,72.54555,Clear,Others,Low,0,1,Friday,January,MoRTH_Standardized_v2.1
MORTH23-12430,2023-09-01,13:06,Delhi/NCR,Guwahati,26.14123,91.72117,Clear,Car/Jeep/Van,Low,0,1,Friday,September,MoRTH_Standardized_v2.1
MORTH23-12431,2023-08-22,10:08,Delhi/NCR,Guwahati,26.13991,91.78216,Clear,Two-Wheeler,Medium,0,2,Tuesday,August,MoRTH_Standardized_v2.1
MORTH23-12432,2023-10-01,18:58,Telangana,Hyderabad,17.47085,78.58055,Clear,Truck/Lorry,Low,0,1,Sunday,October,MoRTH_Standardized_v2.1
MORTH23-12433,2023-01-05,11:01,Rajasthan,Jaipur,26.91676,75.77799,Clear,Two-Wheeler,High,0,4,Thursday,January,MoRTH_Standardized_v2.1
MORTH23-12434,2023-10-30,09:35,Uttar Pradesh,Lucknow,26.82484,80.91603,Foggy,Two-Wheeler,Critical,1,5,Monday,October,MoRTH_Standardized_v2.1
MORTH23-12435,2023-09-14,17:24,Tamil Nadu,Coimbatore,11.09347,76.92475,Clear,Two-Wheeler,High,0,4,Thursday,September,MoRTH_Standardized_v2.1
MORTH23-12436,2023-04-22,17:29,Maharashtra,Nagpur,21.18803,79.12198,Clear,Others,Low,0,2,Saturday,April,MoRTH_Standardized_v2.1
MORTH23-12437,2023-08-06,19:52,Delhi/NCR,Guwahati,26.18149,91.73671,Clear,Bus,Low,0,1,Sunday,August,MoRTH_Standardized_v2.1
MORTH23-12438,2023-01-21,12:05,Maharashtra,Mumbai,19.08564,72.88,Clear,Truck/Lorry,Medium,0,1,Saturday,January,MoRTH_Standardized_v2.1
MORTH23-12439,2023-06-30,20:29,Madhya Pradesh,Bhopal,23.27162,77.41099,Clear,Two-Wheeler,High,0,4,Friday,June,MoRTH_Standardized_v2.1
MORTH23-12440,2023-11-07,17:34,Delhi/NCR,Guwahati,26.11893,91.69335,Clear,Others,Medium,0,0,Tuesday,November,MoRTH_Standardized_v2.1
MORTH23-12441,2023-09-07,11:19,Kerala,Kochi,9.86289,76.2737,Clear,Car/Jeep/Van,Low,0,2,Thursday,September,MoRTH_Standardized_v2.1
MORTH23-12442,2023-11-07,11:23,Delhi/NCR,Kolkata,22.56112,88.37942,Clear,Two-Wheeler,High,0,4,Tuesday,November,MoRTH_Standardized_v2.1
MORTH23-12443,2023-09-29,09:39,Tamil Nadu,Madurai,9.96371,78.09931,Foggy,Two-Wheeler,High,1,1,Friday,September,MoRTH_Standardized_v2.1
MORTH23-12444,2023-07-05,06:54,Gujarat,Ahmedabad,23.04212,72.61916,Clear,Car/Jeep/Van,Low,0,1,Wednesday,July,MoRTH_Standardized_v2.1
MORTH23-12445,2023-11-08,03:07,Maharashtra,Nagpur,21.11964,79.06674,Rainy,Two-Wheeler,Critical,1,6,Wednesday,November,MoRTH_Standardized_v2.1
MORTH23-12446,2023-07-02,14:15,Delhi/NCR,Guwahati,26.17341,91.80457,Clear,Two-Wheeler,Medium,0,2,Sunday,July,MoRTH_Standardized_v2.1
MORTH23-12447,2023-09-03,15:07,Kerala,Thiruvananthapuram,8.51745,76.9142,Clear,Truck/Lorry,High,0,3,Sunday,September,MoRTH_Standardized_v2.1
MORTH23-12448,2023-07-12,16:27,Delhi/NCR,Kolkata,22.58907,88.35904,Cloudy,Auto-Rickshaw,Low,0,1,Wednesday,July,MoRTH_Standardized_v2.1
MORTH23-12449,2023-04-21,08:03,Delhi/NCR,Delhi,28.54566,77.22857,Cloudy,Two-Wheeler,High,1,1,Friday,April,MoRTH_Standardized_v2.1
MORTH23-12450,2023-09-03,07:43,Karnataka,Bangalore,12.96436,77.58873,Clear,Two-Wheeler,High,0,2,Sunday,September,MoRTH_Standardized_v2.1
MORTH23-12451,2023-08-21,15:30,Delhi/NCR,Guwahati,26.18234,91.73136,Clear,Car/Jeep/Van,Low,0,1,Monday,August,MoRTH_Standardized_v2.1
MORTH23-12452,2023-02-01,06:42,Tamil Nadu,Madurai,9.9485,78.09963,Foggy,Two-Wheeler,Critical,2,4,Wednesday,February,MoRTH_Standardized_v2.1
MORTH23-12453,2023-04-07,03:12,Delhi/NCR,Delhi,28.59841,77.17678,Clear,Others,Medium,0,0,Friday,April,MoRTH_Standardized_v2.1
MORTH23-12454,2023-02-17,10:53,Maharashtra,Pune,18.52277,73.86929,Clear,Car/Jeep/Van,Medium,0,0,Friday,February,MoRTH_Standardized_v2.1
MORTH23-12455,2023-12-13,12:40,Delhi/NCR,Kolkata,22.53298,88.33131,Clear,Car/Jeep/Van,Medium,0,0,Wednesday,December,MoRTH_Standardized_v2.1
MORTH23-12456,2023-11-23,20:55,Gujarat,Ahmedabad,23.05976,72.57888,Clear,Car/Jeep/Van,Low,0,0,Thursday,November,MoRTH_Standardized_v2.1
MORTH23-12457,2023-01-29,13:05,Delhi/NCR,Kolkata,22.52199,88.33636,Clear,Car/Jeep/Van,Low,0,0,Sunday,January,MoRTH_Standardized_v2.1
MORTH23-12458,2023-02-20,08:22,Rajasthan,Jaipur,26.91647,75.85617,Clear,Two-Wheeler,Medium,0,1,Monday,February,MoRTH_Standardized_v2.1
MORTH23-12459,2023-11-19,20:29,Delhi/NCR,Guwahati,26.18055,91.74035,Clear,Two-Wheeler,High,1,1,Sunday,November,MoRTH_Standardized_v2.1
MORTH23-12460,2023-05-15,11:59,Delhi/NCR,Guwahati,26.12298,91.7014,Clear,Two-Wheeler,High,0,1,Monday,May,MoRTH_Standardized_v2.1
MORTH23-12461,2023-12-20,15:31,Karnataka,Mysore,12.30351,76.64004,Clear,Auto-Rickshaw,Low,0,2,Wednesday,December,MoRTH_Standardized_v2.1
MORTH23-12462,2023-07-05,22:19,Uttar Pradesh,Agra,27.19017,78.07003,Clear,Two-Wheeler,High,0,2,Wednesday,July,MoRTH_Standardized_v2.1
MORTH23-12463,2023-10-26,06:07,Kerala,Thiruvananthapuram,8.46112,76.91019,Clear,Truck/Lorry,Low,0,0,Thursday,October,MoRTH_Standardized_v2.1
MORTH23-12464,2023-04-18,20:01,Uttar Pradesh,Agra,27.18501,78.04142,Clear,Two-Wheeler,Medium,0,2,Tuesday,April,MoRTH_Standardized_v2.1
MORTH23-12465,2023-03-21,15:14,Delhi/NCR,Kolkata,22.60654,88.37425,Rainy,Truck/Lorry,High,1,4,Tuesday,March,MoRTH_Standardized_v2.1
MORTH23-12466,2023-12-12,19:57,Karnataka,Hubli,15.35392,75.15494,Clear,Two-Wheeler,Medium,0,2,Tuesday,December,MoRTH_Standardized_v2.1
MORTH23-12467,2023-06-21,18:51,Karnataka,Bangalore,12.9793,77.61203,Clear,Auto-Rickshaw,Low,0,1,Wednesday,June,MoRTH_Standardized_v2.1
MORTH23-12468,2023-02-24,12:15,Delhi/NCR,Delhi,28.63466,77.23882,Clear,Bus,Medium,0,2,Friday,February,MoRTH_Standardized_v2.1
MORTH23-12469,2023-11-26,02:24,Uttar Pradesh,Lucknow,26.84991,80.92198,Clear,Bus,Low,0,2,Sunday,November,MoRTH_Standardized_v2.1
MORTH23-12470,2023-01-02,13:25,Karnataka,Bangalore,13.0103,77.57335,Clear,Truck/Lorry,Low,0,1,Monday,January,MoRTH_Standardized_v2.1
MORTH23-12471,2023-06-22,14:00,Rajasthan,Jaipur,26.96072,75.7865,Clear,Auto-Rickshaw,Medium,0,0,Thursday,June,MoRTH_Standardized_v2.1
MORTH23-12472,2023-03-13,19:53,Delhi/NCR,Guwahati,26.15476,91.74291,Rainy,Car/Jeep/Van,Medium,0,2,Monday,March,MoRTH_Standardized_v2.1
MORTH23-12473,2023-06-05,14:46,Karnataka,Mysore,12.29399,76.58625,Cloudy,Auto-Rickshaw,Low,0,1,Monday,June,MoRTH_Standardized_v2.1
MORTH23-12474,2023-10-04,09:46,Kerala,Kozhikode,11.26008,75.79191,Clear,Car/Jeep/Van,Medium,0,1,Wednesday,October,MoRTH_Standardized_v2.1
MORTH23-12475,2023-12-15,06:13,Uttar Pradesh,Kanpur,26.46402,80.30597,Clear,Others,Medium,0,2,Friday,December,MoRTH_Standardized_v2.1
MORTH23-12476,2023-08-11,17:49,Delhi/NCR,Delhi,28.6106,77.1991,Clear,Car/Jeep/Van,Low,0,2,Friday,August,MoRTH_Standardized_v2.1
MORTH23-12477,2023-11-26,23:18,Delhi/NCR,Kolkata,22.51699,88.40091,Rainy,Two-Wheeler,Critical,1,5,Sunday,November,MoRTH_Standardized_v2.1
MORTH23-12478,2023-11-06,04:04,Madhya Pradesh,Gwalior,26.2322,78.20513,Clear,Others,High,1,3,Monday,November,MoRTH_Standardized_v2.1
MORTH23-12479,2023-12-31,07:03,Andhra Pradesh,Visakhapatnam,17.70525,83.14638,Clear,Auto-Rickshaw,Medium,0,0,Sunday,December,MoRTH_Standardized_v2.1
MORTH23-12480,2023-06-01,09:18,Telangana,Hyderabad,17.41501,78.46785,Clear,Two-Wheeler,High,0,4,Thursday,June,MoRTH_Standardized_v2.1
MORTH23-12481,2023-02-16,11:26,Uttar Pradesh,Lucknow,26.84924,80.93353,Foggy,Two-Wheeler,Critical,1,3,Thursday,February,MoRTH_Standardized_v2.1
MORTH23-12482,2023-12-23,08:54,Karnataka,Hubli,15.37527,75.13727,Clear,Car/Jeep/Van,Low,0,0,Saturday,December,MoRTH_Standardized_v2.1
MORTH23-12483,2023-02-23,17:53,Maharashtra,Nagpur,21.09706,79.05186,Clear,Auto-Rickshaw,Low,0,2,Thursday,February,MoRTH_Standardized_v2.1
MORTH23-12484,2023-05-25,16:49,Madhya Pradesh,Indore,22.69707,75.84468,Rainy,Two-Wheeler,Critical,2,6,Thursday,May,MoRTH_Standardized_v2.1
MORTH23-12485,2023-09-14,14:32,Gujarat,Ahmedabad,23.03642,72.60764,Clear,Two-Wheeler,Medium,0,0,Thursday,September,MoRTH_Standardized_v2.1
MORTH23-12486,2023-11-24,12:13,Kerala,Thiruvananthapuram,8.53189,76.99288,Clear,Two-Wheeler,High,0,2,Friday,November,MoRTH_Standardized_v2.1
MORTH23-12487,2023-11-19,20:44,Rajasthan,Jodhpur,26.20658,73.0798,Clear,Others,Medium,0,1,Sunday,November,MoRTH_Standardized_v2.1
MORTH23-12488,2023-03-05,23:41,Andhra Pradesh,Visakhapatnam,17.65374,83.2569,Clear,Truck/Lorry,Medium,0,0,Sunday,March,MoRTH_Standardized_v2.1
MORTH23-12489,2023-08-19,11:23,Uttar Pradesh,Agra,27.18255,77.98403,Cloudy,Truck/Lorry,Medium,0,0,Saturday,August,MoRTH_Standardized_v2.1
MORTH23-12490,2023-11-13,19:26,Rajasthan,Jodhpur,26.25026,73.05343,Clear,Car/Jeep/Van,Low,0,1,Monday,November,MoRTH_Standardized_v2.1
MORTH23-12491,2023-10-29,10:50,Uttar Pradesh,Agra,27.17183,78.04424,Clear,Car/Jeep/Van,Low,0,1,Sunday,October,MoRTH_Standardized_v2.1
MORTH23-12492,2023-01-17,13:25,Tamil Nadu,Madurai,9.89399,78.15344,Clear,Two-Wheeler,High,1,4,Tuesday,January,MoRTH_Standardized_v2.1
MORTH23-12493,2023-01-04,12:32,Telangana,Hyderabad,17.42016,78.52892,Clear,Truck/Lorry,Medium,0,0,Wednesday,January,MoRTH_Standardized_v2.1
MORTH23-12494,2023-01-22,21:30,Tamil Nadu,Madurai,9.94017,78.13926,Clear,Bus,Low,0,0,Sunday,January,MoRTH_Standardized_v2.1
MORTH23-12495,2023-09-29,07:22,Karnataka,Mysore,12.30147,76.66189,Clear,Two-Wheeler,High,0,4,Friday,September,MoRTH_Standardized_v2.1
MORTH23-12496,2023-08-22,11:17,Delhi/NCR,Guwahati,26.14824,91.71064,Clear,Two-Wheeler,High,0,2,Tuesday,August,MoRTH_Standardized_v2.1
MORTH23-12497,2023-12-09,22:14,Delhi/NCR,Kolkata,22.60607,88.36518,Clear,Car/Jeep/Van,Medium,0,1,Saturday,December,MoRTH_Standardized_v2.1
MORTH23-12498,2023-06-25,09:55,Tamil Nadu,Chennai,13.11967,80.30822,Rainy,Two-Wheeler,High,0,4,Sunday,June,MoRTH_Standardized_v2.1
MORTH23-12499,2023-05-17,13:40,Maharashtra,Nagpur,21.12298,79.0848,Clear,Truck/Lorry,Medium,0,0,Wednesday,May,MoRTH_Standardized_v2.1
MORTH23-12500,2023-08-21,16:17,Telangana,Hyderabad,17.40697,78.51584,Rainy,Two-Wheeler,High,0,1,Monday,August,MoRTH_Standardized_v2.1
MORTH23-12501,2023-06-20,19:16,Uttar Pradesh,Lucknow,26.81762,80.92624,Rainy,Two-Wheeler,Critical,3,6,Tuesday,June,MoRTH_Standardized_v2.1
MORTH23-12502,2023-04-10,02:58,Kerala,Thiruvananthapuram,8.50649,76.91593,Clear,Two-Wheeler,High,0,3,Monday,April,MoRTH_Standardized_v2.1
MORTH23-12503,2023-03-06,09:24,Andhra Pradesh,Visakhapatnam,17.67901,83.2368,Cloudy,Others,Low,0,1,Monday,March,MoRTH_Standardized_v2.1
MORTH23-12504,2023-11-20,16:59,Delhi/NCR,Delhi,28.59197,77.19106,Clear,Bus,Low,0,2,Monday,November,MoRTH_Standardized_v2.1
MORTH23-12505,2023-02-03,22:52,Kerala,Thiruvananthapuram,8.55251,76.88857,Clear,Car/Jeep/Van,Low,0,1,Friday,February,MoRTH_Standardized_v2.1
MORTH23-12506,2023-09-12,15:40,Uttar Pradesh,Lucknow,26.84693,80.97292,Clear,Car/Jeep/Van,Low,0,2,Tuesday,September,MoRTH_Standardized_v2.1
MORTH23-12507,2023-01-30,08:02,Tamil Nadu,Madurai,9.89925,78.13945,Rainy,Two-Wheeler,Critical,1,2,Monday,January,MoRTH_Standardized_v2.1
MORTH23-12508,2023-06-02,19:44,Telangana,Warangal,17.98579,79.60475,Cloudy,Two-Wheeler,High,0,2,Friday,June,MoRTH_Standardized_v2.1
MORTH23-12509,2023-02-05,01:22,Tamil Nadu,Madurai,9.90422,78.12748,Clear,Two-Wheeler,High,0,2,Sunday,February,MoRTH_Standardized_v2.1
MORTH23-12510,2023-08-21,17:19,Karnataka,Mysore,12.29712,76.65267,Clear,Auto-Rickshaw,Low,0,2,Monday,August,MoRTH_Standardized_v2.1
MORTH23-12511,2023-06-09,14:59,Andhra Pradesh,Vijayawada,16.48735,80.65392,Clear,Others,Medium,0,2,Friday,June,MoRTH_Standardized_v2.1
MORTH23-12512,2023-07-28,21:08,Tamil Nadu,Coimbatore,11.00915,76.91835,Clear,Auto-Rickshaw,Medium,0,1,Friday,July,MoRTH_Standardized_v2.1
MORTH23-12513,2023-06-02,19:21,Gujarat,Ahmedabad,23.00458,72.56946,Rainy,Two-Wheeler,Critical,1,2,Friday,June,MoRTH_Standardized_v2.1
MORTH23-12514,2023-12-17,18:25,Telangana,Hyderabad,17.41686,78.47685,Clear,Bus,Low,0,2,Sunday,December,MoRTH_Standardized_v2.1
MORTH23-12515,2023-12-23,17:16,Delhi/NCR,Guwahati,26.125,91.77686,Rainy,Car/Jeep/Van,High,1,3,Saturday,December,MoRTH_Standardized_v2.1
MORTH23-12516,2023-04-21,17:38,Kerala,Kochi,9.95705,76.31742,Clear,Two-Wheeler,Medium,0,0,Friday,April,MoRTH_Standardized_v2.1
MORTH23-12517,2023-05-03,21:16,Delhi/NCR,Delhi,28.65883,77.194,Clear,Car/Jeep/Van,Medium,0,2,Wednesday,May,MoRTH_Standardized_v2.1
MORTH23-12518,2023-05-05,06:59,Gujarat,Ahmedabad,23.05916,72.55346,Clear,Two-Wheeler,Medium,0,0,Friday,May,MoRTH_Standardized_v2.1
MORTH23-12519,2023-01-19,06:24,Karnataka,Mysore,12.3127,76.68322,Clear,Auto-Rickshaw,Low,0,0,Thursday,January,MoRTH_Standardized_v2.1
MORTH23-12520,2023-06-22,21:30,Karnataka,Mysore,12.28275,76.68113,Clear,Two-Wheeler,High,0,1,Thursday,June,MoRTH_Standardized_v2.1
MORTH23-12521,2023-03-25,07:35,Karnataka,Hubli,15.37952,75.18173,Clear,Auto-Rickshaw,Low,0,0,Saturday,March,MoRTH_Standardized_v2.1
MORTH23-12522,2023-03-02,19:06,Madhya Pradesh,Gwalior,26.22663,78.17768,Rainy,Two-Wheeler,Critical,1,5,Thursday,March,MoRTH_Standardized_v2.1
MORTH23-12523,2023-10-04,17:42,Uttar Pradesh,Agra,27.17026,77.95514,Clear,Two-Wheeler,Medium,0,1,Wednesday,October,MoRTH_Standardized_v2.1
MORTH23-12524,2023-02-24,05:34,Uttar Pradesh,Lucknow,26.84108,80.96948,Clear,Others,Low,0,1,Friday,February,MoRTH_Standardized_v2.1
MORTH23-12525,2023-01-08,15:19,Kerala,Kozhikode,11.25776,75.76566,Clear,Truck/Lorry,High,1,4,Sunday,January,MoRTH_Standardized_v2.1
MORTH23-12526,2023-07-31,18:40,Karnataka,Bangalore,13.03751,77.5974,Clear,Two-Wheeler,Medium,0,1,Monday,July,MoRTH_Standardized_v2.1
MORTH23-12527,2023-10-28,08:22,Karnataka,Mysore,12.29961,76.6143,Rainy,Two-Wheeler,Critical,3,2,Saturday,October,MoRTH_Standardized_v2.1
MORTH23-12528,2023-08-13,21:13,Karnataka,Bangalore,13.01874,77.58346,Clear,Car/Jeep/Van,Low,0,2,Sunday,August,MoRTH_Standardized_v2.1
MORTH23-12529,2023-10-29,11:20,Madhya Pradesh,Gwalior,26.22855,78.1503,Clear,Two-Wheeler,High,0,3,Sunday,October,MoRTH_Standardized_v2.1
MORTH23-12530,2023-03-27,07:30,Kerala,Kochi,9.92595,76.26211,Clear,Bus,Medium,0,2,Monday,March,MoRTH_Standardized_v2.1
MORTH23-12531,2023-02-18,17:09,Madhya Pradesh,Indore,22.75371,75.77742,Clear,Two-Wheeler,Medium,0,0,Saturday,February,MoRTH_Standardized_v2.1
MORTH23-12532,2023-01-28,18:34,Uttar Pradesh,Lucknow,26.84969,80.94774,Clear,Two-Wheeler,High,1,4,Saturday,January,MoRTH_Standardized_v2.1
MORTH23-12533,2023-12-13,07:09,Karnataka,Bangalore,12.94255,77.55909,Clear,Two-Wheeler,High,0,2,Wednesday,December,MoRTH_Standardized_v2.1
MORTH23-12534,2023-08-04,18:53,Delhi/NCR,Kolkata,22.54623,88.39346,Clear,Two-Wheeler,High,0,1,Friday,August,MoRTH_Standardized_v2.1
MORTH23-12535,2023-07-22,21:14,Delhi/NCR,Kolkata,22.57999,88.3293,Foggy,Two-Wheeler,Critical,1,4,Saturday,July,MoRTH_Standardized_v2.1
MORTH23-12536,2023-07-22,12:05,Madhya Pradesh,Gwalior,26.24706,78.22916,Clear,Others,Low,0,0,Saturday,July,MoRTH_Standardized_v2.1
MORTH23-12537,2023-02-22,23:22,Rajasthan,Jaipur,26.932,75.75951,Clear,Bus,High,0,2,Wednesday,February,MoRTH_Standardized_v2.1
MORTH23-12538,2023-08-26,10:10,Madhya Pradesh,Gwalior,26.19935,78.20148,Clear,Two-Wheeler,High,1,3,Saturday,August,MoRTH_Standardized_v2.1
MORTH23-12539,2023-08-16,18:17,Tamil Nadu,Madurai,9.92961,78.12447,Clear,Two-Wheeler,High,0,2,Wednesday,August,MoRTH_Standardized_v2.1
MORTH23-12540,2023-06-21,06:34,Delhi/NCR,Kolkata,22.57836,88.39955,Clear,Two-Wheeler,High,0,2,Wednesday,June,MoRTH_Standardized_v2.1
MORTH23-12541,2023-10-04,18:39,Kerala,Kochi,9.9474,76.23299,Clear,Two-Wheeler,Medium,0,2,Wednesday,October,MoRTH_Standardized_v2.1
MORTH23-12542,2023-11-27,13:01,Delhi/NCR,Kolkata,22.61481,88.39178,Clear,Auto-Rickshaw,Low,0,2,Monday,November,MoRTH_Standardized_v2.1
MORTH23-12543,2023-03-12,19:01,Tamil Nadu,Chennai,13.06901,80.27049,Clear,Auto-Rickshaw,Low,0,0,Sunday,March,MoRTH_Standardized_v2.1
MORTH23-12544,2023-01-18,14:20,Telangana,Hyderabad,17.36472,78.48002,Clear,Others,Low,0,2,Wednesday,January,MoRTH_Standardized_v2.1
MORTH23-12545,2023-07-10,14:16,Uttar Pradesh,Lucknow,26.8879,80.91245,Clear,Truck/Lorry,High,1,1,Monday,July,MoRTH_Standardized_v2.1
MORTH23-12546,2023-03-02,04:09,Karnataka,Mysore,12.35405,76.59587,Clear,Car/Jeep/Van,High,0,3,Thursday,March,MoRTH_Standardized_v2.1
MORTH23-12547,2023-01-11,13:52,Delhi/NCR,Kolkata,22.56713,88.37121,Foggy,Others,High,0,3,Wednesday,January,MoRTH_Standardized_v2.1
MORTH23-12548,2023-10-18,10:52,Telangana,Hyderabad,17.35228,78.46593,Cloudy,Others,Low,0,1,Wednesday,October,MoRTH_Standardized_v2.1
MORTH23-12549,2023-04-18,08:04,Delhi/NCR,Delhi,28.62388,77.19923,Clear,Two-Wheeler,Medium,0,2,Tuesday,April,MoRTH_Standardized_v2.1
MORTH23-12550,2023-09-30,19:58,Kerala,Thiruvananthapuram,8.53518,76.94319,Foggy,Others,Medium,0,2,Saturday,September,MoRTH_Standardized_v2.1
MORTH23-12551,2023-09-09,11:10,Delhi/NCR,Delhi,28.62778,77.17992,Clear,Bus,Medium,0,2,Saturday,September,MoRTH_Standardized_v2.1
MORTH23-12552,2023-04-16,19:36,Tamil Nadu,Coimbatore,10.96786,76.99118,Clear,Two-Wheeler,High,0,3,Sunday,April,MoRTH_Standardized_v2.1
MORTH23-12553,2023-02-21,19:21,Delhi/NCR,Kolkata,22.57284,88.32412,Clear,Car/Jeep/Van,Low,0,2,Tuesday,February,MoRTH_Standardized_v2.1
MORTH23-12554,2023-10-04,02:59,Tamil Nadu,Madurai,9.92372,78.1324,Clear,Others,High,0,2,Wednesday,October,MoRTH_Standardized_v2.1
MORTH23-12555,2023-06-20,12:52,Telangana,Warangal,17.91877,79.62198,Clear,Two-Wheeler,Medium,0,2,Tuesday,June,MoRTH_Standardized_v2.1
MORTH23-12556,2023-06-08,21:52,Rajasthan,Jaipur,26.90434,75.75359,Clear,Two-Wheeler,High,1,4,Thursday,June,MoRTH_Standardized_v2.1
MORTH23-12557,2023-01-19,06:07,Kerala,Thiruvananthapuram,8.55992,76.95417,Clear,Others,Low,0,2,Thursday,January,MoRTH_Standardized_v2.1
MORTH23-12558,2023-11-26,10:39,Delhi/NCR,Guwahati,26.18367,91.69798,Clear,Auto-Rickshaw,Low,0,0,Sunday,November,MoRTH_Standardized_v2.1
MORTH23-12559,2023-02-02,08:38,Uttar Pradesh,Agra,27.22028,77.99068,Clear,Others,Low,0,2,Thursday,February,MoRTH_Standardized_v2.1
MORTH23-12560,2023-09-09,07:56,Gujarat,Ahmedabad,23.00567,72.63937,Clear,Two-Wheeler,Medium,0,0,Saturday,September,MoRTH_Standardized_v2.1
MORTH23-12561,2023-10-26,20:53,Delhi/NCR,Delhi,28.61699,77.18112,Clear,Two-Wheeler,Medium,0,2,Thursday,October,MoRTH_Standardized_v2.1
MORTH23-12562,2023-09-17,02:55,Andhra Pradesh,Visakhapatnam,17.69233,83.22826,Rainy,Others,Critical,2,5,Sunday,September,MoRTH_Standardized_v2.1
MORTH23-12563,2023-07-27,15:27,Kerala,Kozhikode,11.24732,75.78784,Clear,Bus,Low,0,2,Thursday,July,MoRTH_Standardized_v2.1
MORTH23-12564,2023-06-03,13:14,Delhi/NCR,Delhi,28.64801,77.22324,Clear,Two-Wheeler,Medium,0,0,Saturday,June,MoRTH_Standardized_v2.1
MORTH23-12565,2023-12-02,08:39,Madhya Pradesh,Bhopal,23.26035,77.43754,Clear,Truck/Lorry,Low,0,1,Saturday,December,MoRTH_Standardized_v2.1
MORTH23-12566,2023-11-09,04:29,Delhi/NCR,Guwahati,26.15531,91.67663,Clear,Others,Medium,0,1,Thursday,November,MoRTH_Standardized_v2.1
MORTH23-12567,2023-05-01,12:15,Tamil Nadu,Coimbatore,11.02858,76.91941,Cloudy,Car/Jeep/Van,Medium,0,1,Monday,May,MoRTH_Standardized_v2.1
MORTH23-12568,2023-06-06,18:06,Delhi/NCR,Guwahati,26.1146,91.74588,Clear,Auto-Rickshaw,Low,0,1,Tuesday,June,MoRTH_Standardized_v2.1
MORTH23-12569,2023-02-19,06:45,Madhya Pradesh,Indore,22.70353,75.8962,Rainy,Two-Wheeler,Critical,2,3,Sunday,February,MoRTH_Standardized_v2.1
MORTH23-12570,2023-12-24,08:30,Delhi/NCR,Kolkata,22.56541,88.33019,Clear,Car/Jeep/Van,Low,0,1,Sunday,December,MoRTH_Standardized_v2.1
MORTH23-12571,2023-04-02,13:20,Karnataka,Bangalore,12.96875,77.62484,Clear,Two-Wheeler,High,0,3,Sunday,April,MoRTH_Standardized_v2.1
MORTH23-12572,2023-11-25,11:35,Telangana,Warangal,17.94902,79.55249,Cloudy,Auto-Rickshaw,Low,0,1,Saturday,November,MoRTH_Standardized_v2.1
MORTH23-12573,2023-01-03,00:22,Delhi/NCR,Kolkata,22.54477,88.37863,Clear,Car/Jeep/Van,Medium,0,1,Tuesday,January,MoRTH_Standardized_v2.1
MORTH23-12574,2023-05-02,10:32,Gujarat,Ahmedabad,23.05483,72.57414,Cloudy,Truck/Lorry,High,0,2,Tuesday,May,MoRTH_Standardized_v2.1
MORTH23-12575,2023-02-04,19:02,Maharashtra,Pune,18.50883,73.86519,Clear,Truck/Lorry,High,0,4,Saturday,February,MoRTH_Standardized_v2.1
MORTH23-12576,2023-04-22,23:36,Maharashtra,Pune,18.48943,73.83735,Clear,Truck/Lorry,High,1,2,Saturday,April,MoRTH_Standardized_v2.1
MORTH23-12577,2023-10-31,15:47,Gujarat,Surat,21.1357,72.81877,Clear,Car/Jeep/Van,Low,0,2,Tuesday,October,MoRTH_Standardized_v2.1
MORTH23-12578,2023-01-21,15:52,Delhi/NCR,Kolkata,22.60188,88.43499,Clear,Others,Low,0,0,Saturday,January,MoRTH_Standardized_v2.1
MORTH23-12579,2023-04-03,10:52,Karnataka,Mysore,12.33999,76.67358,Clear,Two-Wheeler,High,0,2,Monday,April,MoRTH_Standardized_v2.1
MORTH23-12580,2023-11-12,18:10,Rajasthan,Jaipur,26.87402,75.79939,Clear,Car/Jeep/Van,Low,0,1,Sunday,November,MoRTH_Standardized_v2.1
MORTH23-12581,2023-12-31,12:43,Kerala,Kochi,9.95905,76.25269,Clear,Two-Wheeler,High,0,3,Sunday,December,MoRTH_Standardized_v2.1
MORTH23-12582,2023-12-06,06:51,Maharashtra,Pune,18.48956,73.812,Clear,Bus,Low,0,2,Wednesday,December,MoRTH_Standardized_v2.1
MORTH23-12583,2023-09-17,11:43,Delhi/NCR,Delhi,28.62897,77.1718,Clear,Car/Jeep/Van,Medium,0,2,Sunday,September,MoRTH_Standardized_v2.1
MORTH23-12584,2023-12-07,19:25,Madhya Pradesh,Gwalior,26.23185,78.1715,Rainy,Two-Wheeler,Critical,1,6,Thursday,December,MoRTH_Standardized_v2.1
MORTH23-12585,2023-01-06,16:00,Andhra Pradesh,Visakhapatnam,17.64978,83.23458,Clear,Bus,Medium,0,1,Friday,January,MoRTH_Standardized_v2.1
MORTH23-12586,2023-07-27,16:45,Maharashtra,Pune,18.50789,73.83512,Clear,Two-Wheeler,High,1,2,Thursday,July,MoRTH_Standardized_v2.1
MORTH23-12587,2023-10-21,14:47,Maharashtra,Nagpur,21.18477,79.0881,Cloudy,Auto-Rickshaw,Low,0,0,Saturday,October,MoRTH_Standardized_v2.1
MORTH23-12588,2023-03-12,17:02,Kerala,Kozhikode,11.20969,75.77087,Rainy,Two-Wheeler,Critical,2,3,Sunday,March,MoRTH_Standardized_v2.1
MORTH23-12589,2023-01-14,23:25,Maharashtra,Mumbai,19.08648,72.85054,Clear,Auto-Rickshaw,High,1,3,Saturday,January,MoRTH_Standardized_v2.1
MORTH23-12590,2023-05-08,20:22,Uttar Pradesh,Agra,27.14342,77.98622,Clear,Others,Low,0,0,Monday,May,MoRTH_Standardized_v2.1
MORTH23-12591,2023-02-19,12:37,Delhi/NCR,Guwahati,26.14592,91.77423,Clear,Auto-Rickshaw,Low,0,0,Sunday,February,MoRTH_Standardized_v2.1
MORTH23-12592,2023-01-31,12:32,Uttar Pradesh,Lucknow,26.883,80.92896,Clear,Others,Low,0,0,Tuesday,January,MoRTH_Standardized_v2.1
MORTH23-12593,2023-05-06,20:49,Kerala,Thiruvananthapuram,8.53592,76.93439,Clear,Two-Wheeler,High,0,1,Saturday,May,MoRTH_Standardized_v2.1
MORTH23-12594,2023-02-01,16:37,Delhi/NCR,Kolkata,22.53963,88.34428,Clear,Truck/Lorry,High,0,4,Wednesday,February,MoRTH_Standardized_v2.1
MORTH23-12595,2023-07-19,12:11,Maharashtra,Nagpur,21.14082,79.06989,Clear,Two-Wheeler,High,1,3,Wednesday,July,MoRTH_Standardized_v2.1
MORTH23-12596,2023-10-31,12:13,Telangana,Hyderabad,17.42964,78.49137,Rainy,Auto-Rickshaw,High,0,2,Tuesday,October,MoRTH_Standardized_v2.1
MORTH23-12597,2023-11-21,23:20,Maharashtra,Pune,18.51731,73.88451,Clear,Two-Wheeler,Critical,2,3,Tuesday,November,MoRTH_Standardized_v2.1
MORTH23-12598,2023-05-11,16:31,Telangana,Warangal,17.92607,79.5831,Clear,Car/Jeep/Van,Low,0,1,Thursday,May,MoRTH_Standardized_v2.1
MORTH23-12599,2023-10-09,16:28,Madhya Pradesh,Gwalior,26.24582,78.19593,Clear,Two-Wheeler,Medium,0,0,Monday,October,MoRTH_Standardized_v2.1
MORTH23-12600,2023-07-24,07:48,Uttar Pradesh,Agra,27.12919,77.97956,Clear,Bus,Low,0,2,Monday,July,MoRTH_Standardized_v2.1
MORTH23-12601,2023-05-12,08:57,Uttar Pradesh,Lucknow,26.83062,80.9498,Clear,Two-Wheeler,Medium,0,1,Friday,May,MoRTH_Standardized_v2.1
MORTH23-12602,2023-10-21,21:02,Delhi/NCR,Guwahati,26.16678,91.73886,Clear,Two-Wheeler,Medium,0,1,Saturday,October,MoRTH_Standardized_v2.1
MORTH23-12603,2023-03-29,11:13,Andhra Pradesh,Vijayawada,16.51399,80.63707,Clear,Two-Wheeler,High,0,2,Wednesday,March,MoRTH_Standardized_v2.1
MORTH23-12604,2023-08-15,17:18,Tamil Nadu,Chennai,13.07051,80.22539,Rainy,Bus,High,1,4,Tuesday,August,MoRTH_Standardized_v2.1
MORTH23-12605,2023-07-29,17:26,Delhi/NCR,Delhi,28.65667,77.11885,Clear,Others,Low,0,2,Saturday,July,MoRTH_Standardized_v2.1
MORTH23-12606,2023-03-30,20:34,Karnataka,Bangalore,12.99342,77.57341,Clear,Two-Wheeler,High,0,2,Thursday,March,MoRTH_Standardized_v2.1
MORTH23-12607,2023-04-14,13:25,Maharashtra,Nagpur,21.17313,79.04081,Rainy,Bus,High,1,1,Friday,April,MoRTH_Standardized_v2.1
MORTH23-12608,2023-09-09,11:31,Andhra Pradesh,Vijayawada,16.51396,80.64404,Clear,Auto-Rickshaw,Medium,0,0,Saturday,September,MoRTH_Standardized_v2.1
MORTH23-12609,2023-03-08,19:45,Madhya Pradesh,Indore,22.73185,75.90734,Clear,Two-Wheeler,High,0,1,Wednesday,March,MoRTH_Standardized_v2.1
MORTH23-12610,2023-10-10,20:18,Karnataka,Hubli,15.34071,75.14236,Clear,Car/Jeep/Van,Medium,0,2,Tuesday,October,MoRTH_Standardized_v2.1
MORTH23-12611,2023-08-17,21:41,Karnataka,Hubli,15.40775,75.09629,Rainy,Auto-Rickshaw,High,0,4,Thursday,August,MoRTH_Standardized_v2.1
MORTH23-12612,2023-07-30,09:23,Madhya Pradesh,Gwalior,26.22957,78.20917,Clear,Auto-Rickshaw,Low,0,2,Sunday,July,MoRTH_Standardized_v2.1
MORTH23-12613,2023-07-09,16:32,Andhra Pradesh,Visakhapatnam,17.66716,83.2733,Clear,Two-Wheeler,Medium,0,0,Sunday,July,MoRTH_Standardized_v2.1
MORTH23-12614,2023-06-08,00:14,Karnataka,Hubli,15.3744,75.14413,Clear,Two-Wheeler,Critical,2,6,Thursday,June,MoRTH_Standardized_v2.1
MORTH23-12615,2023-07-11,14:52,Maharashtra,Pune,18.53314,73.83127,Clear,Others,Low,0,1,Tuesday,July,MoRTH_Standardized_v2.1
MORTH23-12616,2023-08-17,06:15,Tamil Nadu,Madurai,9.99945,78.14822,Clear,Two-Wheeler,Medium,0,2,Thursday,August,MoRTH_Standardized_v2.1
MORTH23-12617,2023-05-26,09:39,Kerala,Kozhikode,11.19617,75.84231,Clear,Truck/Lorry,Medium,0,1,Friday,May,MoRTH_Standardized_v2.1
MORTH23-12618,2023-09-25,14:32,Madhya Pradesh,Bhopal,23.29994,77.41402,Clear,Bus,Low,0,0,Monday,September,MoRTH_Standardized_v2.1
MORTH23-12619,2023-01-25,10:15,Kerala,Thiruvananthapuram,8.52947,76.90669,Clear,Truck/Lorry,Low,0,2,Wednesday,January,MoRTH_Standardized_v2.1
MORTH23-12620,2023-01-29,16:25,Andhra Pradesh,Vijayawada,16.48732,80.70102,Clear,Others,Low,0,1,Sunday,January,MoRTH_Standardized_v2.1
MORTH23-12621,2023-12-09,14:28,Andhra Pradesh,Visakhapatnam,17.65187,83.21395,Clear,Two-Wheeler,High,0,3,Saturday,December,MoRTH_Standardized_v2.1
MORTH23-12622,2023-02-17,02:30,Maharashtra,Nagpur,21.11974,79.05169,Clear,Two-Wheeler,High,0,1,Friday,February,MoRTH_Standardized_v2.1
MORTH23-12623,2023-05-02,19:06,Uttar Pradesh,Agra,27.20805,78.01821,Foggy,Bus,Medium,0,1,Tuesday,May,MoRTH_Standardized_v2.1
MORTH23-12624,2023-06-29,20:32,Tamil Nadu,Chennai,13.14177,80.28558,Clear,Two-Wheeler,High,0,4,Thursday,June,MoRTH_Standardized_v2.1
MORTH23-12625,2023-03-10,14:02,Gujarat,Ahmedabad,23.01584,72.5657,Clear,Bus,Low,0,0,Friday,March,MoRTH_Standardized_v2.1
MORTH23-12626,2023-09-05,21:58,Tamil Nadu,Coimbatore,10.98052,76.86998,Clear,Two-Wheeler,High,0,4,Tuesday,September,MoRTH_Standardized_v2.1
MORTH23-12627,2023-11-19,06:42,Gujarat,Ahmedabad,23.05847,72.54003,Clear,Two-Wheeler,Medium,0,2,Sunday,November,MoRTH_Standardized_v2.1
MORTH23-12628,2023-01-03,13:19,Tamil Nadu,Madurai,9.88705,78.13782,Clear,Others,Medium,0,0,Tuesday,January,MoRTH_Standardized_v2.1
MORTH23-12629,2023-02-03,17:39,Delhi/NCR,Delhi,28.59973,77.24199,Cloudy,Two-Wheeler,High,0,2,Friday,February,MoRTH_Standardized_v2.1
MORTH23-12630,2023-09-17,16:26,Karnataka,Bangalore,12.95175,77.58974,Clear,Auto-Rickshaw,Medium,0,2,Sunday,September,MoRTH_Standardized_v2.1
MORTH23-12631,2023-01-01,23:48,Tamil Nadu,Madurai,9.87102,78.10638,Foggy,Truck/Lorry,Critical,2,4,Sunday,January,MoRTH_Standardized_v2.1
MORTH23-12632,2023-09-22,08:34,Maharashtra,Pune,18.53799,73.80347,Clear,Auto-Rickshaw,Low,0,0,Friday,September,MoRTH_Standardized_v2.1
MORTH23-12633,2023-11-04,16:18,Karnataka,Mysore,12.25417,76.67232,Clear,Two-Wheeler,High,0,3,Saturday,November,MoRTH_Standardized_v2.1
MORTH23-12634,2023-01-24,13:54,Karnataka,Hubli,15.41498,75.11062,Clear,Car/Jeep/Van,Medium,0,0,Tuesday,January,MoRTH_Standardized_v2.1
MORTH23-12635,2023-10-20,07:00,Delhi/NCR,Guwahati,26.12481,91.77258,Clear,Two-Wheeler,High,1,1,Friday,October,MoRTH_Standardized_v2.1
MORTH23-12636,2023-09-16,09:18,Rajasthan,Jaipur,26.96688,75.81364,Rainy,Auto-Rickshaw,Medium,0,0,Saturday,September,MoRTH_Standardized_v2.1
MORTH23-12637,2023-04-24,22:49,Madhya Pradesh,Indore,22.70472,75.91523,Clear,Two-Wheeler,Critical,2,3,Monday,April,MoRTH_Standardized_v2.1
MORTH23-12638,2023-02-19,21:51,Uttar Pradesh,Lucknow,26.79033,80.91112,Foggy,Two-Wheeler,High,0,1,Sunday,February,MoRTH_Standardized_v2.1
MORTH23-12639,2023-07-25,20:27,Andhra Pradesh,Visakhapatnam,17.67187,83.25424,Clear,Truck/Lorry,Medium,0,2,Tuesday,July,MoRTH_Standardized_v2.1
MORTH23-12640,2023-11-07,23:45,Kerala,Kozhikode,11.24833,75.77965,Clear,Two-Wheeler,High,0,3,Tuesday,November,MoRTH_Standardized_v2.1
MORTH23-12641,2023-12-28,14:16,Uttar Pradesh,Kanpur,26.49473,80.37427,Clear,Two-Wheeler,High,0,1,Thursday,December,MoRTH_Standardized_v2.1
MORTH23-12642,2023-04-02,15:41,Delhi/NCR,Kolkata,22.51215,88.41056,Rainy,Auto-Rickshaw,High,0,4,Sunday,April,MoRTH_Standardized_v2.1
MORTH23-12643,2023-07-29,21:57,Andhra Pradesh,Vijayawada,16.49577,80.64874,Clear,Two-Wheeler,Medium,0,0,Saturday,July,MoRTH_Standardized_v2.1
MORTH23-12644,2023-06-13,16:51,Madhya Pradesh,Bhopal,23.24609,77.45322,Foggy,Car/Jeep/Van,High,0,3,Tuesday,June,MoRTH_Standardized_v2.1
MORTH23-12645,2023-10-22,19:30,Gujarat,Ahmedabad,23.04288,72.55905,Clear,Car/Jeep/Van,Low,0,2,Sunday,October,MoRTH_Standardized_v2.1
MORTH23-12646,2023-05-20,08:37,Madhya Pradesh,Gwalior,26.23711,78.21382,Clear,Two-Wheeler,High,0,4,Saturday,May,MoRTH_Standardized_v2.1
MORTH23-12647,2023-05-25,10:31,Madhya Pradesh,Gwalior,26.16995,78.26332,Rainy,Truck/Lorry,High,0,2,Thursday,May,MoRTH_Standardized_v2.1
MORTH23-12648,2023-02-04,01:25,Tamil Nadu,Chennai,13.08069,80.31101,Clear,Bus,Low,0,0,Saturday,February,MoRTH_Standardized_v2.1
MORTH23-12649,2023-04-29,01:35,Uttar Pradesh,Lucknow,26.85454,80.87805,Clear,Two-Wheeler,High,0,1,Saturday,April,MoRTH_Standardized_v2.1
MORTH23-12650,2023-02-05,07:13,Madhya Pradesh,Bhopal,23.27,77.45424,Rainy,Car/Jeep/Van,Medium,0,0,Sunday,February,MoRTH_Standardized_v2.1
MORTH23-12651,2023-07-21,21:34,Uttar Pradesh,Lucknow,26.8443,80.90448,Clear,Two-Wheeler,Medium,0,0,Friday,July,MoRTH_Standardized_v2.1
MORTH23-12652,2023-09-02,08:02,Kerala,Thiruvananthapuram,8.57084,76.96082,Rainy,Two-Wheeler,Critical,1,3,Saturday,September,MoRTH_Standardized_v2.1
MORTH23-12653,2023-12-27,07:01,Kerala,Kozhikode,11.33015,75.78027,Cloudy,Two-Wheeler,High,0,1,Wednesday,December,MoRTH_Standardized_v2.1
MORTH23-12654,2023-09-23,21:57,Kerala,Thiruvananthapuram,8.48322,76.89702,Clear,Bus,Low,0,0,Saturday,September,MoRTH_Standardized_v2.1
MORTH23-12655,2023-05-02,01:58,Delhi/NCR,Delhi,28.58521,77.23337,Rainy,Bus,High,1,3,Tuesday,May,MoRTH_Standardized_v2.1
MORTH23-12656,2023-09-12,17:13,Tamil Nadu,Coimbatore,11.0339,76.97142,Clear,Two-Wheeler,Medium,0,2,Tuesday,September,MoRTH_Standardized_v2.1
MORTH23-12657,2023-07-29,16:15,Telangana,Hyderabad,17.39248,78.52805,Clear,Others,Low,0,2,Saturday,July,MoRTH_Standardized_v2.1
MORTH23-12658,2023-10-31,18:29,Delhi/NCR,Delhi,28.62617,77.19216,Clear,Two-Wheeler,Medium,0,2,Tuesday,October,MoRTH_Standardized_v2.1
MORTH23-12659,2023-11-11,07:26,Karnataka,Hubli,15.39195,75.14107,Clear,Auto-Rickshaw,Low,0,1,Saturday,November,MoRTH_Standardized_v2.1
MORTH23-12660,2023-04-28,16:16,Maharashtra,Mumbai,19.09596,72.86663,Clear,Truck/Lorry,Medium,0,0,Friday,April,MoRTH_Standardized_v2.1
MORTH23-12661,2023-12-12,20:32,Karnataka,Mysore,12.2789,76.6559,Clear,Car/Jeep/Van,Low,0,0,Tuesday,December,MoRTH_Standardized_v2.1
MORTH23-12662,2023-04-12,00:26,Tamil Nadu,Madurai,9.96996,78.17463,Clear,Auto-Rickshaw,High,1,4,Wednesday,April,MoRTH_Standardized_v2.1
MORTH23-12663,2023-09-29,17:22,Delhi/NCR,Guwahati,26.13798,91.7768,Clear,Two-Wheeler,Medium,0,1,Friday,September,MoRTH_Standardized_v2.1
MORTH23-12664,2023-06-11,05:28,Andhra Pradesh,Vijayawada,16.4303,80.67222,Clear,Truck/Lorry,Medium,0,1,Sunday,June,MoRTH_Standardized_v2.1
MORTH23-12665,2023-07-12,08:32,Madhya Pradesh,Indore,22.75565,75.85227,Rainy,Car/Jeep/Van,Medium,0,1,Wednesday,July,MoRTH_Standardized_v2.1
MORTH23-12666,2023-07-13,00:43,Madhya Pradesh,Indore,22.75793,75.83644,Clear,Truck/Lorry,Medium,0,0,Thursday,July,MoRTH_Standardized_v2.1
MORTH23-12667,2023-02-16,10:12,Tamil Nadu,Chennai,13.06716,80.22912,Clear,Bus,Medium,0,0,Thursday,February,MoRTH_Standardized_v2.1
MORTH23-12668,2023-05-09,14:55,Delhi/NCR,Kolkata,22.57356,88.33384,Clear,Two-Wheeler,High,0,4,Tuesday,May,MoRTH_Standardized_v2.1
MORTH23-12669,2023-10-27,18:25,Telangana,Hyderabad,17.40721,78.49625,Cloudy,Bus,Medium,0,1,Friday,October,MoRTH_Standardized_v2.1
MORTH23-12670,2023-01-28,10:15,Andhra Pradesh,Visakhapatnam,17.6201,83.18373,Clear,Two-Wheeler,High,0,1,Saturday,January,MoRTH_Standardized_v2.1
MORTH23-12671,2023-12-03,19:48,Maharashtra,Pune,18.49741,73.89642,Clear,Car/Jeep/Van,Low,0,0,Sunday,December,MoRTH_Standardized_v2.1
MORTH23-12672,2023-03-05,10:52,Kerala,Kochi,9.91775,76.25122,Clear,Bus,Low,0,2,Sunday,March,MoRTH_Standardized_v2.1
MORTH23-12673,2023-12-06,07:21,Kerala,Thiruvananthapuram,8.59133,76.86431,Clear,Car/Jeep/Van,Medium,0,2,Wednesday,December,MoRTH_Standardized_v2.1
MORTH23-12674,2023-03-14,23:45,Karnataka,Mysore,12.33122,76.60312,Cloudy,Two-Wheeler,Critical,2,3,Tuesday,March,MoRTH_Standardized_v2.1
MORTH23-12675,2023-10-30,19:49,Karnataka,Bangalore,12.93763,77.60445,Cloudy,Two-Wheeler,High,0,1,Monday,October,MoRTH_Standardized_v2.1
MORTH23-12676,2023-09-07,02:54,Tamil Nadu,Coimbatore,11.09639,76.99678,Clear,Auto-Rickshaw,Medium,0,0,Thursday,September,MoRTH_Standardized_v2.1
MORTH23-12677,2023-10-11,17:12,Kerala,Kochi,9.98456,76.268,Foggy,Two-Wheeler,High,0,2,Wednesday,October,MoRTH_Standardized_v2.1
MORTH23-12678,2023-08-15,07:38,Delhi/NCR,Kolkata,22.57864,88.38185,Clear,Car/Jeep/Van,Low,0,1,Tuesday,August,MoRTH_Standardized_v2.1
MORTH23-12679,2023-04-08,09:49,Karnataka,Bangalore,12.9538,77.60702,Clear,Others,Low,0,2,Saturday,April,MoRTH_Standardized_v2.1
MORTH23-12680,2023-08-21,18:58,Karnataka,Mysore,12.25144,76.64759,Clear,Car/Jeep/Van,Low,0,2,Monday,August,MoRTH_Standardized_v2.1
MORTH23-12681,2023-02-17,23:32,Kerala,Thiruvananthapuram,8.55377,76.97162,Rainy,Two-Wheeler,Critical,3,3,Friday,February,MoRTH_Standardized_v2.1
MORTH23-12682,2023-01-04,05:20,Maharashtra,Nagpur,21.14463,79.05713,Clear,Two-Wheeler,Medium,0,1,Wednesday,January,MoRTH_Standardized_v2.1
MORTH23-12683,2023-06-18,13:05,Tamil Nadu,Coimbatore,11.01865,76.91871,Clear,Two-Wheeler,High,0,3,Sunday,June,MoRTH_Standardized_v2.1
MORTH23-12684,2023-01-18,13:09,Tamil Nadu,Chennai,13.08794,80.3161,Clear,Bus,Low,0,1,Wednesday,January,MoRTH_Standardized_v2.1
MORTH23-12685,2023-01-08,19:12,Delhi/NCR,Guwahati,26.14379,91.71158,Clear,Car/Jeep/Van,Low,0,0,Sunday,January,MoRTH_Standardized_v2.1
MORTH23-12686,2023-12-30,12:35,Rajasthan,Jaipur,26.88112,75.78475,Rainy,Two-Wheeler,Critical,2,2,Saturday,December,MoRTH_Standardized_v2.1
MORTH23-12687,2023-05-02,03:33,Madhya Pradesh,Indore,22.63591,75.82974,Clear,Car/Jeep/Van,High,0,4,Tuesday,May,MoRTH_Standardized_v2.1
MORTH23-12688,2023-10-24,03:37,Rajasthan,Jodhpur,26.2462,73.01891,Foggy,Car/Jeep/Van,Critical,1,2,Tuesday,October,MoRTH_Standardized_v2.1
MORTH23-12689,2023-08-28,11:39,Madhya Pradesh,Gwalior,26.17303,78.17534,Cloudy,Car/Jeep/Van,Low,0,2,Monday,August,MoRTH_Standardized_v2.1
MORTH23-12690,2023-09-13,14:45,Tamil Nadu,Coimbatore,11.02135,76.9719,Clear,Two-Wheeler,High,0,4,Wednesday,September,MoRTH_Standardized_v2.1
MORTH23-12691,2023-10-20,23:43,Delhi/NCR,Delhi,28.58279,77.20647,Rainy,Two-Wheeler,Critical,1,3,Friday,October,MoRTH_Standardized_v2.1
MORTH23-12692,2023-09-27,09:20,Tamil Nadu,Madurai,9.91613,78.1443,Clear,Two-Wheeler,High,0,2,Wednesday,September,MoRTH_Standardized_v2.1
MORTH23-12693,2023-10-27,09:09,Delhi/NCR,Delhi,28.64008,77.21507,Clear,Two-Wheeler,Medium,0,0,Friday,October,MoRTH_Standardized_v2.1
MORTH23-12694,2023-07-11,07:50,Tamil Nadu,Chennai,13.09825,80.25647,Clear,Truck/Lorry,Low,0,1,Tuesday,July,MoRTH_Standardized_v2.1
MORTH23-12695,2023-08-13,14:12,Delhi/NCR,Kolkata,22.54775,88.34646,Clear,Car/Jeep/Van,Low,0,0,Sunday,August,MoRTH_Standardized_v2.1
MORTH23-12696,2023-09-01,15:01,Karnataka,Mysore,12.31168,76.64112,Clear,Two-Wheeler,High,0,4,Friday,September,MoRTH_Standardized_v2.1
MORTH23-12697,2023-10-23,10:04,Tamil Nadu,Madurai,9.95702,78.16386,Rainy,Two-Wheeler,Critical,3,2,Monday,October,MoRTH_Standardized_v2.1
MORTH23-12698,2023-11-17,16:49,Madhya Pradesh,Indore,22.70252,75.90131,Clear,Car/Jeep/Van,Low,0,2,Friday,November,MoRTH_Standardized_v2.1
MORTH23-12699,2023-05-10,06:31,Maharashtra,Nagpur,21.09386,79.09205,Clear,Others,Low,0,2,Wednesday,May,MoRTH_Standardized_v2.1
MORTH23-12700,2023-06-19,12:22,Delhi/NCR,Delhi,28.59093,77.24858,Clear,Bus,Medium,0,2,Monday,June,MoRTH_Standardized_v2.1
MORTH23-12701,2023-11-04,07:35,Delhi/NCR,Delhi,28.62355,77.24718,Clear,Two-Wheeler,High,0,3,Saturday,November,MoRTH_Standardized_v2.1
MORTH23-12702,2023-08-04,17:45,Andhra Pradesh,Visakhapatnam,17.68812,83.22307,Cloudy,Two-Wheeler,Medium,0,0,Friday,August,MoRTH_Standardized_v2.1
MORTH23-12703,2023-12-21,15:07,Gujarat,Surat,21.22661,72.85931,Clear,Two-Wheeler,High,0,3,Thursday,December,MoRTH_Standardized_v2.1
MORTH23-12704,2023-05-02,19:53,Tamil Nadu,Chennai,13.08452,80.27842,Rainy,Truck/Lorry,High,0,1,Tuesday,May,MoRTH_Standardized_v2.1
MORTH23-12705,2023-03-18,21:36,Delhi/NCR,Guwahati,26.13982,91.74574,Clear,Two-Wheeler,Medium,0,1,Saturday,March,MoRTH_Standardized_v2.1
MORTH23-12706,2023-09-29,08:10,Uttar Pradesh,Lucknow,26.87116,80.98843,Clear,Others,Low,0,1,Friday,September,MoRTH_Standardized_v2.1
MORTH23-12707,2023-11-20,17:17,Delhi/NCR,Kolkata,22.55446,88.40136,Clear,Truck/Lorry,Medium,0,1,Monday,November,MoRTH_Standardized_v2.1
MORTH23-12708,2023-06-03,14:21,Telangana,Warangal,18.01158,79.67187,Clear,Two-Wheeler,Medium,0,0,Saturday,June,MoRTH_Standardized_v2.1
MORTH23-12709,2023-09-18,18:33,Delhi/NCR,Delhi,28.58403,77.26131,Clear,Two-Wheeler,High,0,2,Monday,September,MoRTH_Standardized_v2.1
MORTH23-12710,2023-09-04,16:40,Karnataka,Mysore,12.33997,76.65852,Clear,Two-Wheeler,High,0,1,Monday,September,MoRTH_Standardized_v2.1
MORTH23-12711,2023-06-10,15:07,Tamil Nadu,Coimbatore,10.98671,76.93081,Clear,Two-Wheeler,High,0,1,Saturday,June,MoRTH_Standardized_v2.1
MORTH23-12712,2023-03-01,16:24,Karnataka,Bangalore,12.96215,77.63454,Clear,Car/Jeep/Van,Low,0,0,Wednesday,March,MoRTH_Standardized_v2.1
MORTH23-12713,2023-05-29,06:52,Andhra Pradesh,Vijayawada,16.53815,80.60553,Clear,Others,Low,0,0,Monday,May,MoRTH_Standardized_v2.1
MORTH23-12714,2023-08-01,06:26,Tamil Nadu,Chennai,13.05667,80.27492,Clear,Car/Jeep/Van,Low,0,1,Tuesday,August,MoRTH_Standardized_v2.1
MORTH23-12715,2023-03-22,10:56,Rajasthan,Jodhpur,26.22968,73.05062,Foggy,Car/Jeep/Van,High,0,1,Wednesday,March,MoRTH_Standardized_v2.1
MORTH23-12716,2023-07-15,12:15,Kerala,Kochi,9.93678,76.27078,Rainy,Two-Wheeler,Critical,2,3,Saturday,July,MoRTH_Standardized_v2.1
MORTH23-12717,2023-01-05,11:00,Tamil Nadu,Chennai,13.02111,80.22037,Clear,Auto-Rickshaw,Low,0,1,Thursday,January,MoRTH_Standardized_v2.1
MORTH23-12718,2023-02-14,13:28,Karnataka,Mysore,12.29371,76.61859,Clear,Auto-Rickshaw,Low,0,2,Tuesday,February,MoRTH_Standardized_v2.1
MORTH23-12719,2023-12-04,15:07,Delhi/NCR,Guwahati,26.12318,91.74818,Clear,Two-Wheeler,High,0,4,Monday,December,MoRTH_Standardized_v2.1
MORTH23-12720,2023-07-26,12:32,Telangana,Hyderabad,17.41918,78.4493,Cloudy,Two-Wheeler,High,0,4,Wednesday,July,MoRTH_Standardized_v2.1
MORTH23-12721,2023-03-07,16:12,Uttar Pradesh,Lucknow,26.89195,80.93503,Clear,Two-Wheeler,Medium,0,1,Tuesday,March,MoRTH_Standardized_v2.1
MORTH23-12722,2023-10-14,04:47,Andhra Pradesh,Vijayawada,16.50358,80.67153,Clear,Two-Wheeler,High,1,3,Saturday,October,MoRTH_Standardized_v2.1
MORTH23-12723,2023-04-08,11:19,Delhi/NCR,Delhi,28.5441,77.15979,Cloudy,Others,Medium,0,0,Saturday,April,MoRTH_Standardized_v2.1
MORTH23-12724,2023-07-26,10:59,Delhi/NCR,Kolkata,22.62778,88.36688,Clear,Two-Wheeler,Medium,0,2,Wednesday,July,MoRTH_Standardized_v2.1
MORTH23-12725,2023-05-04,15:39,Maharashtra,Pune,18.57991,73.84267,Clear,Two-Wheeler,High,0,2,Thursday,May,MoRTH_Standardized_v2.1
MORTH23-12726,2023-08-10,06:48,Gujarat,Surat,21.15777,72.83363,Clear,Two-Wheeler,High,0,1,Thursday,August,MoRTH_Standardized_v2.1
MORTH23-12727,2023-08-06,19:54,Rajasthan,Jaipur,26.93331,75.77543,Clear,Bus,Medium,0,0,Sunday,August,MoRTH_Standardized_v2.1
MORTH23-12728,2023-03-29,11:02,Karnataka,Mysore,12.27721,76.5714,Clear,Truck/Lorry,Low,0,0,Wednesday,March,MoRTH_Standardized_v2.1
MORTH23-12729,2023-03-29,07:56,Tamil Nadu,Madurai,9.9016,78.10621,Clear,Auto-Rickshaw,Medium,0,1,Wednesday,March,MoRTH_Standardized_v2.1
MORTH23-12730,2023-07-16,21:21,Delhi/NCR,Guwahati,26.11904,91.70445,Clear,Others,Medium,0,0,Sunday,July,MoRTH_Standardized_v2.1
MORTH23-12731,2023-04-24,21:11,Delhi/NCR,Delhi,28.63693,77.19422,Clear,Two-Wheeler,High,1,1,Monday,April,MoRTH_Standardized_v2.1
MORTH23-12732,2023-06-11,11:26,Delhi/NCR,Delhi,28.59603,77.26371,Clear,Truck/Lorry,High,0,3,Sunday,June,MoRTH_Standardized_v2.1
MORTH23-12733,2023-08-05,20:42,Delhi/NCR,Kolkata,22.63217,88.30861,Clear,Auto-Rickshaw,Low,0,0,Saturday,August,MoRTH_Standardized_v2.1
MORTH23-12734,2023-02-16,18:13,Telangana,Hyderabad,17.39154,78.49786,Clear,Two-Wheeler,Medium,0,2,Thursday,February,MoRTH_Standardized_v2.1
MORTH23-12735,2023-04-01,00:55,Delhi/NCR,Kolkata,22.64269,88.43708,Foggy,Truck/Lorry,Critical,2,3,Saturday,April,MoRTH_Standardized_v2.1
MORTH23-12736,2023-03-25,10:15,Andhra Pradesh,Vijayawada,16.4335,80.61407,Clear,Two-Wheeler,High,0,3,Saturday,March,MoRTH_Standardized_v2.1
MORTH23-12737,2023-02-14,20:30,Uttar Pradesh,Agra,27.15614,77.97251,Clear,Two-Wheeler,High,0,1,Tuesday,February,MoRTH_Standardized_v2.1
MORTH23-12738,2023-11-25,17:31,Karnataka,Hubli,15.36054,75.10161,Clear,Others,Medium,0,2,Saturday,November,MoRTH_Standardized_v2.1
MORTH23-12739,2023-04-11,20:45,Gujarat,Ahmedabad,23.0183,72.62683,Foggy,Car/Jeep/Van,Medium,0,0,Tuesday,April,MoRTH_Standardized_v2.1
MORTH23-12740,2023-06-15,15:37,Telangana,Hyderabad,17.40821,78.49514,Cloudy,Two-Wheeler,Medium,0,2,Thursday,June,MoRTH_Standardized_v2.1
MORTH23-12741,2023-12-14,04:05,Telangana,Hyderabad,17.39733,78.52416,Rainy,Two-Wheeler,Critical,2,5,Thursday,December,MoRTH_Standardized_v2.1
MORTH23-12742,2023-01-08,21:42,Tamil Nadu,Madurai,9.88648,78.07516,Clear,Auto-Rickshaw,Medium,0,1,Sunday,January,MoRTH_Standardized_v2.1
MORTH23-12743,2023-09-14,20:19,Delhi/NCR,Delhi,28.61034,77.23027,Cloudy,Truck/Lorry,Medium,0,2,Thursday,September,MoRTH_Standardized_v2.1
MORTH23-12744,2023-02-01,21:07,Maharashtra,Pune,18.50441,73.85092,Clear,Truck/Lorry,Low,0,1,Wednesday,February,MoRTH_Standardized_v2.1
MORTH23-12745,2023-07-08,11:32,Maharashtra,Nagpur,21.15079,79.10529,Clear,Two-Wheeler,High,0,3,Saturday,July,MoRTH_Standardized_v2.1
MORTH23-12746,2023-06-22,21:01,Madhya Pradesh,Bhopal,23.25584,77.39093,Clear,Car/Jeep/Van,Low,0,1,Thursday,June,MoRTH_Standardized_v2.1
MORTH23-12747,2023-03-01,12:11,Madhya Pradesh,Bhopal,23.30139,77.37884,Clear,Two-Wheeler,Medium,0,1,Wednesday,March,MoRTH_Standardized_v2.1
MORTH23-12748,2023-11-19,19:14,Madhya Pradesh,Bhopal,23.27061,77.46526,Clear,Two-Wheeler,High,0,2,Sunday,November,MoRTH_Standardized_v2.1
MORTH23-12749,2023-10-08,18:13,Madhya Pradesh,Indore,22.7604,75.82202,Clear,Truck/Lorry,Medium,0,1,Sunday,October,MoRTH_Standardized_v2.1
MORTH23-12750,2023-11-04,11:05,Kerala,Kochi,9.90307,76.29691,Clear,Two-Wheeler,Medium,0,0,Saturday,November,MoRTH_Standardized_v2.1
MORTH23-12751,2023-05-12,17:53,Madhya Pradesh,Indore,22.72905,75.85622,Clear,Two-Wheeler,Medium,0,1,Friday,May,MoRTH_Standardized_v2.1
MORTH23-12752,2023-07-03,15:47,Tamil Nadu,Madurai,9.89647,78.0796,Clear,Others,Low,0,0,Monday,July,MoRTH_Standardized_v2.1
MORTH23-12753,2023-08-05,06:05,Gujarat,Ahmedabad,22.99907,72.60864,Rainy,Truck/Lorry,Critical,3,4,Saturday,August,MoRTH_Standardized_v2.1
MORTH23-12754,2023-12-31,15:59,Karnataka,Mysore,12.34251,76.62954,Clear,Two-Wheeler,High,1,3,Sunday,December,MoRTH_Standardized_v2.1
MORTH23-12755,2023-12-27,16:11,Madhya Pradesh,Gwalior,26.21784,78.12705,Clear,Truck/Lorry,High,0,2,Wednesday,December,MoRTH_Standardized_v2.1
MORTH23-12756,2023-02-02,17:36,Karnataka,Mysore,12.28223,76.65263,Clear,Car/Jeep/Van,Low,0,1,Thursday,February,MoRTH_Standardized_v2.1
MORTH23-12757,2023-01-31,02:31,Uttar Pradesh,Agra,27.17825,78.00539,Clear,Two-Wheeler,High,0,3,Tuesday,January,MoRTH_Standardized_v2.1
MORTH23-12758,2023-04-24,22:20,Andhra Pradesh,Vijayawada,16.48937,80.63748,Foggy,Truck/Lorry,Critical,2,2,Monday,April,MoRTH_Standardized_v2.1
MORTH23-12759,2023-01-01,17:40,Kerala,Kozhikode,11.24073,75.80559,Cloudy,Bus,Low,0,0,Sunday,January,MoRTH_Standardized_v2.1
MORTH23-12760,2023-03-04,16:26,Gujarat,Surat,21.19658,72.85797,Clear,Others,Low,0,1,Saturday,March,MoRTH_Standardized_v2.1
MORTH23-12761,2023-06-27,07:58,Delhi/NCR,Guwahati,26.11201,91.77168,Clear,Two-Wheeler,High,1,1,Tuesday,June,MoRTH_Standardized_v2.1
MORTH23-12762,2023-01-29,19:52,Tamil Nadu,Chennai,13.06553,80.27343,Clear,Two-Wheeler,High,0,4,Sunday,January,MoRTH_Standardized_v2.1
MORTH23-12763,2023-09-29,22:16,Maharashtra,Mumbai,19.07097,72.88476,Clear,Car/Jeep/Van,High,1,3,Friday,September,MoRTH_Standardized_v2.1
MORTH23-12764,2023-10-18,08:45,Delhi/NCR,Guwahati,26.13788,91.73051,Clear,Auto-Rickshaw,Low,0,1,Wednesday,October,MoRTH_Standardized_v2.1
MORTH23-12765,2023-09-09,12:00,Delhi/NCR,Delhi,28.62923,77.20858,Clear,Bus,Low,0,2,Saturday,September,MoRTH_Standardized_v2.1
MORTH23-12766,2023-03-22,18:54,Maharashtra,Nagpur,21.16735,79.09947,Clear,Two-Wheeler,High,0,1,Wednesday,March,MoRTH_Standardized_v2.1
MORTH23-12767,2023-10-08,00:23,Telangana,Hyderabad,17.38091,78.48593,Clear,Two-Wheeler,Critical,1,5,Sunday,October,MoRTH_Standardized_v2.1
MORTH23-12768,2023-11-11,20:23,Kerala,Kochi,9.94346,76.26628,Clear,Bus,Low,0,2,Saturday,November,MoRTH_Standardized_v2.1
MORTH23-12769,2023-04-19,11:40,Uttar Pradesh,Lucknow,26.85784,80.94745,Foggy,Truck/Lorry,High,0,2,Wednesday,April,MoRTH_Standardized_v2.1
MORTH23-12770,2023-08-16,08:57,Delhi/NCR,Kolkata,22.57056,88.35247,Clear,Two-Wheeler,Medium,0,0,Wednesday,August,MoRTH_Standardized_v2.1
MORTH23-12771,2023-04-05,08:48,Karnataka,Bangalore,12.96935,77.58911,Clear,Two-Wheeler,Medium,0,2,Wednesday,April,MoRTH_Standardized_v2.1
MORTH23-12772,2023-08-22,11:32,Kerala,Kochi,9.90656,76.34825,Rainy,Two-Wheeler,Critical,2,4,Tuesday,August,MoRTH_Standardized_v2.1
MORTH23-12773,2023-06-25,11:24,Tamil Nadu,Chennai,13.13296,80.23931,Foggy,Two-Wheeler,Critical,1,2,Sunday,June,MoRTH_Standardized_v2.1
MORTH23-12774,2023-12-16,18:53,Delhi/NCR,Kolkata,22.57518,88.33859,Clear,Two-Wheeler,Medium,0,2,Saturday,December,MoRTH_Standardized_v2.1
MORTH23-12775,2023-12-09,21:54,Kerala,Thiruvananthapuram,8.53538,76.95796,Clear,Auto-Rickshaw,Low,0,2,Saturday,December,MoRTH_Standardized_v2.1
MORTH23-12776,2023-04-25,17:14,Delhi/NCR,Guwahati,26.15912,91.73927,Clear,Two-Wheeler,High,1,4,Tuesday,April,MoRTH_Standardized_v2.1
MORTH23-12777,2023-12-21,16:53,Delhi/NCR,Guwahati,26.13998,91.73819,Clear,Two-Wheeler,Medium,0,1,Thursday,December,MoRTH_Standardized_v2.1
MORTH23-12778,2023-12-21,19:08,Andhra Pradesh,Vijayawada,16.44902,80.59824,Foggy,Car/Jeep/Van,Medium,0,0,Thursday,December,MoRTH_Standardized_v2.1
MORTH23-12779,2023-06-02,10:23,Telangana,Hyderabad,17.37049,78.54474,Cloudy,Car/Jeep/Van,Medium,0,2,Friday,June,MoRTH_Standardized_v2.1
MORTH23-12780,2023-01-13,15:29,Madhya Pradesh,Bhopal,23.21416,77.42341,Clear,Car/Jeep/Van,Low,0,0,Friday,January,MoRTH_Standardized_v2.1
MORTH23-12781,2023-08-26,23:36,Delhi/NCR,Delhi,28.53314,77.20309,Clear,Truck/Lorry,Medium,0,1,Saturday,August,MoRTH_Standardized_v2.1
MORTH23-12782,2023-06-12,16:06,Delhi/NCR,Kolkata,22.56467,88.37511,Foggy,Two-Wheeler,Critical,2,5,Monday,June,MoRTH_Standardized_v2.1
MORTH23-12783,2023-05-03,22:52,Tamil Nadu,Chennai,13.01169,80.27387,Cloudy,Others,Low,0,2,Wednesday,May,MoRTH_Standardized_v2.1
MORTH23-12784,2023-01-27,13:50,Telangana,Warangal,17.99469,79.59645,Clear,Two-Wheeler,Medium,0,2,Friday,January,MoRTH_Standardized_v2.1
MORTH23-12785,2023-04-27,17:49,Andhra Pradesh,Vijayawada,16.46979,80.68147,Clear,Two-Wheeler,Medium,0,2,Thursday,April,MoRTH_Standardized_v2.1
MORTH23-12786,2023-02-02,14:14,Kerala,Kozhikode,11.27577,75.80955,Clear,Two-Wheeler,High,0,3,Thursday,February,MoRTH_Standardized_v2.1
MORTH23-12787,2023-01-18,21:52,Kerala,Thiruvananthapuram,8.49989,76.94817,Foggy,Two-Wheeler,High,0,3,Wednesday,January,MoRTH_Standardized_v2.1
MORTH23-12788,2023-03-13,19:07,Delhi/NCR,Delhi,28.63957,77.24477,Clear,Two-Wheeler,Medium,0,1,Monday,March,MoRTH_Standardized_v2.1
MORTH23-12789,2023-12-15,22:12,Delhi/NCR,Delhi,28.54665,77.18625,Rainy,Auto-Rickshaw,Critical,3,5,Friday,December,MoRTH_Standardized_v2.1
MORTH23-12790,2023-10-22,15:26,Uttar Pradesh,Agra,27.20574,77.9817,Clear,Others,Low,0,2,Sunday,October,MoRTH_Standardized_v2.1
MORTH23-12791,2023-03-21,10:15,Maharashtra,Pune,18.47101,73.84119,Clear,Truck/Lorry,Medium,0,0,Tuesday,March,MoRTH_Standardized_v2.1
MORTH23-12792,2023-01-18,21:16,Maharashtra,Nagpur,21.14596,79.0931,Clear,Others,Low,0,1,Wednesday,January,MoRTH_Standardized_v2.1
MORTH23-12793,2023-01-17,16:39,Madhya Pradesh,Indore,22.69395,75.84349,Clear,Two-Wheeler,High,0,2,Tuesday,January,MoRTH_Standardized_v2.1
MORTH23-12794,2023-09-23,21:30,Delhi/NCR,Guwahati,26.09036,91.74399,Clear,Bus,Medium,0,1,Saturday,September,MoRTH_Standardized_v2.1
MORTH23-12795,2023-09-14,22:31,Rajasthan,Jodhpur,26.18752,73.02193,Clear,Two-Wheeler,High,0,2,Thursday,September,MoRTH_Standardized_v2.1
MORTH23-12796,2023-09-16,08:50,Telangana,Warangal,18.00161,79.61067,Clear,Two-Wheeler,Medium,0,1,Saturday,September,MoRTH_Standardized_v2.1
MORTH23-12797,2023-10-25,17:34,Maharashtra,Pune,18.48213,73.88016,Rainy,Auto-Rickshaw,Medium,0,2,Wednesday,October,MoRTH_Standardized_v2.1
MORTH23-12798,2023-02-07,23:49,Madhya Pradesh,Gwalior,26.17923,78.14007,Clear,Car/Jeep/Van,Medium,0,0,Tuesday,February,MoRTH_Standardized_v2.1
MORTH23-12799,2023-01-20,18:25,Tamil Nadu,Madurai,9.92529,78.14748,Clear,Two-Wheeler,Medium,0,1,Friday,January,MoRTH_Standardized_v2.1
MORTH23-12800,2023-11-16,04:20,Telangana,Warangal,17.98159,79.66404,Foggy,Auto-Rickshaw,Critical,2,3,Thursday,November,MoRTH_Standardized_v2.1
MORTH23-12801,2023-01-24,07:28,Tamil Nadu,Madurai,10.02261,78.15039,Clear,Two-Wheeler,Medium,0,0,Tuesday,January,MoRTH_Standardized_v2.1
MORTH23-12802,2023-08-29,12:14,Karnataka,Bangalore,12.93769,77.63542,Clear,Two-Wheeler,High,0,3,Tuesday,August,MoRTH_Standardized_v2.1
MORTH23-12803,2023-11-06,18:32,Maharashtra,Pune,18.4966,73.88946,Clear,Car/Jeep/Van,Low,0,0,Monday,November,MoRTH_Standardized_v2.1
MORTH23-12804,2023-08-15,02:30,Tamil Nadu,Coimbatore,11.00857,76.95071,Rainy,Two-Wheeler,Critical,1,2,Tuesday,August,MoRTH_Standardized_v2.1
MORTH23-12805,2023-04-11,17:50,Gujarat,Surat,21.14112,72.82559,Clear,Truck/Lorry,Medium,0,1,Tuesday,April,MoRTH_Standardized_v2.1
MORTH23-12806,2023-05-27,07:36,Madhya Pradesh,Indore,22.68954,75.88212,Clear,Car/Jeep/Van,Medium,0,0,Saturday,May,MoRTH_Standardized_v2.1
MORTH23-12807,2023-08-03,17:09,Delhi/NCR,Guwahati,26.13417,91.75881,Clear,Two-Wheeler,Medium,0,2,Thursday,August,MoRTH_Standardized_v2.1
MORTH23-12808,2023-04-06,06:53,Kerala,Kochi,9.97649,76.28343,Cloudy,Two-Wheeler,High,0,4,Thursday,April,MoRTH_Standardized_v2.1
MORTH23-12809,2023-12-29,17:15,Telangana,Hyderabad,17.40946,78.41952,Clear,Two-Wheeler,High,0,1,Friday,December,MoRTH_Standardized_v2.1
MORTH23-12810,2023-01-02,19:29,Maharashtra,Pune,18.54124,73.8322,Clear,Truck/Lorry,High,1,2,Monday,January,MoRTH_Standardized_v2.1
MORTH23-12811,2023-06-21,15:02,Karnataka,Mysore,12.32328,76.63239,Foggy,Others,High,1,3,Wednesday,June,MoRTH_Standardized_v2.1
MORTH23-12812,2023-12-24,09:26,Delhi/NCR,Guwahati,26.15539,91.68788,Foggy,Auto-Rickshaw,High,0,1,Sunday,December,MoRTH_Standardized_v2.1
MORTH23-12813,2023-11-25,21:24,Uttar Pradesh,Agra,27.20721,77.99551,Clear,Two-Wheeler,High,1,2,Saturday,November,MoRTH_Standardized_v2.1
MORTH23-12814,2023-07-14,16:33,Karnataka,Mysore,12.30109,76.66015,Clear,Two-Wheeler,High,1,4,Friday,July,MoRTH_Standardized_v2.1
MORTH23-12815,2023-08-30,17:40,Rajasthan,Jodhpur,26.2323,73.06659,Clear,Two-Wheeler,High,0,4,Wednesday,August,MoRTH_Standardized_v2.1
MORTH23-12816,2023-09-27,00:16,Kerala,Kochi,9.98043,76.22874,Foggy,Two-Wheeler,Critical,3,2,Wednesday,September,MoRTH_Standardized_v2.1
MORTH23-12817,2023-11-11,00:53,Delhi/NCR,Kolkata,22.57763,88.32535,Clear,Two-Wheeler,High,1,4,Saturday,November,MoRTH_Standardized_v2.1
MORTH23-12818,2023-12-10,06:17,Kerala,Kozhikode,11.32356,75.761,Rainy,Two-Wheeler,High,0,3,Sunday,December,MoRTH_Standardized_v2.1
MORTH23-12819,2023-06-14,15:31,Delhi/NCR,Guwahati,26.14578,91.73951,Clear,Auto-Rickshaw,Medium,0,0,Wednesday,June,MoRTH_Standardized_v2.1
MORTH23-12820,2023-06-23,16:36,Madhya Pradesh,Bhopal,23.31226,77.39137,Rainy,Two-Wheeler,Critical,1,4,Friday,June,MoRTH_Standardized_v2.1
MORTH23-12821,2023-02-07,18:58,Delhi/NCR,Delhi,28.66645,77.18378,Clear,Auto-Rickshaw,Medium,0,0,Tuesday,February,MoRTH_Standardized_v2.1
MORTH23-12822,2023-11-01,06:20,Delhi/NCR,Guwahati,26.1512,91.73376,Clear,Two-Wheeler,High,1,1,Wednesday,November,MoRTH_Standardized_v2.1
MORTH23-12823,2023-05-03,18:23,Maharashtra,Mumbai,19.12128,72.88005,Clear,Auto-Rickshaw,Low,0,2,Wednesday,May,MoRTH_Standardized_v2.1
MORTH23-12824,2023-08-19,09:06,Madhya Pradesh,Indore,22.72923,75.89975,Rainy,Two-Wheeler,High,0,4,Saturday,August,MoRTH_Standardized_v2.1
MORTH23-12825,2023-05-20,03:17,Madhya Pradesh,Indore,22.69569,75.8385,Foggy,Auto-Rickshaw,High,0,3,Saturday,May,MoRTH_Standardized_v2.1
MORTH23-12826,2023-07-21,10:06,Delhi/NCR,Guwahati,26.17425,91.75334,Clear,Truck/Lorry,Medium,0,2,Friday,July,MoRTH_Standardized_v2.1
MORTH23-12827,2023-08-26,20:21,Karnataka,Bangalore,12.96814,77.51551,Clear,Two-Wheeler,Medium,0,1,Saturday,August,MoRTH_Standardized_v2.1
MORTH23-12828,2023-07-02,14:09,Karnataka,Hubli,15.39306,75.11926,Clear,Two-Wheeler,Medium,0,1,Sunday,July,MoRTH_Standardized_v2.1
MORTH23-12829,2023-01-15,14:59,Uttar Pradesh,Kanpur,26.49398,80.35514,Clear,Car/Jeep/Van,Medium,0,1,Sunday,January,MoRTH_Standardized_v2.1
MORTH23-12830,2023-07-18,15:12,Uttar Pradesh,Agra,27.15888,78.00678,Foggy,Car/Jeep/Van,Medium,0,0,Tuesday,July,MoRTH_Standardized_v2.1
MORTH23-12831,2023-11-16,11:19,Uttar Pradesh,Agra,27.1926,77.99997,Clear,Two-Wheeler,High,0,1,Thursday,November,MoRTH_Standardized_v2.1
MORTH23-12832,2023-07-20,11:35,Delhi/NCR,Guwahati,26.09178,91.75793,Clear,Auto-Rickshaw,Medium,0,0,Thursday,July,MoRTH_Standardized_v2.1
MORTH23-12833,2023-11-23,17:01,Kerala,Thiruvananthapuram,8.55546,76.9578,Clear,Two-Wheeler,Medium,0,1,Thursday,November,MoRTH_Standardized_v2.1
MORTH23-12834,2023-10-06,06:54,Andhra Pradesh,Vijayawada,16.49476,80.69905,Foggy,Two-Wheeler,Critical,1,5,Friday,October,MoRTH_Standardized_v2.1
MORTH23-12835,2023-03-07,06:15,Maharashtra,Nagpur,21.13488,79.06309,Clear,Two-Wheeler,High,0,4,Tuesday,March,MoRTH_Standardized_v2.1
MORTH23-12836,2023-02-16,07:45,Karnataka,Mysore,12.31148,76.56934,Rainy,Truck/Lorry,Critical,3,2,Thursday,February,MoRTH_Standardized_v2.1
MORTH23-12837,2023-12-27,10:48,Uttar Pradesh,Kanpur,26.41982,80.30175,Clear,Car/Jeep/Van,Low,0,2,Wednesday,December,MoRTH_Standardized_v2.1
MORTH23-12838,2023-12-14,16:44,Telangana,Warangal,17.94759,79.6253,Foggy,Two-Wheeler,Critical,3,6,Thursday,December,MoRTH_Standardized_v2.1
MORTH23-12839,2023-07-26,09:20,Uttar Pradesh,Agra,27.20269,78.00717,Clear,Two-Wheeler,High,0,1,Wednesday,July,MoRTH_Standardized_v2.1
MORTH23-12840,2023-03-15,03:00,Rajasthan,Jaipur,26.88995,75.76769,Clear,Others,Medium,0,0,Wednesday,March,MoRTH_Standardized_v2.1
MORTH23-12841,2023-12-02,10:00,Maharashtra,Pune,18.48441,73.84797,Rainy,Auto-Rickshaw,Medium,0,2,Saturday,December,MoRTH_Standardized_v2.1
MORTH23-12842,2023-07-10,19:40,Madhya Pradesh,Gwalior,26.22965,78.17453,Clear,Two-Wheeler,High,0,2,Monday,July,MoRTH_Standardized_v2.1
MORTH23-12843,2023-06-24,10:04,Rajasthan,Jodhpur,26.24693,72.98605,Clear,Two-Wheeler,High,1,3,Saturday,June,MoRTH_Standardized_v2.1
MORTH23-12844,2023-07-27,17:27,Delhi/NCR,Delhi,28.62449,77.19722,Clear,Two-Wheeler,High,0,1,Thursday,July,MoRTH_Standardized_v2.1
MORTH23-12845,2023-09-02,10:45,Madhya Pradesh,Bhopal,23.26101,77.42393,Cloudy,Two-Wheeler,Medium,0,1,Saturday,September,MoRTH_Standardized_v2.1
MORTH23-12846,2023-08-22,19:34,Uttar Pradesh,Kanpur,26.46577,80.27796,Cloudy,Two-Wheeler,Medium,0,0,Tuesday,August,MoRTH_Standardized_v2.1
MORTH23-12847,2023-12-14,05:59,Rajasthan,Jaipur,26.94568,75.7715,Foggy,Two-Wheeler,Critical,2,6,Thursday,December,MoRTH_Standardized_v2.1
MORTH23-12848,2023-03-28,09:10,Telangana,Warangal,18.00494,79.59654,Clear,Others,Low,0,1,Tuesday,March,MoRTH_Standardized_v2.1
MORTH23-12849,2023-05-27,21:49,Andhra Pradesh,Visakhapatnam,17.64888,83.20953,Foggy,Truck/Lorry,Critical,2,6,Saturday,May,MoRTH_Standardized_v2.1
MORTH23-12850,2023-08-06,09:19,Karnataka,Hubli,15.37643,75.18998,Rainy,Car/Jeep/Van,High,1,2,Sunday,August,MoRTH_Standardized_v2.1
MORTH23-12851,2023-05-25,23:44,Uttar Pradesh,Agra,27.18951,77.97449,Clear,Bus,Low,0,2,Thursday,May,MoRTH_Standardized_v2.1
MORTH23-12852,2023-08-09,01:56,Rajasthan,Jaipur,26.89265,75.76552,Clear,Two-Wheeler,Critical,2,3,Wednesday,August,MoRTH_Standardized_v2.1
MORTH23-12853,2023-09-16,09:45,Tamil Nadu,Madurai,9.90858,78.11246,Clear,Two-Wheeler,Medium,0,1,Saturday,September,MoRTH_Standardized_v2.1
MORTH23-12854,2023-03-16,10:42,Tamil Nadu,Coimbatore,11.0165,76.94424,Rainy,Others,Medium,0,2,Thursday,March,MoRTH_Standardized_v2.1
MORTH23-12855,2023-09-07,06:31,Rajasthan,Jaipur,26.91126,75.74938,Clear,Two-Wheeler,Medium,0,1,Thursday,September,MoRTH_Standardized_v2.1
MORTH23-12856,2023-02-25,11:02,Tamil Nadu,Coimbatore,11.00167,76.94999,Clear,Two-Wheeler,Medium,0,1,Saturday,February,MoRTH_Standardized_v2.1
MORTH23-12857,2023-06-23,18:24,Kerala,Thiruvananthapuram,8.58035,76.91111,Clear,Others,Medium,0,2,Friday,June,MoRTH_Standardized_v2.1
MORTH23-12858,2023-04-25,05:07,Telangana,Hyderabad,17.34087,78.53994,Clear,Car/Jeep/Van,Low,0,2,Tuesday,April,MoRTH_Standardized_v2.1
MORTH23-12859,2023-01-16,01:08,Delhi/NCR,Guwahati,26.17343,91.76682,Clear,Auto-Rickshaw,High,0,1,Monday,January,MoRTH_Standardized_v2.1
MORTH23-12860,2023-03-15,14:00,Tamil Nadu,Madurai,9.88141,78.09736,Clear,Two-Wheeler,High,0,4,Wednesday,March,MoRTH_Standardized_v2.1
MORTH23-12861,2023-08-26,19:04,Delhi/NCR,Delhi,28.62833,77.17156,Cloudy,Two-Wheeler,Medium,0,2,Saturday,August,MoRTH_Standardized_v2.1
MORTH23-12862,2023-07-08,16:16,Kerala,Kozhikode,11.2461,75.811,Clear,Others,Low,0,0,Saturday,July,MoRTH_Standardized_v2.1
MORTH23-12863,2023-11-18,06:57,Tamil Nadu,Chennai,13.13201,80.3107,Cloudy,Truck/Lorry,Low,0,0,Saturday,November,MoRTH_Standardized_v2.1
MORTH23-12864,2023-09-09,01:11,Madhya Pradesh,Gwalior,26.21624,78.17971,Clear,Two-Wheeler,High,0,1,Saturday,September,MoRTH_Standardized_v2.1
MORTH23-12865,2023-02-09,10:12,Madhya Pradesh,Bhopal,23.29332,77.42731,Clear,Two-Wheeler,Medium,0,0,Thursday,February,MoRTH_Standardized_v2.1
MORTH23-12866,2023-11-25,09:40,Maharashtra,Mumbai,19.10395,72.89894,Rainy,Two-Wheeler,Critical,3,5,Saturday,November,MoRTH_Standardized_v2.1
MORTH23-12867,2023-10-29,22:37,Tamil Nadu,Chennai,13.08836,80.27555,Clear,Car/Jeep/Van,Low,0,1,Sunday,October,MoRTH_Standardized_v2.1
MORTH23-12868,2023-12-03,22:01,Telangana,Hyderabad,17.42711,78.4767,Clear,Two-Wheeler,Critical,2,2,Sunday,December,MoRTH_Standardized_v2.1
MORTH23-12869,2023-07-30,14:39,Delhi/NCR,Kolkata,22.50888,88.31446,Clear,Two-Wheeler,High,0,3,Sunday,July,MoRTH_Standardized_v2.1
MORTH23-12870,2023-12-30,10:01,Delhi/NCR,Guwahati,26.18808,91.70823,Clear,Two-Wheeler,Medium,0,1,Saturday,December,MoRTH_Standardized_v2.1
MORTH23-12871,2023-07-20,21:56,Karnataka,Mysore,12.24033,76.63692,Clear,Two-Wheeler,Medium,0,2,Thursday,July,MoRTH_Standardized_v2.1
MORTH23-12872,2023-04-05,14:48,Karnataka,Mysore,12.2839,76.63576,Clear,Two-Wheeler,High,1,3,Wednesday,April,MoRTH_Standardized_v2.1
MORTH23-12873,2023-05-01,15:57,Andhra Pradesh,Vijayawada,16.51001,80.62592,Clear,Two-Wheeler,Medium,0,0,Monday,May,MoRTH_Standardized_v2.1
MORTH23-12874,2023-01-18,08:29,Karnataka,Bangalore,12.9974,77.58584,Clear,Car/Jeep/Van,Medium,0,1,Wednesday,January,MoRTH_Standardized_v2.1
MORTH23-12875,2023-02-26,19:26,Madhya Pradesh,Indore,22.73432,75.88265,Clear,Car/Jeep/Van,Low,0,1,Sunday,February,MoRTH_Standardized_v2.1
MORTH23-12876,2023-05-21,17:48,Delhi/NCR,Kolkata,22.57792,88.32885,Foggy,Bus,High,0,2,Sunday,May,MoRTH_Standardized_v2.1
MORTH23-12877,2023-12-07,04:56,Delhi/NCR,Kolkata,22.52829,88.35334,Clear,Two-Wheeler,Critical,2,4,Thursday,December,MoRTH_Standardized_v2.1
MORTH23-12878,2023-02-04,22:00,Tamil Nadu,Chennai,13.04116,80.23417,Clear,Others,Medium,0,2,Saturday,February,MoRTH_Standardized_v2.1
MORTH23-12879,2023-10-10,20:05,Karnataka,Hubli,15.40889,75.15208,Foggy,Two-Wheeler,Critical,2,5,Tuesday,October,MoRTH_Standardized_v2.1
MORTH23-12880,2023-10-17,17:12,Maharashtra,Pune,18.48239,73.82457,Clear,Bus,Low,0,1,Tuesday,October,MoRTH_Standardized_v2.1
MORTH23-12881,2023-04-11,18:37,Telangana,Hyderabad,17.38325,78.55297,Clear,Car/Jeep/Van,Low,0,2,Tuesday,April,MoRTH_Standardized_v2.1
MORTH23-12882,2023-06-06,21:16,Madhya Pradesh,Indore,22.72679,75.89616,Clear,Bus,Medium,0,0,Tuesday,June,MoRTH_Standardized_v2.1
MORTH23-12883,2023-04-06,10:24,Kerala,Thiruvananthapuram,8.47156,76.90236,Clear,Two-Wheeler,High,0,4,Thursday,April,MoRTH_Standardized_v2.1
MORTH23-12884,2023-04-11,10:21,Andhra Pradesh,Vijayawada,16.53423,80.60878,Foggy,Truck/Lorry,Critical,1,3,Tuesday,April,MoRTH_Standardized_v2.1
MORTH23-12885,2023-09-23,09:39,Maharashtra,Pune,18.48775,73.86947,Rainy,Truck/Lorry,Critical,1,2,Saturday,September,MoRTH_Standardized_v2.1
MORTH23-12886,2023-02-08,04:59,Madhya Pradesh,Indore,22.69166,75.82959,Rainy,Car/Jeep/Van,Critical,2,3,Wednesday,February,MoRTH_Standardized_v2.1
MORTH23-12887,2023-08-25,00:11,Madhya Pradesh,Gwalior,26.21946,78.25151,Rainy,Car/Jeep/Van,Critical,2,6,Friday,August,MoRTH_Standardized_v2.1
MORTH23-12888,2023-10-21,20:08,Andhra Pradesh,Vijayawada,16.53373,80.67537,Clear,Car/Jeep/Van,Medium,0,0,Saturday,October,MoRTH_Standardized_v2.1
MORTH23-12889,2023-05-26,20:49,Telangana,Hyderabad,17.36174,78.44584,Clear,Two-Wheeler,High,0,1,Friday,May,MoRTH_Standardized_v2.1
MORTH23-12890,2023-02-06,15:06,Rajasthan,Jodhpur,26.2116,73.03268,Clear,Truck/Lorry,Low,0,1,Monday,February,MoRTH_Standardized_v2.1
MORTH23-12891,2023-03-25,09:46,Telangana,Warangal,17.99181,79.61399,Clear,Two-Wheeler,High,0,2,Saturday,March,MoRTH_Standardized_v2.1
MORTH23-12892,2023-05-31,13:56,Karnataka,Mysore,12.3083,76.67493,Cloudy,Two-Wheeler,Medium,0,1,Wednesday,May,MoRTH_Standardized_v2.1
MORTH23-12893,2023-03-23,22:02,Delhi/NCR,Kolkata,22.58793,88.34012,Rainy,Auto-Rickshaw,Critical,2,3,Thursday,March,MoRTH_Standardized_v2.1
MORTH23-12894,2023-01-24,18:53,Madhya Pradesh,Bhopal,23.28102,77.38521,Clear,Bus,Medium,0,1,Tuesday,January,MoRTH_Standardized_v2.1
MORTH23-12895,2023-06-13,16:05,Tamil Nadu,Coimbatore,11.039,76.93771,Clear,Car/Jeep/Van,Low,0,0,Tuesday,June,MoRTH_Standardized_v2.1
MORTH23-12896,2023-04-11,23:17,Andhra Pradesh,Vijayawada,16.5371,80.66056,Clear,Others,Low,0,1,Tuesday,April,MoRTH_Standardized_v2.1
MORTH23-12897,2023-09-21,15:34,Andhra Pradesh,Visakhapatnam,17.70795,83.20143,Clear,Truck/Lorry,Medium,0,2,Thursday,September,MoRTH_Standardized_v2.1
MORTH23-12898,2023-02-17,13:38,Madhya Pradesh,Bhopal,23.21494,77.40188,Clear,Auto-Rickshaw,Medium,0,2,Friday,February,MoRTH_Standardized_v2.1
MORTH23-12899,2023-04-02,06:42,Delhi/NCR,Guwahati,26.13767,91.71659,Clear,Auto-Rickshaw,Medium,0,0,Sunday,April,MoRTH_Standardized_v2.1
MORTH23-12900,2023-06-18,15:30,Kerala,Thiruvananthapuram,8.51689,76.91341,Clear,Car/Jeep/Van,Low,0,1,Sunday,June,MoRTH_Standardized_v2.1
MORTH23-12901,2023-08-23,11:20,Rajasthan,Jaipur,26.89009,75.744,Clear,Bus,Low,0,2,Wednesday,August,MoRTH_Standardized_v2.1
MORTH23-12902,2023-11-03,10:29,Tamil Nadu,Madurai,9.92524,78.09327,Clear,Two-Wheeler,Medium,0,1,Friday,November,MoRTH_Standardized_v2.1
MORTH23-12903,2023-12-15,18:54,Madhya Pradesh,Indore,22.71353,75.88326,Clear,Car/Jeep/Van,Low,0,0,Friday,December,MoRTH_Standardized_v2.1
MORTH23-12904,2023-08-26,21:31,Telangana,Warangal,17.96441,79.6351,Clear,Two-Wheeler,Medium,0,0,Saturday,August,MoRTH_Standardized_v2.1
MORTH23-12905,2023-08-24,05:27,Andhra Pradesh,Vijayawada,16.49393,80.70649,Clear,Two-Wheeler,High,0,2,Thursday,August,MoRTH_Standardized_v2.1
MORTH23-12906,2023-11-05,16:03,Delhi/NCR,Kolkata,22.5896,88.38473,Clear,Others,Low,0,0,Sunday,November,MoRTH_Standardized_v2.1
MORTH23-12907,2023-05-24,10:04,Maharashtra,Nagpur,21.12704,79.06658,Clear,Truck/Lorry,Low,0,1,Wednesday,May,MoRTH_Standardized_v2.1
MORTH23-12908,2023-11-18,18:25,Tamil Nadu,Chennai,13.04215,80.24639,Clear,Car/Jeep/Van,Low,0,1,Saturday,November,MoRTH_Standardized_v2.1
MORTH23-12909,2023-10-14,02:11,Madhya Pradesh,Bhopal,23.27063,77.45075,Clear,Two-Wheeler,High,1,4,Saturday,October,MoRTH_Standardized_v2.1
MORTH23-12910,2023-06-13,14:40,Delhi/NCR,Kolkata,22.58577,88.33735,Clear,Two-Wheeler,High,1,3,Tuesday,June,MoRTH_Standardized_v2.1
MORTH23-12911,2023-06-05,07:07,Maharashtra,Pune,18.60042,73.90945,Foggy,Car/Jeep/Van,High,0,2,Monday,June,MoRTH_Standardized_v2.1
MORTH23-12912,2023-11-02,14:50,Rajasthan,Jodhpur,26.21779,72.96565,Rainy,Two-Wheeler,Critical,2,5,Thursday,November,MoRTH_Standardized_v2.1
MORTH23-12913,2023-11-11,19:07,Andhra Pradesh,Vijayawada,16.4966,80.6605,Clear,Others,Low,0,2,Saturday,November,MoRTH_Standardized_v2.1
MORTH23-12914,2023-08-13,15:49,Tamil Nadu,Madurai,9.90393,78.12442,Clear,Two-Wheeler,Medium,0,0,Sunday,August,MoRTH_Standardized_v2.1
MORTH23-12915,2023-05-24,15:10,Karnataka,Hubli,15.3569,75.13366,Rainy,Two-Wheeler,Critical,1,3,Wednesday,May,MoRTH_Standardized_v2.1
MORTH23-12916,2023-09-17,20:36,Maharashtra,Pune,18.52746,73.88541,Rainy,Two-Wheeler,High,0,4,Sunday,September,MoRTH_Standardized_v2.1
MORTH23-12917,2023-03-22,17:51,Gujarat,Surat,21.22864,72.80372,Rainy,Two-Wheeler,Critical,1,6,Wednesday,March,MoRTH_Standardized_v2.1
MORTH23-12918,2023-12-30,12:37,Uttar Pradesh,Kanpur,26.47358,80.31511,Cloudy,Two-Wheeler,Medium,0,0,Saturday,December,MoRTH_Standardized_v2.1
MORTH23-12919,2023-06-22,06:33,Uttar Pradesh,Kanpur,26.46738,80.3156,Rainy,Two-Wheeler,High,0,4,Thursday,June,MoRTH_Standardized_v2.1
MORTH23-12920,2023-03-12,15:22,Delhi/NCR,Kolkata,22.61699,88.30783,Clear,Car/Jeep/Van,Low,0,1,Sunday,March,MoRTH_Standardized_v2.1
MORTH23-12921,2023-05-31,12:58,Karnataka,Hubli,15.41483,75.0938,Clear,Others,Low,0,1,Wednesday,May,MoRTH_Standardized_v2.1
MORTH23-12922,2023-09-13,00:39,Maharashtra,Nagpur,21.08355,79.07595,Clear,Others,Medium,0,0,Wednesday,September,MoRTH_Standardized_v2.1
MORTH23-12923,2023-09-29,15:06,Delhi/NCR,Guwahati,26.12042,91.72773,Clear,Auto-Rickshaw,Medium,0,0,Friday,September,MoRTH_Standardized_v2.1
MORTH23-12924,2023-06-22,22:02,Uttar Pradesh,Kanpur,26.46746,80.34364,Clear,Two-Wheeler,Critical,1,5,Thursday,June,MoRTH_Standardized_v2.1
MORTH23-12925,2023-06-14,11:41,Andhra Pradesh,Vijayawada,16.54762,80.66051,Clear,Car/Jeep/Van,Medium,0,1,Wednesday,June,MoRTH_Standardized_v2.1
MORTH23-12926,2023-02-23,05:03,Maharashtra,Mumbai,19.07814,72.88933,Clear,Two-Wheeler,High,0,4,Thursday,February,MoRTH_Standardized_v2.1
MORTH23-12927,2023-05-18,09:49,Kerala,Kozhikode,11.20223,75.75001,Clear,Two-Wheeler,Medium,0,2,Thursday,May,MoRTH_Standardized_v2.1
MORTH23-12928,2023-06-07,20:17,Maharashtra,Pune,18.48841,73.84831,Clear,Car/Jeep/Van,Low,0,0,Wednesday,June,MoRTH_Standardized_v2.1
MORTH23-12929,2023-06-02,22:12,Rajasthan,Jodhpur,26.25155,73.05727,Foggy,Two-Wheeler,Critical,1,6,Friday,June,MoRTH_Standardized_v2.1
MORTH23-12930,2023-09-19,06:41,Delhi/NCR,Delhi,28.63517,77.18475,Clear,Two-Wheeler,Medium,0,0,Tuesday,September,MoRTH_Standardized_v2.1
MORTH23-12931,2023-11-08,12:55,Karnataka,Bangalore,12.96567,77.53828,Clear,Truck/Lorry,Low,0,0,Wednesday,November,MoRTH_Standardized_v2.1
MORTH23-12932,2023-01-29,17:44,Telangana,Warangal,18.00364,79.60294,Clear,Two-Wheeler,Medium,0,1,Sunday,January,MoRTH_Standardized_v2.1
MORTH23-12933,2023-02-07,06:46,Tamil Nadu,Coimbatore,11.05948,76.90468,Rainy,Two-Wheeler,Critical,2,2,Tuesday,February,MoRTH_Standardized_v2.1
MORTH23-12934,2023-09-16,22:12,Andhra Pradesh,Vijayawada,16.5313,80.66963,Rainy,Two-Wheeler,Critical,1,4,Saturday,September,MoRTH_Standardized_v2.1
MORTH23-12935,2023-10-06,15:18,Andhra Pradesh,Vijayawada,16.55269,80.64085,Rainy,Others,High,1,2,Friday,October,MoRTH_Standardized_v2.1
MORTH23-12936,2023-04-28,03:36,Uttar Pradesh,Agra,27.20809,77.96822,Clear,Truck/Lorry,High,0,2,Friday,April,MoRTH_Standardized_v2.1
MORTH23-12937,2023-10-05,17:26,Kerala,Kochi,9.95291,76.28034,Clear,Two-Wheeler,Medium,0,2,Thursday,October,MoRTH_Standardized_v2.1
MORTH23-12938,2023-08-26,14:29,Madhya Pradesh,Bhopal,23.23321,77.42454,Clear,Car/Jeep/Van,Medium,0,0,Saturday,August,MoRTH_Standardized_v2.1
MORTH23-12939,2023-05-02,18:16,Uttar Pradesh,Kanpur,26.50821,80.28804,Clear,Others,Low,0,2,Tuesday,May,MoRTH_Standardized_v2.1
MORTH23-12940,2023-06-12,05:26,Karnataka,Bangalore,12.94986,77.62873,Clear,Two-Wheeler,Medium,0,2,Monday,June,MoRTH_Standardized_v2.1
MORTH23-12941,2023-12-25,12:12,Rajasthan,Jaipur,26.89911,75.73414,Clear,Two-Wheeler,Medium,0,2,Monday,December,MoRTH_Standardized_v2.1
MORTH23-12942,2023-08-22,14:17,Kerala,Thiruvananthapuram,8.55715,76.90445,Clear,Truck/Lorry,Medium,0,0,Tuesday,August,MoRTH_Standardized_v2.1
MORTH23-12943,2023-11-09,23:46,Karnataka,Bangalore,12.88658,77.58989,Clear,Auto-Rickshaw,Medium,0,2,Thursday,November,MoRTH_Standardized_v2.1
MORTH23-12944,2023-03-30,12:55,Andhra Pradesh,Visakhapatnam,17.63703,83.19254,Clear,Car/Jeep/Van,Low,0,2,Thursday,March,MoRTH_Standardized_v2.1
MORTH23-12945,2023-10-28,03:42,Rajasthan,Jodhpur,26.24526,73.00678,Clear,Two-Wheeler,High,1,3,Saturday,October,MoRTH_Standardized_v2.1
MORTH23-12946,2023-07-20,11:22,Tamil Nadu,Chennai,13.10623,80.21996,Cloudy,Two-Wheeler,High,1,1,Thursday,July,MoRTH_Standardized_v2.1
MORTH23-12947,2023-07-30,16:53,Karnataka,Mysore,12.32185,76.63505,Clear,Others,Medium,0,1,Sunday,July,MoRTH_Standardized_v2.1
MORTH23-12948,2023-11-27,15:53,Andhra Pradesh,Visakhapatnam,17.65823,83.1908,Rainy,Bus,Medium,0,2,Monday,November,MoRTH_Standardized_v2.1
MORTH23-12949,2023-09-08,14:21,Delhi/NCR,Guwahati,26.11068,91.73832,Clear,Auto-Rickshaw,Medium,0,0,Friday,September,MoRTH_Standardized_v2.1
MORTH23-12950,2023-01-30,09:23,Rajasthan,Jaipur,26.88876,75.77692,Clear,Auto-Rickshaw,Medium,0,1,Monday,January,MoRTH_Standardized_v2.1
MORTH23-12951,2023-07-01,14:52,Delhi/NCR,Delhi,28.64764,77.23361,Clear,Two-Wheeler,Medium,0,2,Saturday,July,MoRTH_Standardized_v2.1
MORTH23-12952,2023-03-22,12:08,Andhra Pradesh,Vijayawada,16.48587,80.67498,Clear,Bus,Low,0,0,Wednesday,March,MoRTH_Standardized_v2.1
MORTH23-12953,2023-10-31,18:58,Karnataka,Mysore,12.32662,76.69804,Clear,Bus,Low,0,0,Tuesday,October,MoRTH_Standardized_v2.1
MORTH23-12954,2023-04-18,21:51,Delhi/NCR,Kolkata,22.53225,88.37908,Foggy,Bus,Medium,0,0,Tuesday,April,MoRTH_Standardized_v2.1
MORTH23-12955,2023-06-02,18:13,Delhi/NCR,Delhi,28.64287,77.20177,Clear,Others,Medium,0,1,Friday,June,MoRTH_Standardized_v2.1
MORTH23-12956,2023-06-02,15:27,Delhi/NCR,Delhi,28.64674,77.17866,Clear,Two-Wheeler,High,0,4,Friday,June,MoRTH_Standardized_v2.1
MORTH23-12957,2023-10-22,15:23,Karnataka,Hubli,15.36056,75.10425,Clear,Two-Wheeler,Medium,0,2,Sunday,October,MoRTH_Standardized_v2.1
MORTH23-12958,2023-01-23,06:03,Delhi/NCR,Kolkata,22.55834,88.34686,Cloudy,Two-Wheeler,Medium,0,0,Monday,January,MoRTH_Standardized_v2.1
MORTH23-12959,2023-03-04,07:05,Delhi/NCR,Guwahati,26.09422,91.68371,Clear,Car/Jeep/Van,Low,0,2,Saturday,March,MoRTH_Standardized_v2.1
MORTH23-12960,2023-10-08,20:06,Telangana,Warangal,17.94613,79.57887,Foggy,Bus,High,1,4,Sunday,October,MoRTH_Standardized_v2.1
MORTH23-12961,2023-08-08,07:15,Karnataka,Mysore,12.31285,76.63615,Clear,Others,Low,0,1,Tuesday,August,MoRTH_Standardized_v2.1
MORTH23-12962,2023-12-30,12:51,Delhi/NCR,Guwahati,26.18266,91.71384,Clear,Car/Jeep/Van,Low,0,1,Saturday,December,MoRTH_Standardized_v2.1
MORTH23-12963,2023-08-22,04:39,Telangana,Warangal,17.94946,79.54956,Clear,Truck/Lorry,Critical,3,5,Tuesday,August,MoRTH_Standardized_v2.1
MORTH23-12964,2023-12-02,11:42,Maharashtra,Pune,18.52261,73.81784,Clear,Two-Wheeler,Medium,0,0,Saturday,December,MoRTH_Standardized_v2.1
MORTH23-12965,2023-04-18,14:01,Delhi/NCR,Kolkata,22.61626,88.38138,Cloudy,Two-Wheeler,Medium,0,0,Tuesday,April,MoRTH_Standardized_v2.1
MORTH23-12966,2023-07-20,20:21,Maharashtra,Nagpur,21.10348,79.1015,Clear,Auto-Rickshaw,Low,0,1,Thursday,July,MoRTH_Standardized_v2.1
MORTH23-12967,2023-06-19,10:39,Maharashtra,Mumbai,19.07234,72.83893,Foggy,Two-Wheeler,Critical,2,3,Monday,June,MoRTH_Standardized_v2.1
MORTH23-12968,2023-11-15,19:49,Karnataka,Bangalore,12.96718,77.62116,Clear,Auto-Rickshaw,Medium,0,1,Wednesday,November,MoRTH_Standardized_v2.1
MORTH23-12969,2023-11-06,04:36,Telangana,Hyderabad,17.36569,78.49755,Clear,Two-Wheeler,High,1,3,Monday,November,MoRTH_Standardized_v2.1
MORTH23-12970,2023-05-19,19:26,Delhi/NCR,Delhi,28.61052,77.20338,Clear,Truck/Lorry,Low,0,2,Friday,May,MoRTH_Standardized_v2.1
MORTH23-12971,2023-01-31,04:36,Telangana,Hyderabad,17.33832,78.52287,Clear,Car/Jeep/Van,Medium,0,2,Tuesday,January,MoRTH_Standardized_v2.1
MORTH23-12972,2023-07-27,11:21,Madhya Pradesh,Indore,22.73092,75.8742,Clear,Auto-Rickshaw,Medium,0,2,Thursday,July,MoRTH_Standardized_v2.1
MORTH23-12973,2023-07-27,21:32,Maharashtra,Mumbai,19.03166,72.9259,Clear,Car/Jeep/Van,Medium,0,2,Thursday,July,MoRTH_Standardized_v2.1
MORTH23-12974,2023-08-03,15:40,Maharashtra,Pune,18.54627,73.87064,Rainy,Truck/Lorry,Critical,3,6,Thursday,August,MoRTH_Standardized_v2.1
MORTH23-12975,2023-03-22,09:14,Madhya Pradesh,Bhopal,23.2692,77.37524,Clear,Car/Jeep/Van,Medium,0,1,Wednesday,March,MoRTH_Standardized_v2.1
MORTH23-12976,2023-03-07,06:09,Delhi/NCR,Delhi,28.58092,77.2132,Clear,Two-Wheeler,Medium,0,1,Tuesday,March,MoRTH_Standardized_v2.1
MORTH23-12977,2023-11-20,04:45,Uttar Pradesh,Lucknow,26.87102,80.9119,Clear,Truck/Lorry,Medium,0,2,Monday,November,MoRTH_Standardized_v2.1
MORTH23-12978,2023-11-06,11:07,Tamil Nadu,Coimbatore,11.07649,76.88583,Rainy,Two-Wheeler,Critical,2,6,Monday,November,MoRTH_Standardized_v2.1
MORTH23-12979,2023-01-20,14:24,Uttar Pradesh,Lucknow,26.83442,80.96491,Clear,Two-Wheeler,High,1,4,Friday,January,MoRTH_Standardized_v2.1
MORTH23-12980,2023-01-26,22:48,Delhi/NCR,Delhi,28.55009,77.21456,Clear,Two-Wheeler,Critical,3,2,Thursday,January,MoRTH_Standardized_v2.1
MORTH23-12981,2023-05-21,16:24,Delhi/NCR,Delhi,28.62744,77.18265,Cloudy,Car/Jeep/Van,Low,0,1,Sunday,May,MoRTH_Standardized_v2.1
MORTH23-12982,2023-06-23,08:18,Uttar Pradesh,Lucknow,26.80813,80.92841,Clear,Two-Wheeler,High,0,2,Friday,June,MoRTH_Standardized_v2.1
MORTH23-12983,2023-11-03,18:14,Delhi/NCR,Delhi,28.64307,77.16684,Clear,Others,Low,0,0,Friday,November,MoRTH_Standardized_v2.1
MORTH23-12984,2023-01-20,07:00,Delhi/NCR,Guwahati,26.15917,91.78727,Foggy,Car/Jeep/Van,High,0,2,Friday,January,MoRTH_Standardized_v2.1
MORTH23-12985,2023-01-22,11:29,Uttar Pradesh,Agra,27.12779,78.00971,Rainy,Bus,Medium,0,2,Sunday,January,MoRTH_Standardized_v2.1
MORTH23-12986,2023-11-19,12:31,Kerala,Kozhikode,11.28339,75.74501,Clear,Others,Low,0,2,Sunday,November,MoRTH_Standardized_v2.1
MORTH23-12987,2023-12-24,16:05,Madhya Pradesh,Bhopal,23.26827,77.39546,Clear,Two-Wheeler,High,0,2,Sunday,December,MoRTH_Standardized_v2.1
MORTH23-12988,2023-01-24,09:07,Uttar Pradesh,Agra,27.1868,78.005,Clear,Others,Low,0,0,Tuesday,January,MoRTH_Standardized_v2.1
MORTH23-12989,2023-03-10,13:59,Delhi/NCR,Delhi,28.57638,77.20064,Clear,Bus,Low,0,0,Friday,March,MoRTH_Standardized_v2.1
MORTH23-12990,2023-01-28,23:34,Delhi/NCR,Kolkata,22.62302,88.39724,Cloudy,Car/Jeep/Van,Medium,0,2,Saturday,January,MoRTH_Standardized_v2.1
MORTH23-12991,2023-12-13,17:15,Kerala,Kochi,9.94307,76.25273,Clear,Two-Wheeler,High,0,2,Wednesday,December,MoRTH_Standardized_v2.1
MORTH23-12992,2023-05-05,10:58,Kerala,Kozhikode,11.22843,75.72486,Clear,Auto-Rickshaw,Low,0,0,Friday,May,MoRTH_Standardized_v2.1
MORTH23-12993,2023-06-23,22:43,Delhi/NCR,Guwahati,26.10225,91.74219,Cloudy,Car/Jeep/Van,Medium,0,2,Friday,June,MoRTH_Standardized_v2.1
MORTH23-12994,2023-05-22,14:46,Delhi/NCR,Delhi,28.56547,77.16464,Clear,Truck/Lorry,Medium,0,0,Monday,May,MoRTH_Standardized_v2.1
MORTH23-12995,2023-10-27,09:37,Delhi/NCR,Kolkata,22.62034,88.35129,Clear,Two-Wheeler,High,0,4,Friday,October,MoRTH_Standardized_v2.1
MORTH23-12996,2023-05-29,06:12,Delhi/NCR,Guwahati,26.11504,91.75253,Clear,Truck/Lorry,Medium,0,1,Monday,May,MoRTH_Standardized_v2.1
MORTH23-12997,2023-01-27,19:32,Uttar Pradesh,Lucknow,26.84139,80.95182,Rainy,Two-Wheeler,Critical,2,3,Friday,January,MoRTH_Standardized_v2.1
MORTH23-12998,2023-03-02,19:05,Madhya Pradesh,Indore,22.76999,75.86654,Rainy,Two-Wheeler,High,1,2,Thursday,March,MoRTH_Standardized_v2.1
MORTH23-12999,2023-12-21,13:56,Gujarat,Surat,21.15804,72.85091,Clear,Two-Wheeler,Medium,0,2,Thursday,December,MoRTH_Standardized_v2.1
MORTH23-13000,2023-03-09,23:00,Uttar Pradesh,Kanpur,26.40644,80.33325,Cloudy,Car/Jeep/Van,Low,0,0,Thursday,March,MoRTH_Standardized_v2.1
MORTH23-13001,2023-08-30,14:16,Maharashtra,Pune,18.53572,73.86067,Cloudy,Two-Wheeler,Medium,0,1,Wednesday,August,MoRTH_Standardized_v2.1
MORTH23-13002,2023-03-29,12:55,Maharashtra,Pune,18.48438,73.85166,Foggy,Two-Wheeler,Critical,1,5,Wednesday,March,MoRTH_Standardized_v2.1
MORTH23-13003,2023-09-22,20:20,Delhi/NCR,Delhi,28.63834,77.27473,Clear,Auto-Rickshaw,Low,0,1,Friday,September,MoRTH_Standardized_v2.1
MORTH23-13004,2023-04-08,06:35,Kerala,Kochi,9.8972,76.27622,Clear,Car/Jeep/Van,Low,0,0,Saturday,April,MoRTH_Standardized_v2.1
MORTH23-13005,2023-02-27,17:36,Kerala,Kozhikode,11.29877,75.83366,Clear,Two-Wheeler,High,0,2,Monday,February,MoRTH_Standardized_v2.1
MORTH23-13006,2023-10-07,15:48,Tamil Nadu,Chennai,13.1155,80.26766,Clear,Two-Wheeler,Medium,0,2,Saturday,October,MoRTH_Standardized_v2.1
MORTH23-13007,2023-11-25,16:04,Telangana,Hyderabad,17.39033,78.45521,Clear,Two-Wheeler,Medium,0,2,Saturday,November,MoRTH_Standardized_v2.1
MORTH23-13008,2023-12-20,15:22,Tamil Nadu,Coimbatore,10.9872,76.93155,Foggy,Two-Wheeler,Critical,1,4,Wednesday,December,MoRTH_Standardized_v2.1
MORTH23-13009,2023-02-14,13:13,Maharashtra,Nagpur,21.15024,79.10387,Clear,Car/Jeep/Van,Medium,0,0,Tuesday,February,MoRTH_Standardized_v2.1
MORTH23-13010,2023-08-19,20:19,Madhya Pradesh,Indore,22.76457,75.87182,Clear,Auto-Rickshaw,Low,0,0,Saturday,August,MoRTH_Standardized_v2.1
MORTH23-13011,2023-01-22,10:47,Madhya Pradesh,Indore,22.70477,75.88547,Clear,Bus,Medium,0,0,Sunday,January,MoRTH_Standardized_v2.1
MORTH23-13012,2023-04-13,00:57,Madhya Pradesh,Indore,22.69542,75.8518,Cloudy,Two-Wheeler,High,1,4,Thursday,April,MoRTH_Standardized_v2.1
MORTH23-13013,2023-11-18,20:33,Andhra Pradesh,Vijayawada,16.51834,80.67139,Clear,Bus,Low,0,1,Saturday,November,MoRTH_Standardized_v2.1
MORTH23-13014,2023-02-22,18:44,Uttar Pradesh,Kanpur,26.4394,80.37799,Rainy,Two-Wheeler,Critical,1,2,Wednesday,February,MoRTH_Standardized_v2.1
MORTH23-13015,2023-08-02,02:09,Karnataka,Bangalore,12.92961,77.58471,Cloudy,Car/Jeep/Van,High,0,2,Wednesday,August,MoRTH_Standardized_v2.1
MORTH23-13016,2023-10-13,17:50,Madhya Pradesh,Gwalior,26.19135,78.20312,Rainy,Others,High,1,4,Friday,October,MoRTH_Standardized_v2.1
MORTH23-13017,2023-04-03,17:45,Karnataka,Bangalore,12.96614,77.62106,Cloudy,Car/Jeep/Van,Medium,0,0,Monday,April,MoRTH_Standardized_v2.1
MORTH23-13018,2023-08-17,17:18,Kerala,Thiruvananthapuram,8.49025,76.94786,Clear,Two-Wheeler,High,1,2,Thursday,August,MoRTH_Standardized_v2.1
MORTH23-13019,2023-04-23,18:12,Delhi/NCR,Kolkata,22.52624,88.3242,Foggy,Car/Jeep/Van,Medium,0,0,Sunday,April,MoRTH_Standardized_v2.1
MORTH23-13020,2023-01-02,12:47,Madhya Pradesh,Bhopal,23.2848,77.38123,Clear,Two-Wheeler,High,0,4,Monday,January,MoRTH_Standardized_v2.1
MORTH23-13021,2023-10-03,02:29,Madhya Pradesh,Indore,22.7527,75.85326,Clear,Car/Jeep/Van,High,1,2,Tuesday,October,MoRTH_Standardized_v2.1
MORTH23-13022,2023-09-24,16:11,Telangana,Warangal,17.94779,79.63489,Clear,Others,Low,0,2,Sunday,September,MoRTH_Standardized_v2.1
MORTH23-13023,2023-11-27,19:39,Tamil Nadu,Chennai,13.05005,80.26713,Clear,Others,Medium,0,0,Monday,November,MoRTH_Standardized_v2.1
MORTH23-13024,2023-09-28,19:43,Maharashtra,Pune,18.52639,73.84917,Foggy,Auto-Rickshaw,Medium,0,0,Thursday,September,MoRTH_Standardized_v2.1
MORTH23-13025,2023-01-14,06:17,Delhi/NCR,Kolkata,22.51526,88.30865,Clear,Others,Low,0,0,Saturday,January,MoRTH_Standardized_v2.1
MORTH23-13026,2023-07-28,15:41,Karnataka,Bangalore,12.91541,77.51475,Clear,Two-Wheeler,Medium,0,1,Friday,July,MoRTH_Standardized_v2.1
MORTH23-13027,2023-11-24,19:17,Andhra Pradesh,Visakhapatnam,17.66511,83.189,Clear,Two-Wheeler,Medium,0,0,Friday,November,MoRTH_Standardized_v2.1
MORTH23-13028,2023-07-17,18:32,Telangana,Warangal,17.92216,79.60249,Clear,Others,Low,0,1,Monday,July,MoRTH_Standardized_v2.1
MORTH23-13029,2023-06-29,06:26,Maharashtra,Pune,18.56123,73.85242,Cloudy,Auto-Rickshaw,Low,0,0,Thursday,June,MoRTH_Standardized_v2.1
MORTH23-13030,2023-10-23,17:19,Karnataka,Mysore,12.28553,76.6292,Cloudy,Two-Wheeler,Medium,0,1,Monday,October,MoRTH_Standardized_v2.1
MORTH23-13031,2023-12-10,14:33,Madhya Pradesh,Bhopal,23.28433,77.42765,Clear,Others,Low,0,1,Sunday,December,MoRTH_Standardized_v2.1
MORTH23-13032,2023-06-30,16:10,Madhya Pradesh,Indore,22.70264,75.81478,Clear,Two-Wheeler,Medium,0,2,Friday,June,MoRTH_Standardized_v2.1
MORTH23-13033,2023-06-04,21:33,Tamil Nadu,Chennai,13.04107,80.22736,Clear,Truck/Lorry,Medium,0,2,Sunday,June,MoRTH_Standardized_v2.1
MORTH23-13034,2023-12-30,18:43,Maharashtra,Pune,18.53324,73.85871,Clear,Two-Wheeler,Medium,0,0,Saturday,December,MoRTH_Standardized_v2.1
MORTH23-13035,2023-12-11,20:35,Madhya Pradesh,Bhopal,23.23905,77.40527,Clear,Car/Jeep/Van,Low,0,1,Monday,December,MoRTH_Standardized_v2.1
MORTH23-13036,2023-04-02,21:43,Maharashtra,Pune,18.54467,73.8431,Clear,Two-Wheeler,Medium,0,2,Sunday,April,MoRTH_Standardized_v2.1
MORTH23-13037,2023-06-03,17:56,Madhya Pradesh,Gwalior,26.21208,78.18853,Cloudy,Bus,Medium,0,0,Saturday,June,MoRTH_Standardized_v2.1
MORTH23-13038,2023-07-20,13:58,Delhi/NCR,Kolkata,22.58725,88.38719,Clear,Two-Wheeler,Medium,0,0,Thursday,July,MoRTH_Standardized_v2.1
MORTH23-13039,2023-02-03,08:25,Karnataka,Bangalore,12.98839,77.59341,Clear,Car/Jeep/Van,Low,0,2,Friday,February,MoRTH_Standardized_v2.1
MORTH23-13040,2023-10-05,18:12,Maharashtra,Pune,18.48518,73.84974,Clear,Truck/Lorry,High,0,3,Thursday,October,MoRTH_Standardized_v2.1
MORTH23-13041,2023-05-26,06:06,Tamil Nadu,Madurai,9.85692,78.163,Rainy,Bus,Medium,0,0,Friday,May,MoRTH_Standardized_v2.1
MORTH23-13042,2023-05-24,21:28,Delhi/NCR,Kolkata,22.52573,88.34447,Clear,Two-Wheeler,High,1,2,Wednesday,May,MoRTH_Standardized_v2.1
MORTH23-13043,2023-07-16,22:36,Kerala,Kozhikode,11.31118,75.81007,Clear,Truck/Lorry,High,0,4,Sunday,July,MoRTH_Standardized_v2.1
MORTH23-13044,2023-04-06,06:20,Delhi/NCR,Delhi,28.58846,77.21679,Clear,Others,Medium,0,0,Thursday,April,MoRTH_Standardized_v2.1
MORTH23-13045,2023-11-07,14:23,Rajasthan,Jodhpur,26.22987,73.02415,Clear,Others,Low,0,0,Tuesday,November,MoRTH_Standardized_v2.1
MORTH23-13046,2023-05-02,09:32,Tamil Nadu,Madurai,9.90847,78.16247,Clear,Car/Jeep/Van,Medium,0,1,Tuesday,May,MoRTH_Standardized_v2.1
MORTH23-13047,2023-02-28,00:48,Karnataka,Mysore,12.27361,76.61682,Clear,Two-Wheeler,High,0,4,Tuesday,February,MoRTH_Standardized_v2.1
MORTH23-13048,2023-12-12,18:10,Madhya Pradesh,Gwalior,26.22245,78.1331,Clear,Car/Jeep/Van,Medium,0,1,Tuesday,December,MoRTH_Standardized_v2.1
MORTH23-13049,2023-02-21,05:58,Gujarat,Ahmedabad,23.0167,72.53452,Clear,Two-Wheeler,Medium,0,2,Tuesday,February,MoRTH_Standardized_v2.1
MORTH23-13050,2023-09-27,18:05,Delhi/NCR,Kolkata,22.59377,88.36032,Clear,Truck/Lorry,Low,0,0,Wednesday,September,MoRTH_Standardized_v2.1
MORTH23-13051,2023-01-17,09:01,Tamil Nadu,Coimbatore,11.02,77.02595,Clear,Auto-Rickshaw,Low,0,1,Tuesday,January,MoRTH_Standardized_v2.1
MORTH23-13052,2023-03-08,19:06,Delhi/NCR,Guwahati,26.12964,91.79437,Clear,Truck/Lorry,High,1,1,Wednesday,March,MoRTH_Standardized_v2.1
MORTH23-13053,2023-10-21,05:04,Delhi/NCR,Delhi,28.60262,77.1854,Rainy,Car/Jeep/Van,Medium,0,2,Saturday,October,MoRTH_Standardized_v2.1
MORTH23-13054,2023-03-11,16:09,Delhi/NCR,Delhi,28.63671,77.18519,Clear,Truck/Lorry,High,0,2,Saturday,March,MoRTH_Standardized_v2.1
MORTH23-13055,2023-06-10,20:50,Telangana,Hyderabad,17.3863,78.45778,Clear,Two-Wheeler,High,1,1,Saturday,June,MoRTH_Standardized_v2.1
MORTH23-13056,2023-11-17,00:53,Madhya Pradesh,Bhopal,23.26406,77.4319,Clear,Car/Jeep/Van,Low,0,0,Friday,November,MoRTH_Standardized_v2.1
MORTH23-13057,2023-05-05,20:04,Delhi/NCR,Delhi,28.63486,77.23897,Clear,Two-Wheeler,Medium,0,1,Friday,May,MoRTH_Standardized_v2.1
MORTH23-13058,2023-04-02,01:49,Uttar Pradesh,Kanpur,26.46739,80.33274,Clear,Others,High,0,1,Sunday,April,MoRTH_Standardized_v2.1
MORTH23-13059,2023-06-28,14:15,Tamil Nadu,Madurai,9.94987,78.18152,Rainy,Car/Jeep/Van,Medium,0,1,Wednesday,June,MoRTH_Standardized_v2.1
MORTH23-13060,2023-01-20,01:54,Telangana,Hyderabad,17.35324,78.53054,Clear,Truck/Lorry,High,0,4,Friday,January,MoRTH_Standardized_v2.1
MORTH23-13061,2023-05-03,15:32,Andhra Pradesh,Vijayawada,16.52627,80.60978,Clear,Two-Wheeler,High,1,3,Wednesday,May,MoRTH_Standardized_v2.1
MORTH23-13062,2023-09-16,17:22,Madhya Pradesh,Gwalior,26.18902,78.20137,Clear,Auto-Rickshaw,Low,0,0,Saturday,September,MoRTH_Standardized_v2.1
MORTH23-13063,2023-03-21,18:15,Uttar Pradesh,Kanpur,26.44142,80.38532,Clear,Two-Wheeler,Medium,0,1,Tuesday,March,MoRTH_Standardized_v2.1
MORTH23-13064,2023-09-12,16:37,Karnataka,Mysore,12.28566,76.61485,Clear,Two-Wheeler,Medium,0,2,Tuesday,September,MoRTH_Standardized_v2.1
MORTH23-13065,2023-07-15,07:28,Madhya Pradesh,Gwalior,26.22286,78.1872,Cloudy,Others,Low,0,2,Saturday,July,MoRTH_Standardized_v2.1
MORTH23-13066,2023-02-07,16:58,Kerala,Kochi,9.90944,76.29781,Clear,Bus,Medium,0,0,Tuesday,February,MoRTH_Standardized_v2.1
MORTH23-13067,2023-07-31,06:50,Rajasthan,Jaipur,26.95021,75.84082,Rainy,Others,High,0,1,Monday,July,MoRTH_Standardized_v2.1
MORTH23-13068,2023-04-16,12:06,Delhi/NCR,Delhi,28.63824,77.16243,Cloudy,Auto-Rickshaw,Low,0,0,Sunday,April,MoRTH_Standardized_v2.1
MORTH23-13069,2023-11-13,15:00,Maharashtra,Mumbai,19.11374,72.85164,Clear,Two-Wheeler,Medium,0,1,Monday,November,MoRTH_Standardized_v2.1
MORTH23-13070,2023-05-26,19:40,Maharashtra,Mumbai,19.09229,72.82935,Clear,Two-Wheeler,High,1,4,Friday,May,MoRTH_Standardized_v2.1
MORTH23-13071,2023-03-03,03:55,Telangana,Warangal,18.01366,79.57159,Clear,Bus,High,0,4,Friday,March,MoRTH_Standardized_v2.1
MORTH23-13072,2023-02-07,11:21,Delhi/NCR,Kolkata,22.57951,88.38646,Clear,Truck/Lorry,High,0,1,Tuesday,February,MoRTH_Standardized_v2.1
MORTH23-13073,2023-12-18,19:11,Uttar Pradesh,Kanpur,26.43427,80.3566,Clear,Auto-Rickshaw,Low,0,2,Monday,December,MoRTH_Standardized_v2.1
MORTH23-13074,2023-11-14,19:03,Delhi/NCR,Guwahati,26.19106,91.70171,Clear,Two-Wheeler,High,1,4,Tuesday,November,MoRTH_Standardized_v2.1
MORTH23-13075,2023-10-27,23:20,Madhya Pradesh,Bhopal,23.24565,77.37157,Clear,Truck/Lorry,Critical,2,2,Friday,October,MoRTH_Standardized_v2.1
MORTH23-13076,2023-11-13,11:59,Delhi/NCR,Kolkata,22.61469,88.34796,Clear,Two-Wheeler,High,0,1,Monday,November,MoRTH_Standardized_v2.1
MORTH23-13077,2023-03-15,17:00,Kerala,Thiruvananthapuram,8.48819,76.94433,Clear,Car/Jeep/Van,Low,0,2,Wednesday,March,MoRTH_Standardized_v2.1
MORTH23-13078,2023-05-10,07:50,Maharashtra,Nagpur,21.15923,79.08953,Clear,Bus,Low,0,2,Wednesday,May,MoRTH_Standardized_v2.1
MORTH23-13079,2023-05-15,15:51,Gujarat,Ahmedabad,23.00853,72.53681,Foggy,Truck/Lorry,High,1,1,Monday,May,MoRTH_Standardized_v2.1
MORTH23-13080,2023-05-30,13:08,Madhya Pradesh,Gwalior,26.19975,78.21425,Clear,Two-Wheeler,High,0,4,Tuesday,May,MoRTH_Standardized_v2.1
MORTH23-13081,2023-12-22,19:45,Rajasthan,Jaipur,26.91532,75.7447,Rainy,Two-Wheeler,Critical,2,4,Friday,December,MoRTH_Standardized_v2.1
MORTH23-13082,2023-10-16,16:43,Delhi/NCR,Guwahati,26.17096,91.76809,Clear,Two-Wheeler,High,0,3,Monday,October,MoRTH_Standardized_v2.1
MORTH23-13083,2023-03-25,06:38,Tamil Nadu,Madurai,9.8881,78.08294,Clear,Two-Wheeler,High,1,1,Saturday,March,MoRTH_Standardized_v2.1
MORTH23-13084,2023-12-26,07:29,Andhra Pradesh,Visakhapatnam,17.71608,83.2272,Clear,Two-Wheeler,Medium,0,0,Tuesday,December,MoRTH_Standardized_v2.1
MORTH23-13085,2023-02-11,07:54,Maharashtra,Pune,18.50629,73.89642,Clear,Car/Jeep/Van,Low,0,1,Saturday,February,MoRTH_Standardized_v2.1
MORTH23-13086,2023-05-14,11:28,Tamil Nadu,Madurai,9.9449,78.13739,Clear,Others,Low,0,1,Sunday,May,MoRTH_Standardized_v2.1
MORTH23-13087,2023-07-03,16:11,Tamil Nadu,Coimbatore,11.06622,76.94794,Clear,Others,Medium,0,2,Monday,July,MoRTH_Standardized_v2.1
MORTH23-13088,2023-07-04,20:50,Gujarat,Surat,21.21301,72.78755,Clear,Others,Medium,0,0,Tuesday,July,MoRTH_Standardized_v2.1
MORTH23-13089,2023-02-05,14:57,Delhi/NCR,Delhi,28.63823,77.27354,Clear,Car/Jeep/Van,Low,0,0,Sunday,February,MoRTH_Standardized_v2.1
MORTH23-13090,2023-04-19,12:12,Rajasthan,Jaipur,26.85573,75.80769,Cloudy,Truck/Lorry,High,0,1,Wednesday,April,MoRTH_Standardized_v2.1
MORTH23-13091,2023-12-18,18:06,Uttar Pradesh,Kanpur,26.42204,80.31853,Rainy,Others,High,0,3,Monday,December,MoRTH_Standardized_v2.1
MORTH23-13092,2023-05-07,15:09,Maharashtra,Pune,18.50458,73.8658,Clear,Car/Jeep/Van,Low,0,1,Sunday,May,MoRTH_Standardized_v2.1
MORTH23-13093,2023-01-04,16:44,Delhi/NCR,Kolkata,22.53629,88.31676,Clear,Others,Low,0,0,Wednesday,January,MoRTH_Standardized_v2.1
MORTH23-13094,2023-11-10,13:22,Maharashtra,Pune,18.47739,73.84708,Clear,Two-Wheeler,Medium,0,2,Friday,November,MoRTH_Standardized_v2.1
MORTH23-13095,2023-06-14,10:14,Delhi/NCR,Kolkata,22.61025,88.36932,Clear,Two-Wheeler,High,1,3,Wednesday,June,MoRTH_Standardized_v2.1
MORTH23-13096,2023-05-15,17:57,Kerala,Kozhikode,11.23118,75.75982,Foggy,Others,Medium,0,1,Monday,May,MoRTH_Standardized_v2.1
MORTH23-13097,2023-11-14,12:46,Delhi/NCR,Delhi,28.59559,77.2246,Clear,Car/Jeep/Van,Medium,0,2,Tuesday,November,MoRTH_Standardized_v2.1
MORTH23-13098,2023-02-19,03:32,Delhi/NCR,Guwahati,26.16082,91.72678,Clear,Bus,Medium,0,0,Sunday,February,MoRTH_Standardized_v2.1
MORTH23-13099,2023-01-24,04:22,Delhi/NCR,Kolkata,22.56792,88.34717,Clear,Two-Wheeler,High,1,1,Tuesday,January,MoRTH_Standardized_v2.1
MORTH23-13100,2023-12-12,11:29,Madhya Pradesh,Bhopal,23.2215,77.35154,Clear,Two-Wheeler,Medium,0,0,Tuesday,December,MoRTH_Standardized_v2.1
MORTH23-13101,2023-04-19,17:16,Maharashtra,Nagpur,21.14523,79.09623,Clear,Bus,Low,0,1,Wednesday,April,MoRTH_Standardized_v2.1
MORTH23-13102,2023-07-29,04:48,Madhya Pradesh,Bhopal,23.31825,77.42485,Clear,Truck/Lorry,Medium,0,1,Saturday,July,MoRTH_Standardized_v2.1
MORTH23-13103,2023-01-09,12:16,Delhi/NCR,Delhi,28.63084,77.28776,Rainy,Two-Wheeler,Critical,2,4,Monday,January,MoRTH_Standardized_v2.1
MORTH23-13104,2023-12-06,16:56,Maharashtra,Mumbai,19.07059,72.86802,Cloudy,Auto-Rickshaw,Low,0,2,Wednesday,December,MoRTH_Standardized_v2.1
MORTH23-13105,2023-08-04,12:24,Rajasthan,Jodhpur,26.21122,73.03,Clear,Auto-Rickshaw,Medium,0,1,Friday,August,MoRTH_Standardized_v2.1
MORTH23-13106,2023-12-20,15:25,Telangana,Hyderabad,17.32653,78.41269,Foggy,Two-Wheeler,High,1,4,Wednesday,December,MoRTH_Standardized_v2.1
MORTH23-13107,2023-10-09,16:48,Tamil Nadu,Coimbatore,11.05015,76.93917,Foggy,Two-Wheeler,Critical,2,2,Monday,October,MoRTH_Standardized_v2.1
MORTH23-13108,2023-06-30,01:28,Madhya Pradesh,Indore,22.70737,75.88131,Clear,Two-Wheeler,High,1,1,Friday,June,MoRTH_Standardized_v2.1
MORTH23-13109,2023-08-08,19:40,Kerala,Kozhikode,11.31016,75.84233,Rainy,Two-Wheeler,Critical,2,5,Tuesday,August,MoRTH_Standardized_v2.1
MORTH23-13110,2023-10-21,08:47,Delhi/NCR,Guwahati,26.13142,91.71429,Clear,Truck/Lorry,Medium,0,0,Saturday,October,MoRTH_Standardized_v2.1
MORTH23-13111,2023-10-22,03:35,Kerala,Kozhikode,11.25416,75.75923,Clear,Car/Jeep/Van,High,0,3,Sunday,October,MoRTH_Standardized_v2.1
MORTH23-13112,2023-12-31,19:44,Madhya Pradesh,Indore,22.72493,75.81004,Clear,Others,Low,0,0,Sunday,December,MoRTH_Standardized_v2.1
MORTH23-13113,2023-04-14,16:05,Delhi/NCR,Guwahati,26.18251,91.69051,Foggy,Truck/Lorry,Critical,2,3,Friday,April,MoRTH_Standardized_v2.1
MORTH23-13114,2023-11-08,00:15,Gujarat,Surat,21.19319,72.8391,Clear,Car/Jeep/Van,Low,0,0,Wednesday,November,MoRTH_Standardized_v2.1
MORTH23-13115,2023-06-28,09:30,Madhya Pradesh,Bhopal,23.2299,77.35589,Foggy,Others,High,0,2,Wednesday,June,MoRTH_Standardized_v2.1
MORTH23-13116,2023-12-07,05:39,Kerala,Kochi,9.92017,76.35326,Clear,Car/Jeep/Van,Medium,0,0,Thursday,December,MoRTH_Standardized_v2.1
MORTH23-13117,2023-07-30,18:55,Karnataka,Mysore,12.39289,76.61092,Clear,Others,Medium,0,1,Sunday,July,MoRTH_Standardized_v2.1
MORTH23-13118,2023-06-21,18:44,Tamil Nadu,Coimbatore,11.01495,76.93019,Clear,Two-Wheeler,High,0,1,Wednesday,June,MoRTH_Standardized_v2.1
MORTH23-13119,2023-06-07,21:33,Kerala,Kochi,9.93474,76.25367,Clear,Car/Jeep/Van,Low,0,2,Wednesday,June,MoRTH_Standardized_v2.1
MORTH23-13120,2023-11-12,19:33,Uttar Pradesh,Agra,27.16395,78.01805,Clear,Two-Wheeler,High,0,2,Sunday,November,MoRTH_Standardized_v2.1
MORTH23-13121,2023-12-28,12:48,Karnataka,Mysore,12.24398,76.61699,Clear,Two-Wheeler,Medium,0,0,Thursday,December,MoRTH_Standardized_v2.1
MORTH23-13122,2023-08-25,23:36,Maharashtra,Mumbai,19.02523,72.85837,Clear,Truck/Lorry,Critical,3,4,Friday,August,MoRTH_Standardized_v2.1
MORTH23-13123,2023-07-15,02:30,Tamil Nadu,Chennai,13.11269,80.23735,Clear,Two-Wheeler,Critical,2,4,Saturday,July,MoRTH_Standardized_v2.1
MORTH23-13124,2023-11-02,21:51,Uttar Pradesh,Lucknow,26.86628,80.94033,Rainy,Two-Wheeler,Critical,2,5,Thursday,November,MoRTH_Standardized_v2.1
MORTH23-13125,2023-09-26,11:48,Maharashtra,Nagpur,21.11522,79.13685,Cloudy,Others,Low,0,0,Tuesday,September,MoRTH_Standardized_v2.1
MORTH23-13126,2023-11-15,07:28,Delhi/NCR,Guwahati,26.12334,91.72634,Clear,Bus,Low,0,1,Wednesday,November,MoRTH_Standardized_v2.1
MORTH23-13127,2023-07-08,14:32,Madhya Pradesh,Indore,22.67565,75.85013,Clear,Bus,Medium,0,0,Saturday,July,MoRTH_Standardized_v2.1
MORTH23-13128,2023-01-03,08:19,Tamil Nadu,Madurai,9.93108,78.06482,Clear,Two-Wheeler,Medium,0,0,Tuesday,January,MoRTH_Standardized_v2.1
MORTH23-13129,2023-11-01,15:38,Madhya Pradesh,Indore,22.76425,75.84054,Clear,Car/Jeep/Van,Low,0,1,Wednesday,November,MoRTH_Standardized_v2.1
MORTH23-13130,2023-04-21,13:37,Tamil Nadu,Madurai,9.92481,78.16016,Clear,Others,Low,0,2,Friday,April,MoRTH_Standardized_v2.1
MORTH23-13131,2023-11-19,14:51,Telangana,Hyderabad,17.40792,78.47978,Clear,Truck/Lorry,Medium,0,1,Sunday,November,MoRTH_Standardized_v2.1
MORTH23-13132,2023-05-25,00:09,Tamil Nadu,Madurai,9.93801,78.1353,Cloudy,Bus,Medium,0,0,Thursday,May,MoRTH_Standardized_v2.1
MORTH23-13133,2023-12-02,18:14,Gujarat,Surat,21.16616,72.82551,Clear,Car/Jeep/Van,Low,0,2,Saturday,December,MoRTH_Standardized_v2.1
MORTH23-13134,2023-10-25,21:00,Delhi/NCR,Delhi,28.60541,77.25419,Clear,Car/Jeep/Van,Low,0,2,Wednesday,October,MoRTH_Standardized_v2.1
MORTH23-13135,2023-12-27,17:13,Gujarat,Surat,21.15163,72.87069,Clear,Two-Wheeler,Medium,0,0,Wednesday,December,MoRTH_Standardized_v2.1
MORTH23-13136,2023-07-30,13:49,Delhi/NCR,Kolkata,22.53663,88.3235,Foggy,Truck/Lorry,Critical,2,2,Sunday,July,MoRTH_Standardized_v2.1
MORTH23-13137,2023-07-05,18:49,Delhi/NCR,Kolkata,22.61156,88.34478,Clear,Truck/Lorry,Medium,0,2,Wednesday,July,MoRTH_Standardized_v2.1
MORTH23-13138,2023-01-07,22:29,Karnataka,Mysore,12.33441,76.72209,Clear,Two-Wheeler,Critical,2,6,Saturday,January,MoRTH_Standardized_v2.1
MORTH23-13139,2023-09-13,10:07,Tamil Nadu,Chennai,13.11754,80.29459,Clear,Two-Wheeler,Medium,0,2,Wednesday,September,MoRTH_Standardized_v2.1
MORTH23-13140,2023-08-27,10:04,Madhya Pradesh,Bhopal,23.24671,77.3917,Clear,Two-Wheeler,High,1,1,Sunday,August,MoRTH_Standardized_v2.1
MORTH23-13141,2023-12-25,14:10,Gujarat,Surat,21.1788,72.83782,Clear,Two-Wheeler,Medium,0,0,Monday,December,MoRTH_Standardized_v2.1
MORTH23-13142,2023-12-05,05:56,Delhi/NCR,Delhi,28.62588,77.19684,Clear,Truck/Lorry,Medium,0,2,Tuesday,December,MoRTH_Standardized_v2.1
MORTH23-13143,2023-05-02,14:19,Delhi/NCR,Guwahati,26.15726,91.74308,Foggy,Auto-Rickshaw,High,0,3,Tuesday,May,MoRTH_Standardized_v2.1
MORTH23-13144,2023-06-28,13:38,Tamil Nadu,Madurai,9.92619,78.12098,Clear,Car/Jeep/Van,Low,0,0,Wednesday,June,MoRTH_Standardized_v2.1
MORTH23-13145,2023-09-28,08:53,Karnataka,Mysore,12.32833,76.63202,Clear,Others,Medium,0,1,Thursday,September,MoRTH_Standardized_v2.1
MORTH23-13146,2023-10-06,21:54,Andhra Pradesh,Vijayawada,16.50579,80.69581,Clear,Two-Wheeler,High,1,2,Friday,October,MoRTH_Standardized_v2.1
MORTH23-13147,2023-04-02,16:51,Madhya Pradesh,Indore,22.75163,75.81648,Foggy,Two-Wheeler,Critical,3,4,Sunday,April,MoRTH_Standardized_v2.1
MORTH23-13148,2023-01-14,21:33,Tamil Nadu,Madurai,9.89721,78.11377,Clear,Bus,Low,0,0,Saturday,January,MoRTH_Standardized_v2.1
MORTH23-13149,2023-10-05,02:49,Uttar Pradesh,Lucknow,26.82146,80.94882,Clear,Two-Wheeler,Critical,1,2,Thursday,October,MoRTH_Standardized_v2.1
MORTH23-13150,2023-03-29,14:45,Karnataka,Mysore,12.27464,76.63047,Rainy,Car/Jeep/Van,High,1,3,Wednesday,March,MoRTH_Standardized_v2.1
MORTH23-13151,2023-03-19,21:56,Tamil Nadu,Coimbatore,11.03445,76.96321,Cloudy,Truck/Lorry,Medium,0,0,Sunday,March,MoRTH_Standardized_v2.1
MORTH23-13152,2023-07-17,17:06,Delhi/NCR,Delhi,28.61162,77.18013,Clear,Truck/Lorry,Medium,0,1,Monday,July,MoRTH_Standardized_v2.1
MORTH23-13153,2023-01-25,18:21,Maharashtra,Mumbai,19.12172,72.88385,Clear,Others,Medium,0,2,Wednesday,January,MoRTH_Standardized_v2.1
MORTH23-13154,2023-09-05,16:30,Tamil Nadu,Chennai,13.10648,80.2094,Cloudy,Auto-Rickshaw,Low,0,2,Tuesday,September,MoRTH_Standardized_v2.1
MORTH23-13155,2023-11-16,07:35,Rajasthan,Jaipur,26.9131,75.72859,Clear,Truck/Lorry,Low,0,2,Thursday,November,MoRTH_Standardized_v2.1
MORTH23-13156,2023-08-24,16:38,Madhya Pradesh,Bhopal,23.27283,77.41291,Clear,Truck/Lorry,Low,0,1,Thursday,August,MoRTH_Standardized_v2.1
MORTH23-13157,2023-10-07,21:55,Uttar Pradesh,Kanpur,26.43535,80.3288,Clear,Truck/Lorry,Medium,0,0,Saturday,October,MoRTH_Standardized_v2.1
MORTH23-13158,2023-09-12,21:45,Andhra Pradesh,Visakhapatnam,17.6856,83.2234,Clear,Car/Jeep/Van,Low,0,0,Tuesday,September,MoRTH_Standardized_v2.1
MORTH23-13159,2023-03-26,09:33,Andhra Pradesh,Visakhapatnam,17.71395,83.22955,Cloudy,Two-Wheeler,Medium,0,0,Sunday,March,MoRTH_Standardized_v2.1
MORTH23-13160,2023-06-06,13:38,Karnataka,Hubli,15.38865,75.16181,Clear,Bus,Medium,0,2,Tuesday,June,MoRTH_Standardized_v2.1
MORTH23-13161,2023-03-23,14:22,Telangana,Hyderabad,17.4141,78.49865,Clear,Truck/Lorry,Low,0,2,Thursday,March,MoRTH_Standardized_v2.1
MORTH23-13162,2023-08-27,21:36,Tamil Nadu,Madurai,9.92267,78.09996,Clear,Two-Wheeler,Medium,0,2,Sunday,August,MoRTH_Standardized_v2.1
MORTH23-13163,2023-05-15,15:37,Telangana,Warangal,17.95462,79.58829,Clear,Others,Low,0,0,Monday,May,MoRTH_Standardized_v2.1
MORTH23-13164,2023-04-12,15:28,Telangana,Hyderabad,17.4357,78.51395,Foggy,Truck/Lorry,Critical,3,2,Wednesday,April,MoRTH_Standardized_v2.1
MORTH23-13165,2023-10-05,19:45,Maharashtra,Nagpur,21.16747,79.10409,Clear,Two-Wheeler,Medium,0,1,Thursday,October,MoRTH_Standardized_v2.1
MORTH23-13166,2023-11-09,23:54,Tamil Nadu,Chennai,13.08682,80.25337,Clear,Two-Wheeler,High,0,1,Thursday,November,MoRTH_Standardized_v2.1
MORTH23-13167,2023-12-09,23:33,Gujarat,Surat,21.12121,72.81939,Clear,Truck/Lorry,Medium,0,2,Saturday,December,MoRTH_Standardized_v2.1
MORTH23-13168,2023-01-11,12:33,Tamil Nadu,Chennai,13.05429,80.26189,Rainy,Truck/Lorry,Critical,2,3,Wednesday,January,MoRTH_Standardized_v2.1
MORTH23-13169,2023-02-04,14:52,Uttar Pradesh,Agra,27.18177,78.03066,Clear,Two-Wheeler,Medium,0,1,Saturday,February,MoRTH_Standardized_v2.1
MORTH23-13170,2023-06-13,09:47,Andhra Pradesh,Visakhapatnam,17.66254,83.20167,Clear,Car/Jeep/Van,Low,0,1,Tuesday,June,MoRTH_Standardized_v2.1
MORTH23-13171,2023-06-28,20:17,Tamil Nadu,Coimbatore,11.00756,76.97974,Clear,Truck/Lorry,Medium,0,0,Wednesday,June,MoRTH_Standardized_v2.1
MORTH23-13172,2023-01-21,20:48,Delhi/NCR,Guwahati,26.10507,91.75271,Rainy,Two-Wheeler,Critical,1,5,Saturday,January,MoRTH_Standardized_v2.1
MORTH23-13173,2023-02-25,00:02,Uttar Pradesh,Kanpur,26.47222,80.35972,Cloudy,Others,Low,0,1,Saturday,February,MoRTH_Standardized_v2.1
MORTH23-13174,2023-06-01,00:17,Delhi/NCR,Kolkata,22.57598,88.30121,Clear,Two-Wheeler,Critical,3,2,Thursday,June,MoRTH_Standardized_v2.1
MORTH23-13175,2023-09-20,16:47,Madhya Pradesh,Gwalior,26.21378,78.1903,Clear,Truck/Lorry,Low,0,0,Wednesday,September,MoRTH_Standardized_v2.1
MORTH23-13176,2023-12-20,19:30,Delhi/NCR,Delhi,28.58887,77.20098,Clear,Car/Jeep/Van,Low,0,0,Wednesday,December,MoRTH_Standardized_v2.1
MORTH23-13177,2023-02-28,01:58,Telangana,Warangal,17.98645,79.5998,Foggy,Two-Wheeler,Critical,2,3,Tuesday,February,MoRTH_Standardized_v2.1
MORTH23-13178,2023-11-17,11:13,Maharashtra,Pune,18.48585,73.85942,Clear,Truck/Lorry,High,1,3,Friday,November,MoRTH_Standardized_v2.1
MORTH23-13179,2023-03-15,09:14,Uttar Pradesh,Agra,27.19778,77.99817,Cloudy,Two-Wheeler,High,0,2,Wednesday,March,MoRTH_Standardized_v2.1
MORTH23-13180,2023-01-08,15:01,Karnataka,Bangalore,12.93294,77.52497,Clear,Two-Wheeler,High,0,3,Sunday,January,MoRTH_Standardized_v2.1
MORTH23-13181,2023-04-24,19:55,Telangana,Warangal,17.9504,79.61836,Clear,Others,Medium,0,1,Monday,April,MoRTH_Standardized_v2.1
MORTH23-13182,2023-11-19,18:24,Madhya Pradesh,Bhopal,23.28193,77.3828,Foggy,Others,Medium,0,0,Sunday,November,MoRTH_Standardized_v2.1
MORTH23-13183,2023-05-11,19:27,Rajasthan,Jaipur,26.89709,75.76059,Clear,Two-Wheeler,High,0,2,Thursday,May,MoRTH_Standardized_v2.1
MORTH23-13184,2023-02-20,06:30,Telangana,Hyderabad,17.3844,78.40688,Clear,Two-Wheeler,High,1,3,Monday,February,MoRTH_Standardized_v2.1
MORTH23-13185,2023-10-25,12:09,Telangana,Hyderabad,17.41014,78.51471,Clear,Truck/Lorry,Low,0,2,Wednesday,October,MoRTH_Standardized_v2.1
MORTH23-13186,2023-08-07,10:22,Tamil Nadu,Chennai,13.0778,80.26936,Clear,Car/Jeep/Van,Low,0,2,Monday,August,MoRTH_Standardized_v2.1
MORTH23-13187,2023-04-07,13:32,Maharashtra,Mumbai,19.08619,72.90124,Clear,Car/Jeep/Van,Low,0,0,Friday,April,MoRTH_Standardized_v2.1
MORTH23-13188,2023-12-07,16:09,Madhya Pradesh,Gwalior,26.21256,78.1897,Clear,Two-Wheeler,High,0,4,Thursday,December,MoRTH_Standardized_v2.1
MORTH23-13189,2023-12-11,16:43,Rajasthan,Jaipur,26.90926,75.77505,Rainy,Truck/Lorry,High,1,1,Monday,December,MoRTH_Standardized_v2.1
MORTH23-13190,2023-08-30,19:41,Rajasthan,Jaipur,26.92661,75.74764,Clear,Bus,Medium,0,1,Wednesday,August,MoRTH_Standardized_v2.1
MORTH23-13191,2023-07-27,04:14,Karnataka,Bangalore,13.00122,77.57412,Rainy,Two-Wheeler,Critical,3,3,Thursday,July,MoRTH_Standardized_v2.1
MORTH23-13192,2023-09-26,17:34,Delhi/NCR,Delhi,28.58534,77.24161,Clear,Car/Jeep/Van,Low,0,1,Tuesday,September,MoRTH_Standardized_v2.1
MORTH23-13193,2023-03-30,14:47,Telangana,Warangal,17.95948,79.58488,Foggy,Car/Jeep/Van,High,1,1,Thursday,March,MoRTH_Standardized_v2.1
MORTH23-13194,2023-06-16,18:14,Gujarat,Ahmedabad,22.99439,72.53865,Clear,Bus,Medium,0,2,Friday,June,MoRTH_Standardized_v2.1
MORTH23-13195,2023-11-28,06:12,Madhya Pradesh,Gwalior,26.2269,78.18092,Clear,Two-Wheeler,Medium,0,1,Tuesday,November,MoRTH_Standardized_v2.1
MORTH23-13196,2023-05-26,04:54,Maharashtra,Nagpur,21.08361,79.10096,Cloudy,Two-Wheeler,Critical,3,6,Friday,May,MoRTH_Standardized_v2.1
MORTH23-13197,2023-04-25,17:21,Uttar Pradesh,Lucknow,26.84213,80.91262,Clear,Others,Medium,0,1,Tuesday,April,MoRTH_Standardized_v2.1
MORTH23-13198,2023-01-26,20:15,Delhi/NCR,Delhi,28.63849,77.22493,Clear,Car/Jeep/Van,Low,0,1,Thursday,January,MoRTH_Standardized_v2.1
MORTH23-13199,2023-05-29,19:38,Delhi/NCR,Kolkata,22.58533,88.30234,Clear,Others,Medium,0,2,Monday,May,MoRTH_Standardized_v2.1
MORTH23-13200,2023-11-15,15:32,Delhi/NCR,Guwahati,26.09208,91.75629,Clear,Two-Wheeler,High,0,1,Wednesday,November,MoRTH_Standardized_v2.1
MORTH23-13201,2023-08-10,16:15,Andhra Pradesh,Vijayawada,16.4979,80.64377,Clear,Two-Wheeler,High,0,2,Thursday,August,MoRTH_Standardized_v2.1
MORTH23-13202,2023-03-13,15:10,Tamil Nadu,Coimbatore,10.98217,76.9659,Cloudy,Car/Jeep/Van,Low,0,1,Monday,March,MoRTH_Standardized_v2.1
MORTH23-13203,2023-11-25,13:22,Madhya Pradesh,Indore,22.75927,75.89483,Cloudy,Two-Wheeler,Medium,0,0,Saturday,November,MoRTH_Standardized_v2.1
MORTH23-13204,2023-11-29,13:39,Kerala,Thiruvananthapuram,8.49581,76.91895,Clear,Two-Wheeler,High,0,3,Wednesday,November,MoRTH_Standardized_v2.1
MORTH23-13205,2023-05-30,17:20,Tamil Nadu,Coimbatore,11.01859,76.96971,Clear,Two-Wheeler,High,0,1,Tuesday,May,MoRTH_Standardized_v2.1
MORTH23-13206,2023-08-01,20:57,Delhi/NCR,Guwahati,26.14264,91.74612,Clear,Truck/Lorry,High,1,2,Tuesday,August,MoRTH_Standardized_v2.1
MORTH23-13207,2023-12-12,10:06,Gujarat,Surat,21.21398,72.88795,Clear,Two-Wheeler,High,1,3,Tuesday,December,MoRTH_Standardized_v2.1
MORTH23-13208,2023-09-12,10:17,Madhya Pradesh,Gwalior,26.16215,78.15119,Cloudy,Bus,Medium,0,2,Tuesday,September,MoRTH_Standardized_v2.1
MORTH23-13209,2023-03-16,09:12,Tamil Nadu,Coimbatore,11.0125,76.98185,Clear,Auto-Rickshaw,Low,0,0,Thursday,March,MoRTH_Standardized_v2.1
MORTH23-13210,2023-11-29,20:32,Kerala,Kochi,9.95632,76.30628,Clear,Two-Wheeler,High,0,3,Wednesday,November,MoRTH_Standardized_v2.1
MORTH23-13211,2023-06-14,10:22,Gujarat,Ahmedabad,22.9945,72.59811,Clear,Bus,Medium,0,2,Wednesday,June,MoRTH_Standardized_v2.1
MORTH23-13212,2023-03-24,21:53,Madhya Pradesh,Indore,22.77699,75.88602,Clear,Car/Jeep/Van,Medium,0,2,Friday,March,MoRTH_Standardized_v2.1
MORTH23-13213,2023-12-24,15:12,Madhya Pradesh,Gwalior,26.26204,78.24313,Clear,Two-Wheeler,Medium,0,0,Sunday,December,MoRTH_Standardized_v2.1
MORTH23-13214,2023-06-16,08:37,Delhi/NCR,Kolkata,22.55674,88.36663,Rainy,Two-Wheeler,Critical,3,2,Friday,June,MoRTH_Standardized_v2.1
MORTH23-13215,2023-12-07,07:38,Madhya Pradesh,Indore,22.73495,75.87235,Rainy,Two-Wheeler,Critical,1,2,Thursday,December,MoRTH_Standardized_v2.1
MORTH23-13216,2023-07-28,11:10,Uttar Pradesh,Agra,27.16011,77.9909,Rainy,Two-Wheeler,Critical,2,4,Friday,July,MoRTH_Standardized_v2.1
MORTH23-13217,2023-10-11,21:34,Uttar Pradesh,Kanpur,26.50893,80.3134,Clear,Car/Jeep/Van,Low,0,0,Wednesday,October,MoRTH_Standardized_v2.1
MORTH23-13218,2023-10-13,18:04,Delhi/NCR,Guwahati,26.12141,91.77305,Clear,Two-Wheeler,Medium,0,1,Friday,October,MoRTH_Standardized_v2.1
MORTH23-13219,2023-08-16,08:33,Tamil Nadu,Chennai,13.08579,80.28615,Clear,Two-Wheeler,Medium,0,2,Wednesday,August,MoRTH_Standardized_v2.1
MORTH23-13220,2023-10-13,19:30,Tamil Nadu,Madurai,9.91404,78.09637,Clear,Two-Wheeler,Medium,0,0,Friday,October,MoRTH_Standardized_v2.1
MORTH23-13221,2023-04-30,20:27,Kerala,Kozhikode,11.26032,75.74389,Clear,Truck/Lorry,Medium,0,2,Sunday,April,MoRTH_Standardized_v2.1
MORTH23-13222,2023-01-15,19:24,Telangana,Warangal,17.93276,79.56828,Clear,Car/Jeep/Van,Low,0,2,Sunday,January,MoRTH_Standardized_v2.1
MORTH23-13223,2023-10-29,16:12,Madhya Pradesh,Bhopal,23.23256,77.43107,Clear,Two-Wheeler,High,0,1,Sunday,October,MoRTH_Standardized_v2.1
MORTH23-13224,2023-10-15,10:37,Kerala,Kozhikode,11.20736,75.83469,Clear,Auto-Rickshaw,Low,0,0,Sunday,October,MoRTH_Standardized_v2.1
MORTH23-13225,2023-10-15,13:09,Delhi/NCR,Delhi,28.58992,77.20466,Clear,Two-Wheeler,Medium,0,1,Sunday,October,MoRTH_Standardized_v2.1
MORTH23-13226,2023-02-17,01:37,Madhya Pradesh,Gwalior,26.24946,78.12701,Clear,Two-Wheeler,Critical,3,5,Friday,February,MoRTH_Standardized_v2.1
MORTH23-13227,2023-06-15,09:29,Karnataka,Bangalore,12.95218,77.58114,Clear,Bus,Low,0,0,Thursday,June,MoRTH_Standardized_v2.1
MORTH23-13228,2023-10-16,21:14,Madhya Pradesh,Gwalior,26.20607,78.14912,Clear,Truck/Lorry,High,0,3,Monday,October,MoRTH_Standardized_v2.1
MORTH23-13229,2023-08-07,18:02,Tamil Nadu,Madurai,9.89179,78.12222,Clear,Two-Wheeler,Medium,0,0,Monday,August,MoRTH_Standardized_v2.1
MORTH23-13230,2023-04-28,12:48,Kerala,Thiruvananthapuram,8.53075,76.92935,Clear,Bus,Low,0,1,Friday,April,MoRTH_Standardized_v2.1
MORTH23-13231,2023-02-07,17:58,Kerala,Kozhikode,11.3001,75.7677,Clear,Others,Low,0,0,Tuesday,February,MoRTH_Standardized_v2.1
MORTH23-13232,2023-08-29,23:28,Maharashtra,Mumbai,19.08049,72.85189,Clear,Car/Jeep/Van,Medium,0,1,Tuesday,August,MoRTH_Standardized_v2.1
MORTH23-13233,2023-01-14,23:41,Madhya Pradesh,Indore,22.7466,75.87125,Clear,Car/Jeep/Van,High,1,2,Saturday,January,MoRTH_Standardized_v2.1
MORTH23-13234,2023-11-20,20:50,Tamil Nadu,Coimbatore,11.01949,76.98126,Clear,Auto-Rickshaw,Low,0,0,Monday,November,MoRTH_Standardized_v2.1
MORTH23-13235,2023-11-21,18:57,Tamil Nadu,Coimbatore,11.01469,76.95627,Clear,Two-Wheeler,Medium,0,0,Tuesday,November,MoRTH_Standardized_v2.1
MORTH23-13236,2023-05-14,14:48,Gujarat,Surat,21.10808,72.82795,Clear,Two-Wheeler,High,1,3,Sunday,May,MoRTH_Standardized_v2.1
MORTH23-13237,2023-04-03,07:16,Madhya Pradesh,Indore,22.74785,75.83264,Clear,Others,Low,0,1,Monday,April,MoRTH_Standardized_v2.1
MORTH23-13238,2023-01-12,18:45,Kerala,Thiruvananthapuram,8.54946,76.91366,Clear,Auto-Rickshaw,Medium,0,2,Thursday,January,MoRTH_Standardized_v2.1
MORTH23-13239,2023-02-18,03:41,Delhi/NCR,Kolkata,22.57104,88.40016,Foggy,Auto-Rickshaw,High,0,3,Saturday,February,MoRTH_Standardized_v2.1
MORTH23-13240,2023-05-05,06:30,Tamil Nadu,Chennai,13.11157,80.31632,Clear,Two-Wheeler,High,1,1,Friday,May,MoRTH_Standardized_v2.1
MORTH23-13241,2023-05-25,08:50,Karnataka,Bangalore,12.99604,77.63062,Rainy,Auto-Rickshaw,Medium,0,2,Thursday,May,MoRTH_Standardized_v2.1
MORTH23-13242,2023-10-14,06:35,Kerala,Thiruvananthapuram,8.53393,76.93016,Clear,Auto-Rickshaw,Low,0,1,Saturday,October,MoRTH_Standardized_v2.1
MORTH23-13243,2023-05-25,17:28,Telangana,Hyderabad,17.39092,78.50857,Clear,Truck/Lorry,Low,0,2,Thursday,May,MoRTH_Standardized_v2.1
MORTH23-13244,2023-08-30,18:09,Tamil Nadu,Madurai,9.84362,78.06909,Clear,Two-Wheeler,Medium,0,0,Wednesday,August,MoRTH_Standardized_v2.1
MORTH23-13245,2023-12-17,15:18,Madhya Pradesh,Gwalior,26.20914,78.2295,Clear,Car/Jeep/Van,Low,0,0,Sunday,December,MoRTH_Standardized_v2.1
MORTH23-13246,2023-03-07,03:10,Karnataka,Bangalore,12.99126,77.59717,Clear,Two-Wheeler,High,0,3,Tuesday,March,MoRTH_Standardized_v2.1
MORTH23-13247,2023-11-29,06:20,Uttar Pradesh,Lucknow,26.85828,80.94508,Clear,Two-Wheeler,High,0,3,Wednesday,November,MoRTH_Standardized_v2.1
MORTH23-13248,2023-10-19,18:56,Andhra Pradesh,Visakhapatnam,17.65046,83.19058,Rainy,Bus,Medium,0,1,Thursday,October,MoRTH_Standardized_v2.1
MORTH23-13249,2023-02-24,17:59,Delhi/NCR,Kolkata,22.58672,88.39231,Clear,Truck/Lorry,Low,0,2,Friday,February,MoRTH_Standardized_v2.1
MORTH23-13250,2023-09-11,23:02,Karnataka,Bangalore,12.92038,77.62422,Clear,Auto-Rickshaw,High,1,1,Monday,September,MoRTH_Standardized_v2.1
MORTH23-13251,2023-06-05,06:14,Madhya Pradesh,Bhopal,23.26597,77.40515,Clear,Bus,Medium,0,2,Monday,June,MoRTH_Standardized_v2.1
MORTH23-13252,2023-11-04,17:19,Maharashtra,Mumbai,19.08667,72.85255,Clear,Two-Wheeler,High,1,3,Saturday,November,MoRTH_Standardized_v2.1
MORTH23-13253,2023-04-17,09:03,Delhi/NCR,Delhi,28.58921,77.2168,Clear,Two-Wheeler,Medium,0,1,Monday,April,MoRTH_Standardized_v2.1
MORTH23-13254,2023-12-16,05:42,Karnataka,Bangalore,12.98324,77.57254,Clear,Auto-Rickshaw,Low,0,2,Saturday,December,MoRTH_Standardized_v2.1
MORTH23-13255,2023-01-19,16:52,Delhi/NCR,Guwahati,26.11847,91.75083,Clear,Two-Wheeler,High,0,4,Thursday,January,MoRTH_Standardized_v2.1
MORTH23-13256,2023-12-03,14:13,Andhra Pradesh,Vijayawada,16.48862,80.62098,Clear,Bus,Medium,0,0,Sunday,December,MoRTH_Standardized_v2.1
MORTH23-13257,2023-01-12,16:21,Delhi/NCR,Kolkata,22.56353,88.38033,Clear,Bus,Medium,0,0,Thursday,January,MoRTH_Standardized_v2.1
MORTH23-13258,2023-12-10,23:42,Kerala,Kochi,9.98851,76.24651,Rainy,Two-Wheeler,Critical,3,2,Sunday,December,MoRTH_Standardized_v2.1
MORTH23-13259,2023-07-23,09:24,Karnataka,Hubli,15.36761,75.08965,Clear,Two-Wheeler,Medium,0,2,Sunday,July,MoRTH_Standardized_v2.1
MORTH23-13260,2023-09-27,09:11,Andhra Pradesh,Visakhapatnam,17.67375,83.23946,Foggy,Two-Wheeler,Critical,3,4,Wednesday,September,MoRTH_Standardized_v2.1
MORTH23-13261,2023-06-14,10:00,Delhi/NCR,Kolkata,22.55093,88.32081,Clear,Others,Low,0,0,Wednesday,June,MoRTH_Standardized_v2.1
MORTH23-13262,2023-08-21,16:53,Uttar Pradesh,Kanpur,26.40516,80.41558,Clear,Car/Jeep/Van,Low,0,0,Monday,August,MoRTH_Standardized_v2.1
MORTH23-13263,2023-03-02,19:19,Telangana,Hyderabad,17.40121,78.51016,Clear,Two-Wheeler,High,0,2,Thursday,March,MoRTH_Standardized_v2.1
MORTH23-13264,2023-03-20,21:52,Madhya Pradesh,Bhopal,23.33004,77.42781,Foggy,Two-Wheeler,High,0,2,Monday,March,MoRTH_Standardized_v2.1
MORTH23-13265,2023-04-21,10:49,Delhi/NCR,Kolkata,22.56973,88.33998,Clear,Car/Jeep/Van,Low,0,0,Friday,April,MoRTH_Standardized_v2.1
MORTH23-13266,2023-04-25,02:26,Kerala,Kozhikode,11.25816,75.74166,Rainy,Auto-Rickshaw,High,0,3,Tuesday,April,MoRTH_Standardized_v2.1
MORTH23-13267,2023-06-17,07:51,Madhya Pradesh,Bhopal,23.30098,77.41442,Rainy,Two-Wheeler,Critical,1,2,Saturday,June,MoRTH_Standardized_v2.1
MORTH23-13268,2023-05-28,02:40,Delhi/NCR,Delhi,28.6687,77.21999,Rainy,Auto-Rickshaw,Critical,1,6,Sunday,May,MoRTH_Standardized_v2.1
MORTH23-13269,2023-05-06,03:31,Delhi/NCR,Kolkata,22.55481,88.39735,Clear,Two-Wheeler,High,0,2,Saturday,May,MoRTH_Standardized_v2.1
MORTH23-13270,2023-05-19,00:07,Kerala,Kochi,9.97339,76.26838,Cloudy,Car/Jeep/Van,Low,0,0,Friday,May,MoRTH_Standardized_v2.1
MORTH23-13271,2023-09-15,08:43,Madhya Pradesh,Gwalior,26.16856,78.15205,Clear,Auto-Rickshaw,Low,0,1,Friday,September,MoRTH_Standardized_v2.1
MORTH23-13272,2023-05-19,10:31,Tamil Nadu,Chennai,13.13852,80.25849,Clear,Two-Wheeler,Medium,0,2,Friday,May,MoRTH_Standardized_v2.1
MORTH23-13273,2023-07-01,22:27,Kerala,Kozhikode,11.2618,75.78485,Clear,Truck/Lorry,High,0,2,Saturday,July,MoRTH_Standardized_v2.1
MORTH23-13274,2023-04-08,17:41,Tamil Nadu,Madurai,9.91962,78.08812,Rainy,Car/Jeep/Van,Medium,0,1,Saturday,April,MoRTH_Standardized_v2.1
MORTH23-13275,2023-10-05,12:55,Delhi/NCR,Kolkata,22.53245,88.3825,Clear,Truck/Lorry,Low,0,1,Thursday,October,MoRTH_Standardized_v2.1
MORTH23-13276,2023-09-16,10:42,Rajasthan,Jodhpur,26.25468,73.05854,Rainy,Auto-Rickshaw,High,1,3,Saturday,September,MoRTH_Standardized_v2.1
MORTH23-13277,2023-05-23,07:32,Delhi/NCR,Guwahati,26.18173,91.7754,Foggy,Two-Wheeler,Critical,2,4,Tuesday,May,MoRTH_Standardized_v2.1
MORTH23-13278,2023-03-30,00:45,Maharashtra,Pune,18.52016,73.83009,Cloudy,Two-Wheeler,Critical,2,6,Thursday,March,MoRTH_Standardized_v2.1
MORTH23-13279,2023-08-05,11:27,Karnataka,Mysore,12.31869,76.64668,Foggy,Car/Jeep/Van,Medium,0,1,Saturday,August,MoRTH_Standardized_v2.1
MORTH23-13280,2023-01-21,12:48,Karnataka,Bangalore,12.97752,77.62899,Cloudy,Two-Wheeler,Medium,0,1,Saturday,January,MoRTH_Standardized_v2.1
MORTH23-13281,2023-12-23,19:47,Kerala,Kozhikode,11.26536,75.81673,Clear,Two-Wheeler,High,0,2,Saturday,December,MoRTH_Standardized_v2.1
MORTH23-13282,2023-11-13,17:06,Kerala,Kozhikode,11.27381,75.80565,Clear,Two-Wheeler,High,0,3,Monday,November,MoRTH_Standardized_v2.1
MORTH23-13283,2023-07-07,13:03,Madhya Pradesh,Gwalior,26.21109,78.12917,Clear,Two-Wheeler,High,0,2,Friday,July,MoRTH_Standardized_v2.1
MORTH23-13284,2023-08-09,04:39,Tamil Nadu,Madurai,9.92705,78.08944,Clear,Two-Wheeler,High,1,2,Wednesday,August,MoRTH_Standardized_v2.1
MORTH23-13285,2023-02-25,04:23,Maharashtra,Nagpur,21.11687,79.09771,Clear,Auto-Rickshaw,Medium,0,2,Saturday,February,MoRTH_Standardized_v2.1
MORTH23-13286,2023-11-12,19:15,Kerala,Kozhikode,11.23341,75.7968,Clear,Car/Jeep/Van,Medium,0,2,Sunday,November,MoRTH_Standardized_v2.1
MORTH23-13287,2023-02-23,22:47,Gujarat,Ahmedabad,23.04046,72.53304,Foggy,Bus,Critical,3,5,Thursday,February,MoRTH_Standardized_v2.1
MORTH23-13288,2023-04-29,11:32,Delhi/NCR,Guwahati,26.12312,91.70037,Clear,Truck/Lorry,Medium,0,2,Saturday,April,MoRTH_Standardized_v2.1
MORTH23-13289,2023-02-08,07:12,Delhi/NCR,Guwahati,26.17713,91.74894,Clear,Others,Low,0,2,Wednesday,February,MoRTH_Standardized_v2.1
MORTH23-13290,2023-02-27,12:23,Andhra Pradesh,Visakhapatnam,17.67424,83.19456,Clear,Two-Wheeler,Medium,0,2,Monday,February,MoRTH_Standardized_v2.1
MORTH23-13291,2023-03-07,20:49,Uttar Pradesh,Agra,27.16973,78.02933,Clear,Auto-Rickshaw,Low,0,1,Tuesday,March,MoRTH_Standardized_v2.1
MORTH23-13292,2023-04-29,19:25,Delhi/NCR,Delhi,28.63385,77.18975,Clear,Truck/Lorry,Low,0,0,Saturday,April,MoRTH_Standardized_v2.1
MORTH23-13293,2023-12-01,18:51,Delhi/NCR,Delhi,28.6074,77.2225,Clear,Truck/Lorry,High,1,4,Friday,December,MoRTH_Standardized_v2.1
MORTH23-13294,2023-02-07,15:07,Rajasthan,Jaipur,26.88561,75.78796,Clear,Car/Jeep/Van,Medium,0,0,Tuesday,February,MoRTH_Standardized_v2.1
MORTH23-13295,2023-10-02,16:20,Uttar Pradesh,Kanpur,26.39235,80.28878,Clear,Two-Wheeler,Medium,0,0,Monday,October,MoRTH_Standardized_v2.1
MORTH23-13296,2023-06-25,08:58,Kerala,Kochi,9.95594,76.27399,Clear,Two-Wheeler,Medium,0,1,Sunday,June,MoRTH_Standardized_v2.1
MORTH23-13297,2023-10-21,08:47,Tamil Nadu,Madurai,9.89771,78.17433,Clear,Bus,Low,0,1,Saturday,October,MoRTH_Standardized_v2.1
MORTH23-13298,2023-10-23,14:15,Delhi/NCR,Delhi,28.66551,77.17052,Clear,Truck/Lorry,Medium,0,2,Monday,October,MoRTH_Standardized_v2.1
MORTH23-13299,2023-10-17,11:34,Andhra Pradesh,Vijayawada,16.50702,80.63962,Clear,Auto-Rickshaw,Medium,0,1,Tuesday,October,MoRTH_Standardized_v2.1
MORTH23-13300,2023-08-12,19:06,Uttar Pradesh,Kanpur,26.44424,80.32767,Clear,Car/Jeep/Van,Medium,0,2,Saturday,August,MoRTH_Standardized_v2.1
MORTH23-13301,2023-01-27,16:43,Andhra Pradesh,Vijayawada,16.48617,80.61153,Clear,Others,Low,0,0,Friday,January,MoRTH_Standardized_v2.1
MORTH23-13302,2023-11-02,18:05,Maharashtra,Pune,18.52681,73.82516,Clear,Two-Wheeler,Medium,0,0,Thursday,November,MoRTH_Standardized_v2.1
MORTH23-13303,2023-11-03,11:08,Delhi/NCR,Delhi,28.59816,77.1416,Clear,Others,Low,0,1,Friday,November,MoRTH_Standardized_v2.1
MORTH23-13304,2023-07-01,15:24,Tamil Nadu,Coimbatore,10.99941,76.92869,Foggy,Two-Wheeler,Critical,1,2,Saturday,July,MoRTH_Standardized_v2.1
MORTH23-13305,2023-08-02,19:02,Telangana,Warangal,17.97971,79.6092,Clear,Truck/Lorry,Medium,0,1,Wednesday,August,MoRTH_Standardized_v2.1
MORTH23-13306,2023-06-05,17:29,Madhya Pradesh,Gwalior,26.23233,78.224,Clear,Others,Low,0,1,Monday,June,MoRTH_Standardized_v2.1
MORTH23-13307,2023-01-17,21:28,Karnataka,Bangalore,12.99126,77.58152,Clear,Two-Wheeler,High,0,4,Tuesday,January,MoRTH_Standardized_v2.1
MORTH23-13308,2023-10-16,16:25,Gujarat,Surat,21.21494,72.81587,Clear,Two-Wheeler,Medium,0,2,Monday,October,MoRTH_Standardized_v2.1
MORTH23-13309,2023-04-27,15:32,Gujarat,Ahmedabad,23.06224,72.56091,Cloudy,Truck/Lorry,High,1,2,Thursday,April,MoRTH_Standardized_v2.1
MORTH23-13310,2023-03-26,10:14,Gujarat,Surat,21.12848,72.74995,Clear,Two-Wheeler,Medium,0,1,Sunday,March,MoRTH_Standardized_v2.1
MORTH23-13311,2023-10-09,13:21,Andhra Pradesh,Vijayawada,16.46947,80.60027,Clear,Truck/Lorry,Medium,0,0,Monday,October,MoRTH_Standardized_v2.1
MORTH23-13312,2023-09-26,11:17,Madhya Pradesh,Bhopal,23.27746,77.47819,Clear,Auto-Rickshaw,Medium,0,1,Tuesday,September,MoRTH_Standardized_v2.1
MORTH23-13313,2023-04-08,21:11,Kerala,Kozhikode,11.28381,75.77785,Clear,Two-Wheeler,Medium,0,1,Saturday,April,MoRTH_Standardized_v2.1
MORTH23-13314,2023-11-10,09:03,Telangana,Warangal,18.0099,79.63,Clear,Car/Jeep/Van,Low,0,2,Friday,November,MoRTH_Standardized_v2.1
MORTH23-13315,2023-01-30,10:07,Rajasthan,Jodhpur,26.22541,73.01982,Clear,Auto-Rickshaw,Medium,0,0,Monday,January,MoRTH_Standardized_v2.1
MORTH23-13316,2023-02-16,08:49,Andhra Pradesh,Vijayawada,16.52382,80.58844,Clear,Two-Wheeler,High,0,2,Thursday,February,MoRTH_Standardized_v2.1
MORTH23-13317,2023-10-25,06:55,Gujarat,Surat,21.15345,72.76376,Clear,Two-Wheeler,Medium,0,1,Wednesday,October,MoRTH_Standardized_v2.1
MORTH23-13318,2023-09-29,13:22,Uttar Pradesh,Lucknow,26.81535,80.96464,Clear,Car/Jeep/Van,Low,0,2,Friday,September,MoRTH_Standardized_v2.1
MORTH23-13319,2023-11-10,20:33,Delhi/NCR,Delhi,28.62318,77.17847,Clear,Two-Wheeler,High,1,4,Friday,November,MoRTH_Standardized_v2.1
MORTH23-13320,2023-07-19,08:14,Uttar Pradesh,Lucknow,26.86676,80.96044,Foggy,Car/Jeep/Van,Medium,0,0,Wednesday,July,MoRTH_Standardized_v2.1
MORTH23-13321,2023-04-11,11:40,Uttar Pradesh,Lucknow,26.80026,80.92514,Clear,Two-Wheeler,High,0,4,Tuesday,April,MoRTH_Standardized_v2.1
MORTH23-13322,2023-09-08,20:35,Delhi/NCR,Kolkata,22.60402,88.33864,Rainy,Truck/Lorry,High,0,2,Friday,September,MoRTH_Standardized_v2.1
MORTH23-13323,2023-04-29,19:50,Andhra Pradesh,Vijayawada,16.54012,80.67643,Clear,Two-Wheeler,High,1,2,Saturday,April,MoRTH_Standardized_v2.1
MORTH23-13324,2023-03-27,22:50,Uttar Pradesh,Agra,27.17955,78.04584,Clear,Two-Wheeler,Critical,2,4,Monday,March,MoRTH_Standardized_v2.1
MORTH23-13325,2023-10-28,08:47,Delhi/NCR,Guwahati,26.10693,91.71008,Clear,Two-Wheeler,Medium,0,1,Saturday,October,MoRTH_Standardized_v2.1
MORTH23-13326,2023-08-24,15:19,Tamil Nadu,Chennai,13.05507,80.21558,Clear,Two-Wheeler,High,1,4,Thursday,August,MoRTH_Standardized_v2.1
MORTH23-13327,2023-11-03,18:53,Madhya Pradesh,Indore,22.72713,75.80023,Rainy,Auto-Rickshaw,High,1,2,Friday,November,MoRTH_Standardized_v2.1
MORTH23-13328,2023-07-31,16:26,Delhi/NCR,Guwahati,26.17947,91.70891,Clear,Truck/Lorry,Medium,0,1,Monday,July,MoRTH_Standardized_v2.1
MORTH23-13329,2023-11-09,14:44,Maharashtra,Mumbai,19.06752,72.88424,Clear,Others,Low,0,0,Thursday,November,MoRTH_Standardized_v2.1
MORTH23-13330,2023-02-20,09:54,Karnataka,Mysore,12.2803,76.67223,Foggy,Others,High,0,3,Monday,February,MoRTH_Standardized_v2.1
MORTH23-13331,2023-08-29,20:16,Maharashtra,Nagpur,21.14146,79.14558,Clear,Car/Jeep/Van,Low,0,1,Tuesday,August,MoRTH_Standardized_v2.1
MORTH23-13332,2023-12-09,17:24,Andhra Pradesh,Visakhapatnam,17.70233,83.23253,Clear,Others,Medium,0,0,Saturday,December,MoRTH_Standardized_v2.1
MORTH23-13333,2023-05-12,17:44,Kerala,Thiruvananthapuram,8.48898,76.98837,Cloudy,Car/Jeep/Van,Medium,0,0,Friday,May,MoRTH_Standardized_v2.1
MORTH23-13334,2023-12-01,11:41,Madhya Pradesh,Indore,22.69048,75.87329,Clear,Two-Wheeler,Medium,0,1,Friday,December,MoRTH_Standardized_v2.1
MORTH23-13335,2023-01-30,20:27,Delhi/NCR,Guwahati,26.19571,91.72548,Clear,Others,Low,0,1,Monday,January,MoRTH_Standardized_v2.1
MORTH23-13336,2023-09-27,21:45,Maharashtra,Mumbai,19.10209,72.87807,Cloudy,Two-Wheeler,High,1,4,Wednesday,September,MoRTH_Standardized_v2.1
MORTH23-13337,2023-09-30,06:55,Rajasthan,Jodhpur,26.27334,73.07226,Clear,Two-Wheeler,High,0,2,Saturday,September,MoRTH_Standardized_v2.1
MORTH23-13338,2023-08-17,11:03,Madhya Pradesh,Bhopal,23.22477,77.43343,Clear,Bus,Medium,0,0,Thursday,August,MoRTH_Standardized_v2.1
MORTH23-13339,2023-04-29,12:30,Uttar Pradesh,Lucknow,26.89191,80.91744,Clear,Two-Wheeler,Medium,0,0,Saturday,April,MoRTH_Standardized_v2.1
MORTH23-13340,2023-07-07,14:03,Delhi/NCR,Kolkata,22.53641,88.35059,Clear,Car/Jeep/Van,Low,0,2,Friday,July,MoRTH_Standardized_v2.1
MORTH23-13341,2023-09-15,14:29,Delhi/NCR,Kolkata,22.5744,88.37462,Clear,Auto-Rickshaw,Low,0,1,Friday,September,MoRTH_Standardized_v2.1
MORTH23-13342,2023-06-20,13:18,Delhi/NCR,Kolkata,22.57892,88.35793,Clear,Car/Jeep/Van,Low,0,2,Tuesday,June,MoRTH_Standardized_v2.1
MORTH23-13343,2023-10-05,13:04,Karnataka,Mysore,12.23704,76.70186,Clear,Two-Wheeler,Medium,0,0,Thursday,October,MoRTH_Standardized_v2.1
MORTH23-13344,2023-12-09,23:44,Tamil Nadu,Coimbatore,11.03887,76.90298,Clear,Two-Wheeler,Critical,3,5,Saturday,December,MoRTH_Standardized_v2.1
MORTH23-13345,2023-09-22,13:35,Maharashtra,Pune,18.52814,73.91585,Clear,Car/Jeep/Van,Medium,0,2,Friday,September,MoRTH_Standardized_v2.1
MORTH23-13346,2023-12-25,22:18,Kerala,Kozhikode,11.28444,75.77145,Clear,Auto-Rickshaw,Low,0,1,Monday,December,MoRTH_Standardized_v2.1
MORTH23-13347,2023-07-31,20:05,Rajasthan,Jaipur,26.89455,75.79082,Clear,Auto-Rickshaw,Low,0,1,Monday,July,MoRTH_Standardized_v2.1
MORTH23-13348,2023-10-08,12:46,Kerala,Kozhikode,11.2383,75.86818,Clear,Two-Wheeler,Medium,0,2,Sunday,October,MoRTH_Standardized_v2.1
MORTH23-13349,2023-06-03,16:34,Tamil Nadu,Coimbatore,11.02684,76.99977,Clear,Truck/Lorry,Medium,0,2,Saturday,June,MoRTH_Standardized_v2.1
MORTH23-13350,2023-11-29,18:32,Delhi/NCR,Guwahati,26.14448,91.72203,Clear,Bus,Low,0,1,Wednesday,November,MoRTH_Standardized_v2.1
MORTH23-13351,2023-09-23,16:45,Karnataka,Hubli,15.40104,75.14146,Clear,Two-Wheeler,Medium,0,0,Saturday,September,MoRTH_Standardized_v2.1
MORTH23-13352,2023-07-05,17:16,Tamil Nadu,Chennai,13.10311,80.28378,Clear,Two-Wheeler,Medium,0,2,Wednesday,July,MoRTH_Standardized_v2.1
MORTH23-13353,2023-02-15,15:45,Tamil Nadu,Coimbatore,11.05801,76.93527,Clear,Auto-Rickshaw,Low,0,2,Wednesday,February,MoRTH_Standardized_v2.1
MORTH23-13354,2023-04-26,09:06,Madhya Pradesh,Indore,22.65614,75.85057,Foggy,Bus,High,0,4,Wednesday,April,MoRTH_Standardized_v2.1
MORTH23-13355,2023-05-19,15:11,Madhya Pradesh,Bhopal,23.28194,77.3801,Clear,Truck/Lorry,Low,0,0,Friday,May,MoRTH_Standardized_v2.1
MORTH23-13356,2023-08-05,10:35,Andhra Pradesh,Visakhapatnam,17.70734,83.23932,Clear,Two-Wheeler,Medium,0,1,Saturday,August,MoRTH_Standardized_v2.1
MORTH23-13357,2023-10-14,21:11,Uttar Pradesh,Agra,27.1037,78.03494,Clear,Two-Wheeler,Medium,0,0,Saturday,October,MoRTH_Standardized_v2.1
MORTH23-13358,2023-12-15,00:10,Karnataka,Hubli,15.34886,75.1174,Foggy,Truck/Lorry,Critical,1,3,Friday,December,MoRTH_Standardized_v2.1
MORTH23-13359,2023-01-13,07:37,Delhi/NCR,Guwahati,26.11964,91.7533,Clear,Two-Wheeler,High,0,3,Friday,January,MoRTH_Standardized_v2.1
MORTH23-13360,2023-10-26,05:00,Karnataka,Bangalore,12.97015,77.60473,Clear,Auto-Rickshaw,Low,0,0,Thursday,October,MoRTH_Standardized_v2.1
MORTH23-13361,2023-12-13,12:52,Tamil Nadu,Madurai,9.91445,78.1261,Rainy,Auto-Rickshaw,Medium,0,1,Wednesday,December,MoRTH_Standardized_v2.1
MORTH23-13362,2023-07-25,17:30,Gujarat,Surat,21.17076,72.87784,Clear,Two-Wheeler,High,1,4,Tuesday,July,MoRTH_Standardized_v2.1
MORTH23-13363,2023-10-08,23:27,Karnataka,Mysore,12.30652,76.64818,Clear,Two-Wheeler,High,1,4,Sunday,October,MoRTH_Standardized_v2.1
MORTH23-13364,2023-03-21,17:36,Madhya Pradesh,Indore,22.76035,75.84291,Clear,Two-Wheeler,High,0,4,Tuesday,March,MoRTH_Standardized_v2.1
MORTH23-13365,2023-12-11,14:06,Uttar Pradesh,Agra,27.22505,78.02599,Clear,Bus,Low,0,1,Monday,December,MoRTH_Standardized_v2.1
MORTH23-13366,2023-09-16,12:46,Delhi/NCR,Delhi,28.60553,77.21619,Rainy,Two-Wheeler,Critical,2,4,Saturday,September,MoRTH_Standardized_v2.1
MORTH23-13367,2023-12-04,07:34,Kerala,Kochi,9.90015,76.29871,Clear,Truck/Lorry,High,0,1,Monday,December,MoRTH_Standardized_v2.1
MORTH23-13368,2023-06-17,07:44,Karnataka,Hubli,15.39255,75.13587,Foggy,Car/Jeep/Van,High,0,3,Saturday,June,MoRTH_Standardized_v2.1
MORTH23-13369,2023-01-23,04:55,Madhya Pradesh,Gwalior,26.15915,78.19688,Clear,Two-Wheeler,Critical,1,3,Monday,January,MoRTH_Standardized_v2.1
MORTH23-13370,2023-06-21,21:35,Rajasthan,Jaipur,26.92558,75.7658,Clear,Bus,Medium,0,0,Wednesday,June,MoRTH_Standardized_v2.1
MORTH23-13371,2023-04-08,15:37,Maharashtra,Nagpur,21.12226,79.10354,Foggy,Two-Wheeler,High,1,2,Saturday,April,MoRTH_Standardized_v2.1
MORTH23-13372,2023-07-18,19:55,Gujarat,Ahmedabad,23.03873,72.56778,Clear,Car/Jeep/Van,Low,0,1,Tuesday,July,MoRTH_Standardized_v2.1
MORTH23-13373,2023-07-24,23:09,Uttar Pradesh,Kanpur,26.4337,80.34288,Foggy,Two-Wheeler,Critical,2,4,Monday,July,MoRTH_Standardized_v2.1
MORTH23-13374,2023-10-25,22:35,Karnataka,Mysore,12.37836,76.67784,Clear,Auto-Rickshaw,High,1,3,Wednesday,October,MoRTH_Standardized_v2.1
MORTH23-13375,2023-04-21,15:46,Tamil Nadu,Chennai,13.10143,80.28421,Clear,Two-Wheeler,Medium,0,2,Friday,April,MoRTH_Standardized_v2.1
MORTH23-13376,2023-11-06,08:38,Delhi/NCR,Kolkata,22.60493,88.35956,Clear,Auto-Rickshaw,Low,0,1,Monday,November,MoRTH_Standardized_v2.1
MORTH23-13377,2023-07-12,06:44,Madhya Pradesh,Indore,22.72653,75.862,Clear,Auto-Rickshaw,Low,0,1,Wednesday,July,MoRTH_Standardized_v2.1
MORTH23-13378,2023-09-12,02:21,Maharashtra,Mumbai,19.06516,72.88558,Clear,Two-Wheeler,High,1,2,Tuesday,September,MoRTH_Standardized_v2.1
MORTH23-13379,2023-11-15,15:56,Delhi/NCR,Guwahati,26.11336,91.71059,Rainy,Car/Jeep/Van,Medium,0,1,Wednesday,November,MoRTH_Standardized_v2.1
MORTH23-13380,2023-04-12,19:05,Delhi/NCR,Delhi,28.60617,77.18489,Clear,Two-Wheeler,High,0,1,Wednesday,April,MoRTH_Standardized_v2.1
MORTH23-13381,2023-05-23,12:27,Madhya Pradesh,Bhopal,23.29038,77.39621,Clear,Two-Wheeler,High,0,1,Tuesday,May,MoRTH_Standardized_v2.1
MORTH23-13382,2023-06-19,17:30,Uttar Pradesh,Agra,27.13832,77.97562,Clear,Two-Wheeler,Medium,0,1,Monday,June,MoRTH_Standardized_v2.1
MORTH23-13383,2023-02-06,03:39,Delhi/NCR,Kolkata,22.55491,88.3634,Clear,Two-Wheeler,Critical,1,5,Monday,February,MoRTH_Standardized_v2.1
MORTH23-13384,2023-08-29,19:26,Karnataka,Hubli,15.38747,75.21295,Clear,Two-Wheeler,Medium,0,1,Tuesday,August,MoRTH_Standardized_v2.1
MORTH23-13385,2023-05-08,14:25,Delhi/NCR,Guwahati,26.1208,91.74017,Cloudy,Truck/Lorry,High,0,1,Monday,May,MoRTH_Standardized_v2.1
MORTH23-13386,2023-08-15,20:32,Maharashtra,Mumbai,19.07599,72.88383,Clear,Two-Wheeler,High,0,1,Tuesday,August,MoRTH_Standardized_v2.1
MORTH23-13387,2023-06-24,10:18,Delhi/NCR,Guwahati,26.10699,91.82359,Clear,Car/Jeep/Van,Low,0,0,Saturday,June,MoRTH_Standardized_v2.1
MORTH23-13388,2023-08-29,16:14,Madhya Pradesh,Gwalior,26.17323,78.16407,Clear,Car/Jeep/Van,Low,0,1,Tuesday,August,MoRTH_Standardized_v2.1
MORTH23-13389,2023-07-19,04:41,Delhi/NCR,Kolkata,22.55384,88.35291,Cloudy,Two-Wheeler,Critical,3,2,Wednesday,July,MoRTH_Standardized_v2.1
MORTH23-13390,2023-08-01,17:09,Andhra Pradesh,Visakhapatnam,17.71473,83.23076,Foggy,Others,Medium,0,1,Tuesday,August,MoRTH_Standardized_v2.1
MORTH23-13391,2023-09-18,18:30,Delhi/NCR,Delhi,28.63047,77.20292,Clear,Two-Wheeler,High,0,2,Monday,September,MoRTH_Standardized_v2.1
MORTH23-13392,2023-03-06,10:46,Madhya Pradesh,Bhopal,23.26476,77.41403,Clear,Two-Wheeler,Medium,0,2,Monday,March,MoRTH_Standardized_v2.1
MORTH23-13393,2023-07-06,04:04,Uttar Pradesh,Kanpur,26.5149,80.33779,Rainy,Car/Jeep/Van,High,1,4,Thursday,July,MoRTH_Standardized_v2.1
MORTH23-13394,2023-09-17,15:02,Delhi/NCR,Kolkata,22.56344,88.34432,Foggy,Two-Wheeler,Critical,1,6,Sunday,September,MoRTH_Standardized_v2.1
MORTH23-13395,2023-02-03,18:55,Karnataka,Hubli,15.35452,75.10236,Clear,Car/Jeep/Van,Low,0,1,Friday,February,MoRTH_Standardized_v2.1
MORTH23-13396,2023-03-15,07:49,Kerala,Thiruvananthapuram,8.54904,76.91217,Rainy,Others,Medium,0,2,Wednesday,March,MoRTH_Standardized_v2.1
MORTH23-13397,2023-04-25,15:22,Andhra Pradesh,Vijayawada,16.52446,80.64833,Clear,Auto-Rickshaw,Low,0,0,Tuesday,April,MoRTH_Standardized_v2.1
MORTH23-13398,2023-12-04,17:35,Kerala,Kochi,9.90874,76.28943,Clear,Two-Wheeler,Medium,0,2,Monday,December,MoRTH_Standardized_v2.1
MORTH23-13399,2023-02-27,06:00,Delhi/NCR,Guwahati,26.11149,91.75791,Clear,Two-Wheeler,Medium,0,1,Monday,February,MoRTH_Standardized_v2.1
MORTH23-13400,2023-12-18,07:15,Telangana,Warangal,17.96335,79.61305,Clear,Car/Jeep/Van,Low,0,0,Monday,December,MoRTH_Standardized_v2.1
MORTH23-13401,2023-02-28,09:25,Madhya Pradesh,Bhopal,23.27756,77.45507,Clear,Two-Wheeler,Medium,0,0,Tuesday,February,MoRTH_Standardized_v2.1
MORTH23-13402,2023-08-11,18:21,Uttar Pradesh,Agra,27.19696,78.00127,Clear,Two-Wheeler,Medium,0,2,Friday,August,MoRTH_Standardized_v2.1
MORTH23-13403,2023-02-06,18:58,Andhra Pradesh,Visakhapatnam,17.64253,83.19436,Clear,Truck/Lorry,High,0,1,Monday,February,MoRTH_Standardized_v2.1
MORTH23-13404,2023-12-19,21:56,Karnataka,Mysore,12.30201,76.66169,Clear,Two-Wheeler,High,0,4,Tuesday,December,MoRTH_Standardized_v2.1
MORTH23-13405,2023-02-23,18:15,Telangana,Hyderabad,17.42351,78.42865,Clear,Others,Low,0,2,Thursday,February,MoRTH_Standardized_v2.1
MORTH23-13406,2023-04-29,14:45,Tamil Nadu,Chennai,13.10491,80.29897,Clear,Car/Jeep/Van,Medium,0,1,Saturday,April,MoRTH_Standardized_v2.1
MORTH23-13407,2023-01-08,19:13,Delhi/NCR,Kolkata,22.61199,88.37048,Clear,Car/Jeep/Van,Medium,0,0,Sunday,January,MoRTH_Standardized_v2.1
MORTH23-13408,2023-11-12,12:56,Telangana,Warangal,17.9789,79.58232,Clear,Bus,Low,0,0,Sunday,November,MoRTH_Standardized_v2.1
MORTH23-13409,2023-06-21,15:40,Delhi/NCR,Guwahati,26.18895,91.72596,Clear,Others,Low,0,0,Wednesday,June,MoRTH_Standardized_v2.1
MORTH23-13410,2023-04-30,16:12,Tamil Nadu,Madurai,9.93446,78.11214,Clear,Two-Wheeler,High,1,1,Sunday,April,MoRTH_Standardized_v2.1
MORTH23-13411,2023-04-04,07:24,Tamil Nadu,Coimbatore,11.02438,76.91485,Clear,Two-Wheeler,High,0,1,Tuesday,April,MoRTH_Standardized_v2.1
MORTH23-13412,2023-01-14,08:27,Madhya Pradesh,Gwalior,26.25084,78.20379,Clear,Two-Wheeler,Medium,0,0,Saturday,January,MoRTH_Standardized_v2.1
MORTH23-13413,2023-09-10,16:25,Delhi/NCR,Delhi,28.59412,77.20944,Clear,Two-Wheeler,High,0,2,Sunday,September,MoRTH_Standardized_v2.1
MORTH23-13414,2023-08-11,17:19,Uttar Pradesh,Agra,27.20195,77.96191,Clear,Others,Low,0,2,Friday,August,MoRTH_Standardized_v2.1
MORTH23-13415,2023-08-29,12:43,Tamil Nadu,Coimbatore,11.06271,76.9434,Clear,Two-Wheeler,Medium,0,2,Tuesday,August,MoRTH_Standardized_v2.1
MORTH23-13416,2023-09-09,20:31,Madhya Pradesh,Gwalior,26.21594,78.20855,Clear,Two-Wheeler,High,1,1,Saturday,September,MoRTH_Standardized_v2.1
MORTH23-13417,2023-10-11,06:52,Rajasthan,Jodhpur,26.24981,73.04353,Rainy,Car/Jeep/Van,Medium,0,0,Wednesday,October,MoRTH_Standardized_v2.1
MORTH23-13418,2023-09-18,23:07,Madhya Pradesh,Gwalior,26.20601,78.16404,Clear,Two-Wheeler,High,0,1,Monday,September,MoRTH_Standardized_v2.1
MORTH23-13419,2023-04-24,17:47,Uttar Pradesh,Agra,27.14775,77.98442,Clear,Truck/Lorry,High,0,1,Monday,April,MoRTH_Standardized_v2.1
MORTH23-13420,2023-10-11,19:09,Delhi/NCR,Delhi,28.65471,77.234,Clear,Bus,Low,0,2,Wednesday,October,MoRTH_Standardized_v2.1
MORTH23-13421,2023-12-14,21:06,Andhra Pradesh,Visakhapatnam,17.6752,83.21496,Clear,Two-Wheeler,Medium,0,2,Thursday,December,MoRTH_Standardized_v2.1
MORTH23-13422,2023-10-13,12:29,Madhya Pradesh,Gwalior,26.18521,78.17414,Clear,Auto-Rickshaw,Low,0,1,Friday,October,MoRTH_Standardized_v2.1
MORTH23-13423,2023-06-02,19:20,Kerala,Kochi,9.93197,76.21419,Clear,Truck/Lorry,Low,0,1,Friday,June,MoRTH_Standardized_v2.1
MORTH23-13424,2023-09-15,14:38,Madhya Pradesh,Bhopal,23.20672,77.43424,Clear,Car/Jeep/Van,Low,0,1,Friday,September,MoRTH_Standardized_v2.1
MORTH23-13425,2023-11-12,20:53,Karnataka,Bangalore,12.98351,77.59867,Clear,Truck/Lorry,Medium,0,0,Sunday,November,MoRTH_Standardized_v2.1
MORTH23-13426,2023-01-19,12:29,Delhi/NCR,Delhi,28.61305,77.22733,Clear,Two-Wheeler,High,0,3,Thursday,January,MoRTH_Standardized_v2.1
MORTH23-13427,2023-03-20,21:30,Uttar Pradesh,Lucknow,26.8361,80.9352,Clear,Two-Wheeler,Medium,0,1,Monday,March,MoRTH_Standardized_v2.1
MORTH23-13428,2023-08-02,19:10,Tamil Nadu,Chennai,13.0319,80.24976,Clear,Two-Wheeler,Medium,0,2,Wednesday,August,MoRTH_Standardized_v2.1
MORTH23-13429,2023-07-26,09:52,Tamil Nadu,Chennai,13.08826,80.27949,Clear,Two-Wheeler,Medium,0,1,Wednesday,July,MoRTH_Standardized_v2.1
MORTH23-13430,2023-01-29,14:51,Madhya Pradesh,Gwalior,26.19479,78.15778,Cloudy,Car/Jeep/Van,Low,0,2,Sunday,January,MoRTH_Standardized_v2.1
MORTH23-13431,2023-04-22,05:14,Kerala,Kochi,9.97192,76.31033,Rainy,Two-Wheeler,High,1,3,Saturday,April,MoRTH_Standardized_v2.1
MORTH23-13432,2023-05-27,02:08,Telangana,Hyderabad,17.33025,78.48639,Clear,Two-Wheeler,Critical,2,5,Saturday,May,MoRTH_Standardized_v2.1
MORTH23-13433,2023-12-22,13:51,Uttar Pradesh,Agra,27.11929,78.01201,Clear,Car/Jeep/Van,Medium,0,2,Friday,December,MoRTH_Standardized_v2.1
MORTH23-13434,2023-02-01,12:32,Delhi/NCR,Kolkata,22.57511,88.36161,Clear,Auto-Rickshaw,Medium,0,0,Wednesday,February,MoRTH_Standardized_v2.1
MORTH23-13435,2023-04-30,12:27,Tamil Nadu,Coimbatore,11.05228,76.98149,Clear,Truck/Lorry,Medium,0,0,Sunday,April,MoRTH_Standardized_v2.1
MORTH23-13436,2023-10-14,07:07,Kerala,Thiruvananthapuram,8.53543,76.94719,Clear,Truck/Lorry,Low,0,0,Saturday,October,MoRTH_Standardized_v2.1
MORTH23-13437,2023-06-25,11:25,Kerala,Thiruvananthapuram,8.50217,77.02243,Rainy,Auto-Rickshaw,High,0,3,Sunday,June,MoRTH_Standardized_v2.1
MORTH23-13438,2023-03-01,19:02,Delhi/NCR,Guwahati,26.14791,91.74425,Clear,Others,Low,0,2,Wednesday,March,MoRTH_Standardized_v2.1
MORTH23-13439,2023-02-08,09:02,Maharashtra,Mumbai,19.0814,72.82346,Clear,Two-Wheeler,High,0,2,Wednesday,February,MoRTH_Standardized_v2.1
MORTH23-13440,2023-07-25,06:48,Delhi/NCR,Kolkata,22.53348,88.37621,Clear,Bus,Low,0,2,Tuesday,July,MoRTH_Standardized_v2.1
MORTH23-13441,2023-10-07,15:48,Gujarat,Ahmedabad,23.07895,72.56907,Rainy,Two-Wheeler,Critical,3,6,Saturday,October,MoRTH_Standardized_v2.1
MORTH23-13442,2023-07-16,07:57,Tamil Nadu,Madurai,9.92816,78.11223,Clear,Others,Medium,0,2,Sunday,July,MoRTH_Standardized_v2.1
MORTH23-13443,2023-11-28,01:52,Madhya Pradesh,Indore,22.76168,75.85615,Clear,Car/Jeep/Van,Low,0,0,Tuesday,November,MoRTH_Standardized_v2.1
MORTH23-13444,2023-11-02,11:00,Madhya Pradesh,Indore,22.70495,75.85261,Clear,Auto-Rickshaw,Low,0,0,Thursday,November,MoRTH_Standardized_v2.1
MORTH23-13445,2023-11-29,10:07,Rajasthan,Jaipur,26.96219,75.73474,Clear,Others,Low,0,0,Wednesday,November,MoRTH_Standardized_v2.1
MORTH23-13446,2023-03-25,17:34,Maharashtra,Mumbai,19.01301,72.86906,Clear,Car/Jeep/Van,Low,0,2,Saturday,March,MoRTH_Standardized_v2.1
MORTH23-13447,2023-03-23,19:19,Delhi/NCR,Guwahati,26.1475,91.704,Clear,Two-Wheeler,Medium,0,2,Thursday,March,MoRTH_Standardized_v2.1
MORTH23-13448,2023-11-20,12:42,Tamil Nadu,Madurai,9.977,78.11757,Clear,Two-Wheeler,High,1,3,Monday,November,MoRTH_Standardized_v2.1
MORTH23-13449,2023-12-19,21:32,Madhya Pradesh,Gwalior,26.15771,78.1873,Clear,Two-Wheeler,Medium,0,0,Tuesday,December,MoRTH_Standardized_v2.1
MORTH23-13450,2023-08-04,07:01,Kerala,Thiruvananthapuram,8.54433,76.90549,Clear,Two-Wheeler,High,0,2,Friday,August,MoRTH_Standardized_v2.1
MORTH23-13451,2023-10-02,18:04,Karnataka,Mysore,12.30101,76.66658,Clear,Two-Wheeler,Medium,0,0,Monday,October,MoRTH_Standardized_v2.1
MORTH23-13452,2023-11-22,02:34,Madhya Pradesh,Gwalior,26.19505,78.2041,Clear,Car/Jeep/Van,Medium,0,0,Wednesday,November,MoRTH_Standardized_v2.1
MORTH23-13453,2023-01-10,14:55,Delhi/NCR,Kolkata,22.54216,88.30365,Rainy,Car/Jeep/Van,High,0,4,Tuesday,January,MoRTH_Standardized_v2.1
MORTH23-13454,2023-07-16,12:21,Uttar Pradesh,Agra,27.18838,78.02709,Clear,Two-Wheeler,High,1,2,Sunday,July,MoRTH_Standardized_v2.1
MORTH23-13455,2023-02-06,12:07,Tamil Nadu,Coimbatore,10.99537,76.91246,Clear,Car/Jeep/Van,Low,0,0,Monday,February,MoRTH_Standardized_v2.1
MORTH23-13456,2023-08-07,19:11,Uttar Pradesh,Agra,27.18281,77.9617,Clear,Two-Wheeler,High,1,2,Monday,August,MoRTH_Standardized_v2.1
MORTH23-13457,2023-07-30,19:18,Delhi/NCR,Delhi,28.6139,77.26657,Clear,Two-Wheeler,High,0,3,Sunday,July,MoRTH_Standardized_v2.1
MORTH23-13458,2023-10-02,07:10,Delhi/NCR,Delhi,28.59969,77.18593,Rainy,Auto-Rickshaw,High,1,3,Monday,October,MoRTH_Standardized_v2.1
MORTH23-13459,2023-02-23,14:42,Karnataka,Bangalore,12.92397,77.57648,Clear,Auto-Rickshaw,Low,0,0,Thursday,February,MoRTH_Standardized_v2.1
MORTH23-13460,2023-11-05,04:49,Andhra Pradesh,Visakhapatnam,17.66268,83.25531,Clear,Two-Wheeler,High,0,4,Sunday,November,MoRTH_Standardized_v2.1
MORTH23-13461,2023-10-26,04:04,Rajasthan,Jodhpur,26.25264,73.08233,Clear,Truck/Lorry,Medium,0,2,Thursday,October,MoRTH_Standardized_v2.1
MORTH23-13462,2023-08-29,07:30,Delhi/NCR,Guwahati,26.11446,91.75282,Clear,Two-Wheeler,High,1,2,Tuesday,August,MoRTH_Standardized_v2.1
MORTH23-13463,2023-11-01,18:16,Karnataka,Hubli,15.35547,75.13911,Foggy,Truck/Lorry,High,0,2,Wednesday,November,MoRTH_Standardized_v2.1
MORTH23-13464,2023-08-08,17:38,Maharashtra,Mumbai,19.08422,72.89635,Clear,Truck/Lorry,High,1,3,Tuesday,August,MoRTH_Standardized_v2.1
MORTH23-13465,2023-01-03,09:56,Tamil Nadu,Coimbatore,10.99066,76.94923,Clear,Two-Wheeler,Medium,0,1,Tuesday,January,MoRTH_Standardized_v2.1
MORTH23-13466,2023-02-22,22:42,Karnataka,Mysore,12.26041,76.60718,Clear,Others,Medium,0,0,Wednesday,February,MoRTH_Standardized_v2.1
MORTH23-13467,2023-10-05,00:47,Maharashtra,Nagpur,21.14182,79.07985,Clear,Two-Wheeler,High,0,1,Thursday,October,MoRTH_Standardized_v2.1
MORTH23-13468,2023-04-10,23:18,Delhi/NCR,Delhi,28.66693,77.19993,Rainy,Auto-Rickshaw,High,0,2,Monday,April,MoRTH_Standardized_v2.1
MORTH23-13469,2023-03-18,13:08,Andhra Pradesh,Visakhapatnam,17.72498,83.27261,Clear,Car/Jeep/Van,Low,0,1,Saturday,March,MoRTH_Standardized_v2.1
MORTH23-13470,2023-01-20,15:05,Tamil Nadu,Chennai,13.12751,80.24438,Foggy,Two-Wheeler,Critical,1,4,Friday,January,MoRTH_Standardized_v2.1
MORTH23-13471,2023-05-09,21:57,Tamil Nadu,Chennai,13.0546,80.29665,Clear,Truck/Lorry,Low,0,0,Tuesday,May,MoRTH_Standardized_v2.1
MORTH23-13472,2023-12-02,13:14,Telangana,Hyderabad,17.37977,78.44429,Clear,Two-Wheeler,Medium,0,0,Saturday,December,MoRTH_Standardized_v2.1
MORTH23-13473,2023-10-16,09:27,Kerala,Kochi,9.92281,76.2523,Clear,Two-Wheeler,High,0,3,Monday,October,MoRTH_Standardized_v2.1
MORTH23-13474,2023-11-25,20:19,Delhi/NCR,Guwahati,26.12306,91.72516,Rainy,Truck/Lorry,Critical,2,6,Saturday,November,MoRTH_Standardized_v2.1
MORTH23-13475,2023-09-04,13:43,Karnataka,Mysore,12.29751,76.60254,Rainy,Truck/Lorry,High,0,3,Monday,September,MoRTH_Standardized_v2.1
MORTH23-13476,2023-02-19,19:26,Andhra Pradesh,Visakhapatnam,17.6211,83.23926,Clear,Two-Wheeler,High,0,3,Sunday,February,MoRTH_Standardized_v2.1
MORTH23-13477,2023-10-08,12:48,Madhya Pradesh,Gwalior,26.22331,78.13207,Clear,Car/Jeep/Van,Low,0,2,Sunday,October,MoRTH_Standardized_v2.1
MORTH23-13478,2023-04-03,15:32,Delhi/NCR,Guwahati,26.13854,91.76351,Foggy,Others,High,1,2,Monday,April,MoRTH_Standardized_v2.1
MORTH23-13479,2023-09-25,09:44,Delhi/NCR,Delhi,28.58574,77.19349,Foggy,Others,High,0,2,Monday,September,MoRTH_Standardized_v2.1
MORTH23-13480,2023-10-03,14:19,Gujarat,Surat,21.20073,72.804,Rainy,Truck/Lorry,High,1,4,Tuesday,October,MoRTH_Standardized_v2.1
MORTH23-13481,2023-12-17,00:49,Rajasthan,Jodhpur,26.27221,72.98146,Rainy,Car/Jeep/Van,Critical,2,5,Sunday,December,MoRTH_Standardized_v2.1
MORTH23-13482,2023-11-14,10:24,Delhi/NCR,Delhi,28.54778,77.21976,Clear,Truck/Lorry,Medium,0,2,Tuesday,November,MoRTH_Standardized_v2.1
MORTH23-13483,2023-09-17,21:23,Gujarat,Surat,21.16429,72.78489,Rainy,Truck/Lorry,High,1,1,Sunday,September,MoRTH_Standardized_v2.1
MORTH23-13484,2023-09-06,17:44,Telangana,Hyderabad,17.38917,78.51047,Clear,Two-Wheeler,Medium,0,0,Wednesday,September,MoRTH_Standardized_v2.1
MORTH23-13485,2023-04-05,01:37,Karnataka,Bangalore,12.93348,77.59911,Clear,Two-Wheeler,Critical,2,3,Wednesday,April,MoRTH_Standardized_v2.1
MORTH23-13486,2023-01-18,18:46,Karnataka,Mysore,12.35015,76.6879,Clear,Car/Jeep/Van,Medium,0,0,Wednesday,January,MoRTH_Standardized_v2.1
MORTH23-13487,2023-08-22,19:45,Tamil Nadu,Coimbatore,11.00815,76.97491,Clear,Two-Wheeler,High,0,4,Tuesday,August,MoRTH_Standardized_v2.1
MORTH23-13488,2023-01-03,21:01,Uttar Pradesh,Kanpur,26.49592,80.33342,Clear,Truck/Lorry,Medium,0,1,Tuesday,January,MoRTH_Standardized_v2.1
MORTH23-13489,2023-10-28,09:17,Delhi/NCR,Guwahati,26.1495,91.7271,Clear,Car/Jeep/Van,Low,0,1,Saturday,October,MoRTH_Standardized_v2.1
MORTH23-13490,2023-10-07,08:33,Telangana,Warangal,17.99179,79.54461,Clear,Two-Wheeler,Medium,0,0,Saturday,October,MoRTH_Standardized_v2.1
MORTH23-13491,2023-06-19,10:13,Karnataka,Mysore,12.2867,76.62061,Clear,Car/Jeep/Van,Low,0,0,Monday,June,MoRTH_Standardized_v2.1
MORTH23-13492,2023-09-06,15:58,Andhra Pradesh,Visakhapatnam,17.7171,83.21586,Rainy,Two-Wheeler,High,0,2,Wednesday,September,MoRTH_Standardized_v2.1
MORTH23-13493,2023-10-07,05:19,Andhra Pradesh,Vijayawada,16.47316,80.62803,Foggy,Car/Jeep/Van,High,1,1,Saturday,October,MoRTH_Standardized_v2.1
MORTH23-13494,2023-06-13,19:55,Delhi/NCR,Delhi,28.63836,77.20929,Clear,Two-Wheeler,High,0,2,Tuesday,June,MoRTH_Standardized_v2.1
MORTH23-13495,2023-03-17,21:56,Delhi/NCR,Kolkata,22.53442,88.35781,Clear,Car/Jeep/Van,Low,0,0,Friday,March,MoRTH_Standardized_v2.1
MORTH23-13496,2023-11-14,18:19,Karnataka,Hubli,15.36653,75.11512,Clear,Auto-Rickshaw,Low,0,2,Tuesday,November,MoRTH_Standardized_v2.1
MORTH23-13497,2023-07-26,13:43,Maharashtra,Nagpur,21.14154,79.0914,Clear,Truck/Lorry,Low,0,2,Wednesday,July,MoRTH_Standardized_v2.1
MORTH23-13498,2023-10-01,11:20,Delhi/NCR,Delhi,28.60132,77.18714,Rainy,Truck/Lorry,Critical,2,3,Sunday,October,MoRTH_Standardized_v2.1
MORTH23-13499,2023-11-05,16:54,Delhi/NCR,Delhi,28.59531,77.23476,Clear,Two-Wheeler,Medium,0,1,Sunday,November,MoRTH_Standardized_v2.1
MORTH23-13500,2023-07-26,15:51,Tamil Nadu,Madurai,9.95713,78.15138,Rainy,Others,Medium,0,1,Wednesday,July,MoRTH_Standardized_v2.1
MORTH23-13501,2023-10-02,15:35,Delhi/NCR,Kolkata,22.54731,88.36475,Cloudy,Two-Wheeler,Medium,0,0,Monday,October,MoRTH_Standardized_v2.1
MORTH23-13502,2023-05-10,12:20,Delhi/NCR,Delhi,28.57966,77.20084,Rainy,Bus,Medium,0,2,Wednesday,May,MoRTH_Standardized_v2.1
MORTH23-13503,2023-11-01,16:47,Madhya Pradesh,Indore,22.71122,75.84553,Clear,Two-Wheeler,Medium,0,2,Wednesday,November,MoRTH_Standardized_v2.1
MORTH23-13504,2023-02-13,11:03,Kerala,Kozhikode,11.2673,75.77083,Clear,Two-Wheeler,High,1,3,Monday,February,MoRTH_Standardized_v2.1
MORTH23-13505,2023-07-28,09:15,Madhya Pradesh,Indore,22.72562,75.82614,Clear,Car/Jeep/Van,Low,0,0,Friday,July,MoRTH_Standardized_v2.1
MORTH23-13506,2023-11-04,16:12,Kerala,Thiruvananthapuram,8.5512,76.95935,Clear,Truck/Lorry,Medium,0,2,Saturday,November,MoRTH_Standardized_v2.1
MORTH23-13507,2023-02-20,19:56,Madhya Pradesh,Bhopal,23.27959,77.45868,Foggy,Truck/Lorry,Critical,2,5,Monday,February,MoRTH_Standardized_v2.1
MORTH23-13508,2023-09-17,07:05,Kerala,Kozhikode,11.25666,75.79021,Clear,Two-Wheeler,Medium,0,0,Sunday,September,MoRTH_Standardized_v2.1
MORTH23-13509,2023-08-19,04:16,Gujarat,Surat,21.13542,72.84358,Clear,Two-Wheeler,High,0,4,Saturday,August,MoRTH_Standardized_v2.1
MORTH23-13510,2023-01-11,16:25,Kerala,Kochi,9.92683,76.26047,Clear,Others,Low,0,2,Wednesday,January,MoRTH_Standardized_v2.1
MORTH23-13511,2023-12-31,15:29,Uttar Pradesh,Lucknow,26.85401,80.9725,Foggy,Car/Jeep/Van,Medium,0,1,Sunday,December,MoRTH_Standardized_v2.1
MORTH23-13512,2023-08-04,17:48,Delhi/NCR,Guwahati,26.16274,91.67818,Clear,Bus,Low,0,1,Friday,August,MoRTH_Standardized_v2.1
MORTH23-13513,2023-08-05,20:46,Telangana,Hyderabad,17.3933,78.51366,Clear,Bus,Low,0,0,Saturday,August,MoRTH_Standardized_v2.1
MORTH23-13514,2023-03-14,09:00,Tamil Nadu,Madurai,9.91536,78.13049,Clear,Truck/Lorry,Medium,0,1,Tuesday,March,MoRTH_Standardized_v2.1
MORTH23-13515,2023-05-25,07:31,Karnataka,Mysore,12.27272,76.6533,Clear,Two-Wheeler,Medium,0,0,Thursday,May,MoRTH_Standardized_v2.1
MORTH23-13516,2023-12-10,18:50,Tamil Nadu,Chennai,13.04138,80.24425,Clear,Truck/Lorry,Low,0,2,Sunday,December,MoRTH_Standardized_v2.1
MORTH23-13517,2023-10-30,04:06,Gujarat,Ahmedabad,23.00145,72.56667,Clear,Truck/Lorry,High,1,2,Monday,October,MoRTH_Standardized_v2.1
MORTH23-13518,2023-12-17,20:20,Madhya Pradesh,Gwalior,26.23674,78.15967,Clear,Truck/Lorry,High,1,4,Sunday,December,MoRTH_Standardized_v2.1
MORTH23-13519,2023-08-13,14:50,Kerala,Thiruvananthapuram,8.52891,76.87571,Clear,Two-Wheeler,Medium,0,1,Sunday,August,MoRTH_Standardized_v2.1
MORTH23-13520,2023-05-25,16:02,Tamil Nadu,Madurai,9.93369,78.19286,Clear,Two-Wheeler,Medium,0,2,Thursday,May,MoRTH_Standardized_v2.1
MORTH23-13521,2023-08-03,11:34,Delhi/NCR,Guwahati,26.17511,91.7346,Clear,Two-Wheeler,High,0,3,Thursday,August,MoRTH_Standardized_v2.1
MORTH23-13522,2023-08-20,15:17,Kerala,Kochi,9.90561,76.28895,Clear,Others,Low,0,1,Sunday,August,MoRTH_Standardized_v2.1
MORTH23-13523,2023-06-06,04:58,Rajasthan,Jodhpur,26.25001,73.00762,Clear,Two-Wheeler,High,0,3,Tuesday,June,MoRTH_Standardized_v2.1
MORTH23-13524,2023-01-25,00:42,Madhya Pradesh,Bhopal,23.26421,77.41339,Clear,Two-Wheeler,Critical,1,3,Wednesday,January,MoRTH_Standardized_v2.1
MORTH23-13525,2023-04-20,09:26,Uttar Pradesh,Kanpur,26.43973,80.31869,Clear,Two-Wheeler,High,1,1,Thursday,April,MoRTH_Standardized_v2.1
MORTH23-13526,2023-01-22,15:26,Maharashtra,Pune,18.48802,73.90773,Clear,Auto-Rickshaw,Low,0,1,Sunday,January,MoRTH_Standardized_v2.1
MORTH23-13527,2023-09-01,02:48,Delhi/NCR,Kolkata,22.59519,88.37427,Cloudy,Two-Wheeler,Critical,1,4,Friday,September,MoRTH_Standardized_v2.1
MORTH23-13528,2023-09-02,19:23,Andhra Pradesh,Vijayawada,16.42874,80.64604,Cloudy,Truck/Lorry,High,0,4,Saturday,September,MoRTH_Standardized_v2.1
MORTH23-13529,2023-04-19,04:52,Tamil Nadu,Coimbatore,11.03029,76.9725,Clear,Two-Wheeler,Critical,3,2,Wednesday,April,MoRTH_Standardized_v2.1
MORTH23-13530,2023-07-11,04:58,Andhra Pradesh,Visakhapatnam,17.66427,83.21498,Foggy,Two-Wheeler,Critical,2,5,Tuesday,July,MoRTH_Standardized_v2.1
MORTH23-13531,2023-12-17,21:06,Tamil Nadu,Chennai,13.08886,80.28876,Rainy,Two-Wheeler,Critical,1,6,Sunday,December,MoRTH_Standardized_v2.1
MORTH23-13532,2023-10-29,01:30,Uttar Pradesh,Agra,27.11928,77.99991,Clear,Two-Wheeler,Critical,2,5,Sunday,October,MoRTH_Standardized_v2.1
MORTH23-13533,2023-12-05,14:19,Andhra Pradesh,Vijayawada,16.53238,80.60634,Cloudy,Two-Wheeler,High,0,2,Tuesday,December,MoRTH_Standardized_v2.1
MORTH23-13534,2023-06-06,23:41,Kerala,Kochi,9.96563,76.29145,Clear,Two-Wheeler,High,1,2,Tuesday,June,MoRTH_Standardized_v2.1
MORTH23-13535,2023-04-09,03:12,Tamil Nadu,Chennai,13.0943,80.25493,Clear,Car/Jeep/Van,Low,0,0,Sunday,April,MoRTH_Standardized_v2.1
MORTH23-13536,2023-01-28,12:37,Delhi/NCR,Guwahati,26.19198,91.68846,Foggy,Auto-Rickshaw,High,0,3,Saturday,January,MoRTH_Standardized_v2.1
MORTH23-13537,2023-06-24,21:24,Uttar Pradesh,Agra,27.16719,77.99191,Clear,Truck/Lorry,Low,0,1,Saturday,June,MoRTH_Standardized_v2.1
MORTH23-13538,2023-03-09,17:07,Rajasthan,Jaipur,26.91664,75.79342,Clear,Two-Wheeler,Medium,0,1,Thursday,March,MoRTH_Standardized_v2.1
MORTH23-13539,2023-04-18,18:28,Rajasthan,Jodhpur,26.26723,73.02747,Clear,Two-Wheeler,High,0,3,Tuesday,April,MoRTH_Standardized_v2.1
MORTH23-13540,2023-11-25,04:27,Delhi/NCR,Guwahati,26.13118,91.73645,Clear,Auto-Rickshaw,Medium,0,1,Saturday,November,MoRTH_Standardized_v2.1
MORTH23-13541,2023-03-05,00:56,Tamil Nadu,Chennai,13.10181,80.20944,Clear,Others,Medium,0,1,Sunday,March,MoRTH_Standardized_v2.1
MORTH23-13542,2023-08-02,02:50,Tamil Nadu,Coimbatore,10.99318,76.93605,Foggy,Truck/Lorry,Critical,3,2,Wednesday,August,MoRTH_Standardized_v2.1
MORTH23-13543,2023-09-05,15:31,Telangana,Warangal,17.93517,79.54821,Clear,Two-Wheeler,Medium,0,2,Tuesday,September,MoRTH_Standardized_v2.1
MORTH23-13544,2023-01-02,20:11,Tamil Nadu,Coimbatore,10.98465,76.96712,Clear,Two-Wheeler,Medium,0,1,Monday,January,MoRTH_Standardized_v2.1
MORTH23-13545,2023-04-15,08:51,Delhi/NCR,Guwahati,26.11089,91.76469,Clear,Two-Wheeler,High,0,1,Saturday,April,MoRTH_Standardized_v2.1
MORTH23-13546,2023-08-01,15:15,Maharashtra,Mumbai,19.12677,72.88158,Clear,Truck/Lorry,Medium,0,1,Tuesday,August,MoRTH_Standardized_v2.1
MORTH23-13547,2023-06-23,14:04,Tamil Nadu,Madurai,9.9645,78.13871,Clear,Truck/Lorry,High,1,3,Friday,June,MoRTH_Standardized_v2.1
MORTH23-13548,2023-04-08,08:13,Delhi/NCR,Kolkata,22.60566,88.35806,Cloudy,Two-Wheeler,Medium,0,2,Saturday,April,MoRTH_Standardized_v2.1
MORTH23-13549,2023-05-21,13:21,Delhi/NCR,Kolkata,22.61057,88.34967,Clear,Two-Wheeler,Medium,0,2,Sunday,May,MoRTH_Standardized_v2.1
MORTH23-13550,2023-04-15,16:29,Gujarat,Ahmedabad,22.98789,72.61299,Rainy,Two-Wheeler,Critical,1,3,Saturday,April,MoRTH_Standardized_v2.1
MORTH23-13551,2023-09-14,12:55,Gujarat,Surat,21.23145,72.81134,Cloudy,Two-Wheeler,High,0,4,Thursday,September,MoRTH_Standardized_v2.1
MORTH23-13552,2023-12-06,11:08,Delhi/NCR,Delhi,28.57941,77.21451,Clear,Two-Wheeler,High,0,3,Wednesday,December,MoRTH_Standardized_v2.1
MORTH23-13553,2023-08-23,21:20,Madhya Pradesh,Gwalior,26.2405,78.19176,Clear,Auto-Rickshaw,Low,0,0,Wednesday,August,MoRTH_Standardized_v2.1
MORTH23-13554,2023-07-22,08:55,Rajasthan,Jaipur,26.89801,75.78168,Clear,Car/Jeep/Van,Medium,0,1,Saturday,July,MoRTH_Standardized_v2.1
MORTH23-13555,2023-03-06,01:20,Delhi/NCR,Kolkata,22.49917,88.367,Clear,Bus,High,0,4,Monday,March,MoRTH_Standardized_v2.1
MORTH23-13556,2023-12-11,22:29,Maharashtra,Mumbai,19.07753,72.88188,Clear,Truck/Lorry,Medium,0,2,Monday,December,MoRTH_Standardized_v2.1
MORTH23-13557,2023-06-28,14:15,Karnataka,Hubli,15.34551,75.10601,Cloudy,Others,Low,0,0,Wednesday,June,MoRTH_Standardized_v2.1
MORTH23-13558,2023-12-19,07:58,Madhya Pradesh,Bhopal,23.2463,77.3624,Clear,Two-Wheeler,High,1,4,Tuesday,December,MoRTH_Standardized_v2.1
MORTH23-13559,2023-11-02,10:26,Delhi/NCR,Kolkata,22.59247,88.36554,Clear,Truck/Lorry,High,0,4,Thursday,November,MoRTH_Standardized_v2.1
MORTH23-13560,2023-06-25,12:25,Tamil Nadu,Madurai,9.88398,78.15534,Clear,Car/Jeep/Van,Low,0,2,Sunday,June,MoRTH_Standardized_v2.1
MORTH23-13561,2023-05-02,13:53,Tamil Nadu,Madurai,9.9142,78.10085,Clear,Others,Low,0,2,Tuesday,May,MoRTH_Standardized_v2.1
MORTH23-13562,2023-05-12,18:08,Tamil Nadu,Madurai,9.97096,78.10841,Clear,Car/Jeep/Van,Low,0,1,Friday,May,MoRTH_Standardized_v2.1
MORTH23-13563,2023-07-06,17:13,Uttar Pradesh,Agra,27.16485,78.00742,Clear,Auto-Rickshaw,Medium,0,1,Thursday,July,MoRTH_Standardized_v2.1
MORTH23-13564,2023-06-14,07:45,Maharashtra,Nagpur,21.09518,79.10416,Clear,Two-Wheeler,High,1,3,Wednesday,June,MoRTH_Standardized_v2.1
MORTH23-13565,2023-06-28,17:57,Delhi/NCR,Kolkata,22.61502,88.40917,Clear,Two-Wheeler,High,0,3,Wednesday,June,MoRTH_Standardized_v2.1
MORTH23-13566,2023-08-29,17:16,Kerala,Kochi,9.88452,76.27958,Clear,Two-Wheeler,Medium,0,2,Tuesday,August,MoRTH_Standardized_v2.1
MORTH23-13567,2023-07-29,12:14,Delhi/NCR,Delhi,28.64836,77.19994,Clear,Two-Wheeler,High,0,3,Saturday,July,MoRTH_Standardized_v2.1
MORTH23-13568,2023-10-31,18:37,Delhi/NCR,Kolkata,22.5715,88.37241,Clear,Two-Wheeler,High,0,1,Tuesday,October,MoRTH_Standardized_v2.1
MORTH23-13569,2023-04-19,22:34,Karnataka,Hubli,15.30871,75.12329,Clear,Two-Wheeler,High,1,3,Wednesday,April,MoRTH_Standardized_v2.1
MORTH23-13570,2023-10-14,11:14,Delhi/NCR,Delhi,28.60046,77.22115,Clear,Car/Jeep/Van,Low,0,0,Saturday,October,MoRTH_Standardized_v2.1
MORTH23-13571,2023-10-19,02:22,Tamil Nadu,Coimbatore,11.02915,76.93754,Cloudy,Bus,Low,0,2,Thursday,October,MoRTH_Standardized_v2.1
MORTH23-13572,2023-01-31,21:53,Tamil Nadu,Chennai,13.10063,80.30767,Clear,Truck/Lorry,Medium,0,0,Tuesday,January,MoRTH_Standardized_v2.1
MORTH23-13573,2023-06-12,06:53,Uttar Pradesh,Lucknow,26.88395,80.9455,Clear,Two-Wheeler,Medium,0,1,Monday,June,MoRTH_Standardized_v2.1
MORTH23-13574,2023-07-07,07:34,Delhi/NCR,Delhi,28.57968,77.21859,Cloudy,Auto-Rickshaw,Low,0,1,Friday,July,MoRTH_Standardized_v2.1
MORTH23-13575,2023-08-27,04:06,Tamil Nadu,Coimbatore,10.99823,76.99685,Clear,Auto-Rickshaw,Medium,0,2,Sunday,August,MoRTH_Standardized_v2.1
MORTH23-13576,2023-09-26,20:40,Delhi/NCR,Delhi,28.626,77.24472,Rainy,Two-Wheeler,Critical,2,6,Tuesday,September,MoRTH_Standardized_v2.1
MORTH23-13577,2023-06-30,17:19,Telangana,Hyderabad,17.40322,78.45672,Clear,Two-Wheeler,High,0,4,Friday,June,MoRTH_Standardized_v2.1
MORTH23-13578,2023-04-11,11:02,Tamil Nadu,Coimbatore,10.98428,76.94782,Clear,Two-Wheeler,Medium,0,2,Tuesday,April,MoRTH_Standardized_v2.1
MORTH23-13579,2023-01-06,16:59,Maharashtra,Nagpur,21.12845,79.10045,Clear,Bus,Low,0,0,Friday,January,MoRTH_Standardized_v2.1
MORTH23-13580,2023-04-10,09:50,Karnataka,Hubli,15.37193,75.14635,Clear,Two-Wheeler,High,0,4,Monday,April,MoRTH_Standardized_v2.1
MORTH23-13581,2023-11-13,20:14,Andhra Pradesh,Visakhapatnam,17.68101,83.21684,Cloudy,Two-Wheeler,Medium,0,1,Monday,November,MoRTH_Standardized_v2.1
MORTH23-13582,2023-05-29,14:17,Tamil Nadu,Madurai,9.97961,78.11597,Foggy,Auto-Rickshaw,High,1,3,Monday,May,MoRTH_Standardized_v2.1
MORTH23-13583,2023-06-14,16:36,Tamil Nadu,Coimbatore,11.06067,76.93333,Rainy,Auto-Rickshaw,High,0,2,Wednesday,June,MoRTH_Standardized_v2.1
MORTH23-13584,2023-01-25,19:21,Telangana,Warangal,17.93359,79.56541,Clear,Others,Low,0,2,Wednesday,January,MoRTH_Standardized_v2.1
MORTH23-13585,2023-08-12,20:26,Delhi/NCR,Guwahati,26.16833,91.7786,Clear,Two-Wheeler,Medium,0,0,Saturday,August,MoRTH_Standardized_v2.1
MORTH23-13586,2023-07-13,04:55,Kerala,Kozhikode,11.26005,75.7802,Clear,Two-Wheeler,Critical,2,4,Thursday,July,MoRTH_Standardized_v2.1
MORTH23-13587,2023-10-12,00:25,Kerala,Kochi,9.93991,76.26256,Cloudy,Car/Jeep/Van,High,0,1,Thursday,October,MoRTH_Standardized_v2.1
MORTH23-13588,2023-08-08,16:49,Uttar Pradesh,Agra,27.14232,78.01164,Clear,Two-Wheeler,High,0,4,Tuesday,August,MoRTH_Standardized_v2.1
MORTH23-13589,2023-12-18,10:54,Karnataka,Mysore,12.32867,76.6202,Foggy,Car/Jeep/Van,High,0,1,Monday,December,MoRTH_Standardized_v2.1
MORTH23-13590,2023-11-16,17:26,Madhya Pradesh,Indore,22.72191,75.8654,Clear,Two-Wheeler,Medium,0,0,Thursday,November,MoRTH_Standardized_v2.1
MORTH23-13591,2023-03-11,18:44,Andhra Pradesh,Visakhapatnam,17.64832,83.19047,Cloudy,Car/Jeep/Van,Low,0,1,Saturday,March,MoRTH_Standardized_v2.1
MORTH23-13592,2023-01-01,03:50,Karnataka,Bangalore,13.00266,77.61437,Clear,Car/Jeep/Van,High,0,4,Sunday,January,MoRTH_Standardized_v2.1
MORTH23-13593,2023-05-10,13:20,Delhi/NCR,Kolkata,22.58248,88.30244,Clear,Truck/Lorry,High,0,3,Wednesday,May,MoRTH_Standardized_v2.1
MORTH23-13594,2023-01-25,08:45,Delhi/NCR,Guwahati,26.11635,91.72882,Rainy,Two-Wheeler,Critical,1,6,Wednesday,January,MoRTH_Standardized_v2.1
MORTH23-13595,2023-06-02,15:41,Kerala,Kozhikode,11.24848,75.74619,Clear,Two-Wheeler,High,0,3,Friday,June,MoRTH_Standardized_v2.1
MORTH23-13596,2023-05-30,21:23,Delhi/NCR,Kolkata,22.59123,88.32692,Clear,Bus,Low,0,0,Tuesday,May,MoRTH_Standardized_v2.1
MORTH23-13597,2023-11-23,20:43,Delhi/NCR,Kolkata,22.53355,88.41273,Clear,Two-Wheeler,High,1,2,Thursday,November,MoRTH_Standardized_v2.1
MORTH23-13598,2023-06-21,11:21,Maharashtra,Nagpur,21.11653,79.11066,Foggy,Bus,Medium,0,1,Wednesday,June,MoRTH_Standardized_v2.1
MORTH23-13599,2023-10-28,06:23,Tamil Nadu,Coimbatore,11.03324,77.03847,Clear,Bus,Low,0,2,Saturday,October,MoRTH_Standardized_v2.1
MORTH23-13600,2023-01-12,05:20,Delhi/NCR,Kolkata,22.54692,88.34838,Clear,Two-Wheeler,Medium,0,0,Thursday,January,MoRTH_Standardized_v2.1
MORTH23-13601,2023-02-20,18:31,Delhi/NCR,Guwahati,26.14404,91.70505,Clear,Truck/Lorry,Medium,0,0,Monday,February,MoRTH_Standardized_v2.1
MORTH23-13602,2023-07-16,15:52,Uttar Pradesh,Lucknow,26.86015,80.95766,Clear,Two-Wheeler,High,0,1,Sunday,July,MoRTH_Standardized_v2.1
MORTH23-13603,2023-10-31,11:29,Delhi/NCR,Guwahati,26.12333,91.71241,Clear,Bus,Low,0,2,Tuesday,October,MoRTH_Standardized_v2.1
MORTH23-13604,2023-05-10,23:16,Maharashtra,Mumbai,19.00816,72.82199,Clear,Two-Wheeler,Critical,2,2,Wednesday,May,MoRTH_Standardized_v2.1
MORTH23-13605,2023-05-15,12:58,Maharashtra,Mumbai,19.04796,72.91146,Clear,Two-Wheeler,High,0,2,Monday,May,MoRTH_Standardized_v2.1
MORTH23-13606,2023-08-22,15:49,Andhra Pradesh,Visakhapatnam,17.66903,83.19198,Clear,Two-Wheeler,Medium,0,0,Tuesday,August,MoRTH_Standardized_v2.1
MORTH23-13607,2023-01-18,19:57,Uttar Pradesh,Lucknow,26.87025,80.94692,Clear,Two-Wheeler,High,0,2,Wednesday,January,MoRTH_Standardized_v2.1
MORTH23-13608,2023-11-22,19:42,Andhra Pradesh,Vijayawada,16.50616,80.62907,Clear,Others,Low,0,2,Wednesday,November,MoRTH_Standardized_v2.1
MORTH23-13609,2023-07-02,01:19,Uttar Pradesh,Agra,27.19876,78.02736,Clear,Others,Low,0,1,Sunday,July,MoRTH_Standardized_v2.1
MORTH23-13610,2023-11-13,00:02,Rajasthan,Jodhpur,26.18811,72.98529,Clear,Truck/Lorry,High,0,2,Monday,November,MoRTH_Standardized_v2.1
MORTH23-13611,2023-08-18,18:35,Andhra Pradesh,Vijayawada,16.56459,80.66452,Foggy,Car/Jeep/Van,Medium,0,1,Friday,August,MoRTH_Standardized_v2.1
MORTH23-13612,2023-12-06,09:45,Kerala,Kochi,9.93394,76.29951,Cloudy,Two-Wheeler,Medium,0,2,Wednesday,December,MoRTH_Standardized_v2.1
MORTH23-13613,2023-02-17,12:05,Uttar Pradesh,Agra,27.14667,78.00131,Foggy,Two-Wheeler,Critical,1,6,Friday,February,MoRTH_Standardized_v2.1
MORTH23-13614,2023-09-06,15:25,Uttar Pradesh,Agra,27.1337,78.04128,Cloudy,Two-Wheeler,High,1,4,Wednesday,September,MoRTH_Standardized_v2.1
MORTH23-13615,2023-12-17,16:47,Delhi/NCR,Delhi,28.61453,77.22826,Clear,Car/Jeep/Van,Medium,0,1,Sunday,December,MoRTH_Standardized_v2.1
MORTH23-13616,2023-06-21,15:49,Maharashtra,Pune,18.54182,73.87286,Clear,Two-Wheeler,High,1,1,Wednesday,June,MoRTH_Standardized_v2.1
MORTH23-13617,2023-09-19,12:44,Telangana,Warangal,17.97109,79.60017,Clear,Others,Low,0,1,Tuesday,September,MoRTH_Standardized_v2.1
MORTH23-13618,2023-10-24,16:22,Delhi/NCR,Guwahati,26.20168,91.69979,Clear,Auto-Rickshaw,Low,0,1,Tuesday,October,MoRTH_Standardized_v2.1
MORTH23-13619,2023-03-24,01:15,Madhya Pradesh,Bhopal,23.23428,77.42355,Clear,Others,Medium,0,1,Friday,March,MoRTH_Standardized_v2.1
MORTH23-13620,2023-08-18,10:11,Maharashtra,Pune,18.52627,73.88664,Cloudy,Two-Wheeler,High,1,2,Friday,August,MoRTH_Standardized_v2.1
MORTH23-13621,2023-09-02,19:56,Delhi/NCR,Guwahati,26.13906,91.78974,Foggy,Auto-Rickshaw,Medium,0,0,Saturday,September,MoRTH_Standardized_v2.1
MORTH23-13622,2023-12-23,10:56,Madhya Pradesh,Gwalior,26.2168,78.12285,Clear,Truck/Lorry,Medium,0,0,Saturday,December,MoRTH_Standardized_v2.1
MORTH23-13623,2023-06-08,21:54,Delhi/NCR,Kolkata,22.59162,88.40378,Clear,Car/Jeep/Van,Low,0,1,Thursday,June,MoRTH_Standardized_v2.1
MORTH23-13624,2023-03-15,07:41,Kerala,Kozhikode,11.28368,75.78805,Clear,Two-Wheeler,Medium,0,0,Wednesday,March,MoRTH_Standardized_v2.1
MORTH23-13625,2023-10-23,19:53,Delhi/NCR,Delhi,28.66076,77.27229,Clear,Others,Low,0,2,Monday,October,MoRTH_Standardized_v2.1
MORTH23-13626,2023-10-11,14:23,Tamil Nadu,Coimbatore,10.97364,76.97942,Clear,Two-Wheeler,High,1,4,Wednesday,October,MoRTH_Standardized_v2.1
MORTH23-13627,2023-10-16,11:39,Madhya Pradesh,Indore,22.7338,75.84542,Foggy,Car/Jeep/Van,High,0,3,Monday,October,MoRTH_Standardized_v2.1
MORTH23-13628,2023-03-29,07:30,Delhi/NCR,Delhi,28.60792,77.19419,Clear,Car/Jeep/Van,Medium,0,2,Wednesday,March,MoRTH_Standardized_v2.1
MORTH23-13629,2023-04-13,21:17,Tamil Nadu,Chennai,13.10651,80.27752,Clear,Two-Wheeler,High,1,4,Thursday,April,MoRTH_Standardized_v2.1
MORTH23-13630,2023-10-27,15:51,Madhya Pradesh,Indore,22.75399,75.83051,Foggy,Bus,Medium,0,0,Friday,October,MoRTH_Standardized_v2.1
MORTH23-13631,2023-09-13,20:40,Madhya Pradesh,Indore,22.71016,75.87122,Clear,Bus,Low,0,1,Wednesday,September,MoRTH_Standardized_v2.1
MORTH23-13632,2023-01-29,12:57,Telangana,Hyderabad,17.42485,78.49366,Cloudy,Car/Jeep/Van,Low,0,0,Sunday,January,MoRTH_Standardized_v2.1
MORTH23-13633,2023-07-19,07:47,Tamil Nadu,Coimbatore,11.039,76.95738,Clear,Two-Wheeler,Medium,0,0,Wednesday,July,MoRTH_Standardized_v2.1
MORTH23-13634,2023-04-08,14:51,Telangana,Hyderabad,17.40406,78.52946,Clear,Two-Wheeler,High,0,3,Saturday,April,MoRTH_Standardized_v2.1
MORTH23-13635,2023-03-04,17:50,Kerala,Kochi,9.93738,76.25827,Foggy,Others,High,0,1,Saturday,March,MoRTH_Standardized_v2.1
MORTH23-13636,2023-01-03,15:20,Madhya Pradesh,Gwalior,26.17355,78.18142,Clear,Two-Wheeler,High,0,2,Tuesday,January,MoRTH_Standardized_v2.1
MORTH23-13637,2023-02-20,23:59,Delhi/NCR,Guwahati,26.18333,91.7189,Clear,Car/Jeep/Van,Medium,0,1,Monday,February,MoRTH_Standardized_v2.1
MORTH23-13638,2023-05-26,19:14,Madhya Pradesh,Gwalior,26.30849,78.15149,Foggy,Bus,High,0,2,Friday,May,MoRTH_Standardized_v2.1
MORTH23-13639,2023-03-19,16:46,Delhi/NCR,Kolkata,22.52228,88.36695,Rainy,Car/Jeep/Van,Medium,0,2,Sunday,March,MoRTH_Standardized_v2.1
MORTH23-13640,2023-09-12,11:23,Uttar Pradesh,Kanpur,26.44547,80.35884,Clear,Truck/Lorry,Medium,0,0,Tuesday,September,MoRTH_Standardized_v2.1
MORTH23-13641,2023-08-26,19:04,Uttar Pradesh,Lucknow,26.81334,80.94189,Clear,Car/Jeep/Van,Low,0,1,Saturday,August,MoRTH_Standardized_v2.1
MORTH23-13642,2023-07-05,01:05,Uttar Pradesh,Kanpur,26.45852,80.35028,Clear,Two-Wheeler,Critical,3,5,Wednesday,July,MoRTH_Standardized_v2.1
MORTH23-13643,2023-01-14,16:56,Maharashtra,Pune,18.56363,73.83094,Clear,Two-Wheeler,High,0,2,Saturday,January,MoRTH_Standardized_v2.1
MORTH23-13644,2023-04-17,12:52,Delhi/NCR,Kolkata,22.56354,88.36445,Clear,Two-Wheeler,High,0,4,Monday,April,MoRTH_Standardized_v2.1
MORTH23-13645,2023-07-18,20:05,Kerala,Kozhikode,11.24649,75.7503,Clear,Two-Wheeler,Medium,0,2,Tuesday,July,MoRTH_Standardized_v2.1
MORTH23-13646,2023-03-31,02:05,Karnataka,Bangalore,12.93596,77.5606,Clear,Two-Wheeler,High,0,2,Friday,March,MoRTH_Standardized_v2.1
MORTH23-13647,2023-05-11,22:07,Uttar Pradesh,Kanpur,26.42302,80.36681,Cloudy,Two-Wheeler,High,0,4,Thursday,May,MoRTH_Standardized_v2.1
MORTH23-13648,2023-12-14,16:57,Tamil Nadu,Madurai,9.92207,78.12335,Clear,Two-Wheeler,Medium,0,1,Thursday,December,MoRTH_Standardized_v2.1
MORTH23-13649,2023-06-07,15:13,Tamil Nadu,Chennai,13.04614,80.20089,Clear,Two-Wheeler,Medium,0,2,Wednesday,June,MoRTH_Standardized_v2.1
MORTH23-13650,2023-01-01,21:28,Kerala,Kochi,9.91802,76.29639,Clear,Two-Wheeler,High,1,4,Sunday,January,MoRTH_Standardized_v2.1
MORTH23-13651,2023-06-28,06:09,Madhya Pradesh,Indore,22.73175,75.84209,Clear,Car/Jeep/Van,Medium,0,2,Wednesday,June,MoRTH_Standardized_v2.1
MORTH23-13652,2023-01-29,17:39,Madhya Pradesh,Bhopal,23.27046,77.36655,Clear,Two-Wheeler,High,0,4,Sunday,January,MoRTH_Standardized_v2.1
MORTH23-13653,2023-08-24,20:12,Kerala,Kochi,9.91087,76.26153,Clear,Two-Wheeler,Medium,0,2,Thursday,August,MoRTH_Standardized_v2.1
MORTH23-13654,2023-11-06,17:10,Tamil Nadu,Coimbatore,11.0288,76.97864,Foggy,Two-Wheeler,High,0,2,Monday,November,MoRTH_Standardized_v2.1
MORTH23-13655,2023-06-06,18:24,Delhi/NCR,Delhi,28.5842,77.20738,Clear,Two-Wheeler,Medium,0,2,Tuesday,June,MoRTH_Standardized_v2.1
MORTH23-13656,2023-08-05,08:09,Maharashtra,Nagpur,21.14105,79.08622,Clear,Others,Low,0,2,Saturday,August,MoRTH_Standardized_v2.1
MORTH23-13657,2023-06-16,21:13,Delhi/NCR,Kolkata,22.59473,88.31108,Clear,Others,Medium,0,1,Friday,June,MoRTH_Standardized_v2.1
MORTH23-13658,2023-11-09,21:01,Telangana,Warangal,17.99148,79.60413,Clear,Truck/Lorry,Medium,0,2,Thursday,November,MoRTH_Standardized_v2.1
MORTH23-13659,2023-07-07,09:23,Telangana,Hyderabad,17.37038,78.47756,Clear,Two-Wheeler,Medium,0,2,Friday,July,MoRTH_Standardized_v2.1
MORTH23-13660,2023-01-16,18:55,Karnataka,Bangalore,12.96727,77.60588,Clear,Two-Wheeler,Medium,0,2,Monday,January,MoRTH_Standardized_v2.1
MORTH23-13661,2023-08-15,16:34,Telangana,Warangal,17.99573,79.59992,Clear,Car/Jeep/Van,Low,0,2,Tuesday,August,MoRTH_Standardized_v2.1
MORTH23-13662,2023-06-18,22:56,Rajasthan,Jodhpur,26.18797,72.98412,Cloudy,Bus,High,0,2,Sunday,June,MoRTH_Standardized_v2.1
MORTH23-13663,2023-04-18,08:41,Uttar Pradesh,Lucknow,26.82508,80.88278,Clear,Two-Wheeler,Medium,0,0,Tuesday,April,MoRTH_Standardized_v2.1
MORTH23-13664,2023-01-10,23:31,Delhi/NCR,Delhi,28.63131,77.15255,Foggy,Car/Jeep/Van,High,1,4,Tuesday,January,MoRTH_Standardized_v2.1
MORTH23-13665,2023-04-15,08:45,Karnataka,Bangalore,13.0293,77.587,Clear,Bus,Medium,0,0,Saturday,April,MoRTH_Standardized_v2.1
MORTH23-13666,2023-01-06,21:27,Uttar Pradesh,Lucknow,26.8515,80.95843,Clear,Two-Wheeler,High,0,4,Friday,January,MoRTH_Standardized_v2.1
MORTH23-13667,2023-02-25,20:07,Tamil Nadu,Madurai,9.95147,78.10943,Rainy,Two-Wheeler,Critical,3,5,Saturday,February,MoRTH_Standardized_v2.1
MORTH23-13668,2023-08-07,02:41,Delhi/NCR,Kolkata,22.52961,88.37897,Clear,Car/Jeep/Van,Medium,0,1,Monday,August,MoRTH_Standardized_v2.1
MORTH23-13669,2023-04-04,15:48,Delhi/NCR,Delhi,28.62854,77.14823,Clear,Truck/Lorry,Low,0,0,Tuesday,April,MoRTH_Standardized_v2.1
MORTH23-13670,2023-08-03,16:39,Delhi/NCR,Kolkata,22.54729,88.34903,Rainy,Two-Wheeler,Critical,3,6,Thursday,August,MoRTH_Standardized_v2.1
MORTH23-13671,2023-01-15,19:56,Rajasthan,Jodhpur,26.18541,73.03588,Foggy,Two-Wheeler,High,1,2,Sunday,January,MoRTH_Standardized_v2.1
MORTH23-13672,2023-12-18,21:59,Madhya Pradesh,Gwalior,26.22804,78.17275,Clear,Bus,Medium,0,2,Monday,December,MoRTH_Standardized_v2.1
MORTH23-13673,2023-08-27,05:18,Telangana,Hyderabad,17.40111,78.46133,Cloudy,Two-Wheeler,High,0,2,Sunday,August,MoRTH_Standardized_v2.1
MORTH23-13674,2023-02-18,21:01,Maharashtra,Nagpur,21.14581,79.03438,Clear,Bus,Low,0,0,Saturday,February,MoRTH_Standardized_v2.1
MORTH23-13675,2023-02-25,18:45,Delhi/NCR,Guwahati,26.09773,91.78302,Clear,Truck/Lorry,High,0,2,Saturday,February,MoRTH_Standardized_v2.1
MORTH23-13676,2023-12-06,09:05,Kerala,Kozhikode,11.27488,75.76188,Clear,Two-Wheeler,Medium,0,0,Wednesday,December,MoRTH_Standardized_v2.1
MORTH23-13677,2023-06-30,02:06,Kerala,Thiruvananthapuram,8.57445,76.94919,Clear,Others,Medium,0,1,Friday,June,MoRTH_Standardized_v2.1
MORTH23-13678,2023-12-03,06:52,Karnataka,Mysore,12.2551,76.6397,Cloudy,Two-Wheeler,High,0,4,Sunday,December,MoRTH_Standardized_v2.1
MORTH23-13679,2023-11-03,18:41,Delhi/NCR,Guwahati,26.13422,91.77135,Clear,Truck/Lorry,Medium,0,0,Friday,November,MoRTH_Standardized_v2.1
MORTH23-13680,2023-10-19,15:29,Andhra Pradesh,Vijayawada,16.50761,80.66719,Clear,Two-Wheeler,Medium,0,1,Thursday,October,MoRTH_Standardized_v2.1
MORTH23-13681,2023-08-23,15:42,Tamil Nadu,Madurai,9.95542,78.12496,Clear,Two-Wheeler,Medium,0,0,Wednesday,August,MoRTH_Standardized_v2.1
MORTH23-13682,2023-11-26,20:46,Kerala,Kozhikode,11.23268,75.79743,Clear,Bus,Medium,0,2,Sunday,November,MoRTH_Standardized_v2.1
MORTH23-13683,2023-10-03,17:59,Uttar Pradesh,Lucknow,26.8299,80.94026,Clear,Others,Low,0,2,Tuesday,October,MoRTH_Standardized_v2.1
MORTH23-13684,2023-02-11,14:19,Kerala,Kozhikode,11.24954,75.79378,Clear,Two-Wheeler,Medium,0,1,Saturday,February,MoRTH_Standardized_v2.1
MORTH23-13685,2023-03-07,22:52,Delhi/NCR,Guwahati,26.1628,91.78557,Clear,Car/Jeep/Van,Medium,0,1,Tuesday,March,MoRTH_Standardized_v2.1
MORTH23-13686,2023-11-16,12:31,Karnataka,Mysore,12.2991,76.6354,Clear,Bus,Low,0,2,Thursday,November,MoRTH_Standardized_v2.1
MORTH23-13687,2023-10-18,19:09,Madhya Pradesh,Gwalior,26.23921,78.21384,Clear,Bus,Low,0,2,Wednesday,October,MoRTH_Standardized_v2.1
MORTH23-13688,2023-04-06,12:29,Rajasthan,Jaipur,26.94221,75.78912,Clear,Truck/Lorry,Medium,0,2,Thursday,April,MoRTH_Standardized_v2.1
MORTH23-13689,2023-05-24,07:04,Karnataka,Bangalore,12.97238,77.59247,Rainy,Car/Jeep/Van,High,0,3,Wednesday,May,MoRTH_Standardized_v2.1
MORTH23-13690,2023-09-07,07:05,Karnataka,Mysore,12.25181,76.61253,Clear,Two-Wheeler,High,0,2,Thursday,September,MoRTH_Standardized_v2.1
MORTH23-13691,2023-04-02,20:19,Delhi/NCR,Delhi,28.64425,77.17639,Clear,Two-Wheeler,Medium,0,1,Sunday,April,MoRTH_Standardized_v2.1
MORTH23-13692,2023-06-06,17:11,Delhi/NCR,Guwahati,26.14477,91.72861,Clear,Two-Wheeler,Medium,0,0,Tuesday,June,MoRTH_Standardized_v2.1
MORTH23-13693,2023-01-23,21:12,Telangana,Warangal,17.94922,79.58941,Clear,Truck/Lorry,Medium,0,0,Monday,January,MoRTH_Standardized_v2.1
MORTH23-13694,2023-08-11,06:06,Rajasthan,Jaipur,26.97362,75.75575,Clear,Two-Wheeler,Medium,0,2,Friday,August,MoRTH_Standardized_v2.1
MORTH23-13695,2023-07-01,11:34,Uttar Pradesh,Agra,27.17441,77.97863,Rainy,Bus,Medium,0,1,Saturday,July,MoRTH_Standardized_v2.1
MORTH23-13696,2023-11-22,16:52,Rajasthan,Jodhpur,26.17339,73.03855,Clear,Two-Wheeler,High,0,1,Wednesday,November,MoRTH_Standardized_v2.1
MORTH23-13697,2023-02-02,10:29,Madhya Pradesh,Gwalior,26.20162,78.15853,Rainy,Others,Medium,0,1,Thursday,February,MoRTH_Standardized_v2.1
MORTH23-13698,2023-04-28,16:24,Karnataka,Hubli,15.3969,75.14779,Clear,Two-Wheeler,High,0,3,Friday,April,MoRTH_Standardized_v2.1
MORTH23-13699,2023-04-11,22:35,Madhya Pradesh,Indore,22.73839,75.83255,Rainy,Two-Wheeler,Critical,3,6,Tuesday,April,MoRTH_Standardized_v2.1
MORTH23-13700,2023-11-30,08:00,Maharashtra,Nagpur,21.17385,79.09014,Clear,Others,Low,0,2,Thursday,November,MoRTH_Standardized_v2.1
MORTH23-13701,2023-12-08,13:39,Uttar Pradesh,Agra,27.22287,78.00875,Clear,Two-Wheeler,Medium,0,2,Friday,December,MoRTH_Standardized_v2.1
MORTH23-13702,2023-09-11,06:37,Rajasthan,Jaipur,26.90054,75.82135,Clear,Two-Wheeler,High,0,3,Monday,September,MoRTH_Standardized_v2.1
MORTH23-13703,2023-09-28,22:03,Gujarat,Surat,21.14776,72.81992,Clear,Truck/Lorry,High,0,3,Thursday,September,MoRTH_Standardized_v2.1
MORTH23-13704,2023-01-05,16:43,Tamil Nadu,Madurai,9.90577,78.14174,Clear,Two-Wheeler,Medium,0,0,Thursday,January,MoRTH_Standardized_v2.1
MORTH23-13705,2023-04-14,03:59,Delhi/NCR,Kolkata,22.60522,88.37201,Rainy,Two-Wheeler,Critical,2,3,Friday,April,MoRTH_Standardized_v2.1
MORTH23-13706,2023-01-18,17:20,Karnataka,Bangalore,12.99011,77.5604,Clear,Others,Medium,0,2,Wednesday,January,MoRTH_Standardized_v2.1
MORTH23-13707,2023-11-08,01:17,Tamil Nadu,Madurai,9.98087,78.09306,Clear,Two-Wheeler,Critical,2,4,Wednesday,November,MoRTH_Standardized_v2.1
MORTH23-13708,2023-01-08,14:53,Uttar Pradesh,Kanpur,26.40315,80.26633,Clear,Truck/Lorry,Low,0,2,Sunday,January,MoRTH_Standardized_v2.1
MORTH23-13709,2023-05-05,04:59,Uttar Pradesh,Agra,27.19781,78.00099,Foggy,Truck/Lorry,Critical,2,4,Friday,May,MoRTH_Standardized_v2.1
MORTH23-13710,2023-03-28,15:47,Delhi/NCR,Kolkata,22.53363,88.34642,Clear,Auto-Rickshaw,Medium,0,2,Tuesday,March,MoRTH_Standardized_v2.1
MORTH23-13711,2023-12-05,16:30,Tamil Nadu,Coimbatore,11.0325,76.97115,Clear,Bus,Medium,0,2,Tuesday,December,MoRTH_Standardized_v2.1
MORTH23-13712,2023-01-24,18:52,Maharashtra,Pune,18.59728,73.91158,Clear,Auto-Rickshaw,Low,0,0,Tuesday,January,MoRTH_Standardized_v2.1
MORTH23-13713,2023-06-30,20:34,Kerala,Kochi,9.9357,76.27061,Clear,Auto-Rickshaw,Low,0,0,Friday,June,MoRTH_Standardized_v2.1
MORTH23-13714,2023-02-18,01:50,Karnataka,Mysore,12.29894,76.60465,Clear,Two-Wheeler,High,0,2,Saturday,February,MoRTH_Standardized_v2.1
MORTH23-13715,2023-05-18,08:59,Madhya Pradesh,Bhopal,23.28275,77.37147,Clear,Others,Low,0,0,Thursday,May,MoRTH_Standardized_v2.1
MORTH23-13716,2023-03-06,14:38,Delhi/NCR,Kolkata,22.55468,88.40422,Cloudy,Two-Wheeler,Medium,0,1,Monday,March,MoRTH_Standardized_v2.1
MORTH23-13717,2023-05-28,12:25,Delhi/NCR,Delhi,28.57096,77.19736,Clear,Two-Wheeler,Medium,0,2,Sunday,May,MoRTH_Standardized_v2.1
MORTH23-13718,2023-11-25,18:41,Karnataka,Hubli,15.36539,75.08889,Clear,Bus,Low,0,1,Saturday,November,MoRTH_Standardized_v2.1
MORTH23-13719,2023-01-26,09:46,Delhi/NCR,Delhi,28.64068,77.194,Clear,Car/Jeep/Van,Medium,0,0,Thursday,January,MoRTH_Standardized_v2.1
MORTH23-13720,2023-06-03,14:12,Maharashtra,Pune,18.4993,73.85767,Clear,Two-Wheeler,Medium,0,2,Saturday,June,MoRTH_Standardized_v2.1
MORTH23-13721,2023-11-24,08:17,Delhi/NCR,Guwahati,26.16572,91.73704,Clear,Two-Wheeler,Medium,0,2,Friday,November,MoRTH_Standardized_v2.1
MORTH23-13722,2023-10-13,08:17,Rajasthan,Jodhpur,26.18787,72.98364,Clear,Auto-Rickshaw,Low,0,0,Friday,October,MoRTH_Standardized_v2.1
MORTH23-13723,2023-07-29,12:16,Karnataka,Bangalore,12.96191,77.63132,Clear,Two-Wheeler,High,1,1,Saturday,July,MoRTH_Standardized_v2.1
MORTH23-13724,2023-10-20,23:36,Delhi/NCR,Guwahati,26.10828,91.72013,Clear,Car/Jeep/Van,High,0,3,Friday,October,MoRTH_Standardized_v2.1
MORTH23-13725,2023-02-20,13:03,Tamil Nadu,Chennai,13.07832,80.32586,Clear,Car/Jeep/Van,Low,0,0,Monday,February,MoRTH_Standardized_v2.1
MORTH23-13726,2023-10-30,10:17,Tamil Nadu,Coimbatore,11.03964,76.98823,Clear,Car/Jeep/Van,Low,0,1,Monday,October,MoRTH_Standardized_v2.1
MORTH23-13727,2023-11-25,17:05,Karnataka,Mysore,12.36808,76.63361,Clear,Car/Jeep/Van,Low,0,0,Saturday,November,MoRTH_Standardized_v2.1
MORTH23-13728,2023-02-06,22:02,Karnataka,Hubli,15.36326,75.16069,Clear,Two-Wheeler,Critical,2,5,Monday,February,MoRTH_Standardized_v2.1
MORTH23-13729,2023-04-22,11:58,Madhya Pradesh,Indore,22.68614,75.86973,Clear,Two-Wheeler,High,1,1,Saturday,April,MoRTH_Standardized_v2.1
MORTH23-13730,2023-05-20,13:35,Telangana,Warangal,17.92726,79.60394,Rainy,Two-Wheeler,Critical,3,4,Saturday,May,MoRTH_Standardized_v2.1
MORTH23-13731,2023-10-20,16:53,Rajasthan,Jaipur,26.95233,75.78865,Clear,Bus,Low,0,2,Friday,October,MoRTH_Standardized_v2.1
MORTH23-13732,2023-09-20,14:43,Maharashtra,Nagpur,21.19827,79.08334,Rainy,Others,Medium,0,2,Wednesday,September,MoRTH_Standardized_v2.1
MORTH23-13733,2023-08-10,14:29,Delhi/NCR,Guwahati,26.16477,91.73313,Foggy,Two-Wheeler,High,0,4,Thursday,August,MoRTH_Standardized_v2.1
MORTH23-13734,2023-02-16,21:46,Madhya Pradesh,Bhopal,23.25663,77.39934,Clear,Others,Low,0,0,Thursday,February,MoRTH_Standardized_v2.1
MORTH23-13735,2023-03-05,23:47,Kerala,Thiruvananthapuram,8.53977,76.8924,Clear,Two-Wheeler,High,0,2,Sunday,March,MoRTH_Standardized_v2.1
MORTH23-13736,2023-12-06,19:29,Madhya Pradesh,Bhopal,23.25673,77.4364,Clear,Others,Low,0,1,Wednesday,December,MoRTH_Standardized_v2.1
MORTH23-13737,2023-01-15,13:13,Gujarat,Ahmedabad,23.03031,72.59687,Clear,Car/Jeep/Van,Low,0,1,Sunday,January,MoRTH_Standardized_v2.1
MORTH23-13738,2023-04-29,07:53,Uttar Pradesh,Kanpur,26.49005,80.32559,Clear,Car/Jeep/Van,Low,0,1,Saturday,April,MoRTH_Standardized_v2.1
MORTH23-13739,2023-02-20,06:26,Delhi/NCR,Guwahati,26.1469,91.76104,Foggy,Two-Wheeler,Critical,1,3,Monday,February,MoRTH_Standardized_v2.1
MORTH23-13740,2023-09-30,17:39,Rajasthan,Jaipur,26.91805,75.77072,Clear,Two-Wheeler,Medium,0,0,Saturday,September,MoRTH_Standardized_v2.1
MORTH23-13741,2023-10-28,14:37,Gujarat,Ahmedabad,23.01939,72.57262,Clear,Car/Jeep/Van,Medium,0,1,Saturday,October,MoRTH_Standardized_v2.1
MORTH23-13742,2023-04-29,18:12,Andhra Pradesh,Visakhapatnam,17.68125,83.24421,Clear,Car/Jeep/Van,Medium,0,2,Saturday,April,MoRTH_Standardized_v2.1
MORTH23-13743,2023-10-17,16:22,Kerala,Thiruvananthapuram,8.52839,76.94614,Clear,Others,Medium,0,0,Tuesday,October,MoRTH_Standardized_v2.1
MORTH23-13744,2023-05-31,13:20,Tamil Nadu,Coimbatore,11.00876,76.95944,Rainy,Two-Wheeler,Critical,2,5,Wednesday,May,MoRTH_Standardized_v2.1
MORTH23-13745,2023-02-24,23:00,Delhi/NCR,Delhi,28.61248,77.207,Clear,Car/Jeep/Van,Medium,0,2,Friday,February,MoRTH_Standardized_v2.1
MORTH23-13746,2023-10-31,12:11,Tamil Nadu,Coimbatore,11.05831,76.92433,Clear,Two-Wheeler,High,0,1,Tuesday,October,MoRTH_Standardized_v2.1
MORTH23-13747,2023-03-12,03:29,Delhi/NCR,Delhi,28.65286,77.14645,Clear,Two-Wheeler,Critical,3,5,Sunday,March,MoRTH_Standardized_v2.1
MORTH23-13748,2023-07-25,10:54,Karnataka,Mysore,12.28548,76.65754,Clear,Two-Wheeler,Medium,0,0,Tuesday,July,MoRTH_Standardized_v2.1
MORTH23-13749,2023-02-19,07:30,Maharashtra,Pune,18.55712,73.8179,Clear,Two-Wheeler,Medium,0,2,Sunday,February,MoRTH_Standardized_v2.1
MORTH23-13750,2023-08-10,20:53,Andhra Pradesh,Visakhapatnam,17.65936,83.23964,Clear,Truck/Lorry,Medium,0,2,Thursday,August,MoRTH_Standardized_v2.1
MORTH23-13751,2023-08-05,07:30,Rajasthan,Jodhpur,26.2476,73.02294,Clear,Car/Jeep/Van,Low,0,0,Saturday,August,MoRTH_Standardized_v2.1
MORTH23-13752,2023-11-13,15:28,Delhi/NCR,Delhi,28.60566,77.19067,Clear,Car/Jeep/Van,Medium,0,0,Monday,November,MoRTH_Standardized_v2.1
MORTH23-13753,2023-06-30,16:00,Delhi/NCR,Guwahati,26.15226,91.75316,Clear,Two-Wheeler,Medium,0,2,Friday,June,MoRTH_Standardized_v2.1
MORTH23-13754,2023-08-13,16:47,Karnataka,Bangalore,12.96558,77.64899,Clear,Car/Jeep/Van,Low,0,0,Sunday,August,MoRTH_Standardized_v2.1
MORTH23-13755,2023-09-07,03:47,Madhya Pradesh,Gwalior,26.23177,78.17746,Clear,Two-Wheeler,Critical,2,4,Thursday,September,MoRTH_Standardized_v2.1
MORTH23-13756,2023-03-05,09:57,Delhi/NCR,Delhi,28.58069,77.22967,Clear,Others,Low,0,0,Sunday,March,MoRTH_Standardized_v2.1
MORTH23-13757,2023-11-18,14:31,Maharashtra,Nagpur,21.14736,79.08236,Clear,Truck/Lorry,High,0,4,Saturday,November,MoRTH_Standardized_v2.1
MORTH23-13758,2023-11-02,23:06,Telangana,Warangal,17.98027,79.63708,Clear,Others,Medium,0,1,Thursday,November,MoRTH_Standardized_v2.1
MORTH23-13759,2023-02-25,08:40,Delhi/NCR,Delhi,28.59977,77.17879,Rainy,Others,High,1,2,Saturday,February,MoRTH_Standardized_v2.1
MORTH23-13760,2023-12-20,06:00,Kerala,Kochi,9.91602,76.22297,Rainy,Car/Jeep/Van,Medium,0,2,Wednesday,December,MoRTH_Standardized_v2.1
MORTH23-13761,2023-11-08,06:18,Madhya Pradesh,Bhopal,23.27639,77.42766,Clear,Bus,Low,0,1,Wednesday,November,MoRTH_Standardized_v2.1
MORTH23-13762,2023-04-08,15:27,Maharashtra,Pune,18.51753,73.8493,Clear,Truck/Lorry,Low,0,2,Saturday,April,MoRTH_Standardized_v2.1
MORTH23-13763,2023-12-22,15:37,Madhya Pradesh,Gwalior,26.18521,78.16923,Clear,Others,Medium,0,1,Friday,December,MoRTH_Standardized_v2.1
MORTH23-13764,2023-02-17,14:29,Maharashtra,Mumbai,19.06059,72.91185,Clear,Two-Wheeler,Medium,0,0,Friday,February,MoRTH_Standardized_v2.1
MORTH23-13765,2023-06-14,10:25,Madhya Pradesh,Gwalior,26.18274,78.24489,Clear,Two-Wheeler,High,1,3,Wednesday,June,MoRTH_Standardized_v2.1
MORTH23-13766,2023-12-06,16:02,Rajasthan,Jodhpur,26.24843,73.00514,Foggy,Car/Jeep/Van,Medium,0,2,Wednesday,December,MoRTH_Standardized_v2.1
MORTH23-13767,2023-11-26,14:56,Uttar Pradesh,Kanpur,26.44715,80.37726,Clear,Car/Jeep/Van,Low,0,1,Sunday,November,MoRTH_Standardized_v2.1
MORTH23-13768,2023-01-14,15:36,Delhi/NCR,Delhi,28.63085,77.25321,Clear,Two-Wheeler,High,0,4,Saturday,January,MoRTH_Standardized_v2.1
MORTH23-13769,2023-05-19,11:00,Kerala,Kochi,9.92347,76.2556,Clear,Two-Wheeler,Medium,0,2,Friday,May,MoRTH_Standardized_v2.1
MORTH23-13770,2023-01-22,21:55,Uttar Pradesh,Lucknow,26.87124,80.90834,Clear,Car/Jeep/Van,Low,0,2,Sunday,January,MoRTH_Standardized_v2.1
MORTH23-13771,2023-08-01,16:35,Madhya Pradesh,Gwalior,26.25554,78.15641,Clear,Two-Wheeler,Medium,0,1,Tuesday,August,MoRTH_Standardized_v2.1
MORTH23-13772,2023-04-19,13:54,Kerala,Thiruvananthapuram,8.49936,76.93633,Clear,Car/Jeep/Van,Low,0,2,Wednesday,April,MoRTH_Standardized_v2.1
MORTH23-13773,2023-09-02,19:58,Uttar Pradesh,Kanpur,26.44925,80.29974,Cloudy,Car/Jeep/Van,Low,0,1,Saturday,September,MoRTH_Standardized_v2.1
MORTH23-13774,2023-03-20,15:34,Delhi/NCR,Delhi,28.60829,77.23197,Cloudy,Two-Wheeler,High,0,4,Monday,March,MoRTH_Standardized_v2.1
MORTH23-13775,2023-07-09,18:27,Kerala,Kozhikode,11.29566,75.77305,Cloudy,Auto-Rickshaw,Medium,0,2,Sunday,July,MoRTH_Standardized_v2.1
MORTH23-13776,2023-04-13,18:31,Uttar Pradesh,Agra,27.19583,78.03864,Clear,Auto-Rickshaw,Medium,0,0,Thursday,April,MoRTH_Standardized_v2.1
MORTH23-13777,2023-07-28,16:50,Tamil Nadu,Chennai,13.10838,80.24498,Clear,Two-Wheeler,Medium,0,1,Friday,July,MoRTH_Standardized_v2.1
MORTH23-13778,2023-05-12,15:04,Delhi/NCR,Kolkata,22.56962,88.38886,Clear,Auto-Rickshaw,Low,0,1,Friday,May,MoRTH_Standardized_v2.1
MORTH23-13779,2023-01-25,19:42,Karnataka,Hubli,15.35141,75.17266,Clear,Others,Medium,0,0,Wednesday,January,MoRTH_Standardized_v2.1
MORTH23-13780,2023-05-05,15:02,Tamil Nadu,Chennai,13.07919,80.29962,Clear,Car/Jeep/Van,Low,0,0,Friday,May,MoRTH_Standardized_v2.1
MORTH23-13781,2023-04-18,18:52,Tamil Nadu,Coimbatore,11.02551,76.95627,Clear,Auto-Rickshaw,Low,0,0,Tuesday,April,MoRTH_Standardized_v2.1
MORTH23-13782,2023-04-17,08:04,Tamil Nadu,Madurai,9.93777,78.14476,Clear,Car/Jeep/Van,Low,0,0,Monday,April,MoRTH_Standardized_v2.1
MORTH23-13783,2023-05-31,02:43,Delhi/NCR,Kolkata,22.49732,88.34576,Clear,Two-Wheeler,Critical,1,6,Wednesday,May,MoRTH_Standardized_v2.1
MORTH23-13784,2023-11-07,15:33,Tamil Nadu,Coimbatore,11.02745,76.94442,Clear,Car/Jeep/Van,Low,0,0,Tuesday,November,MoRTH_Standardized_v2.1
MORTH23-13785,2023-04-10,14:31,Tamil Nadu,Madurai,9.90523,78.10377,Clear,Two-Wheeler,High,0,4,Monday,April,MoRTH_Standardized_v2.1
MORTH23-13786,2023-12-06,07:30,Madhya Pradesh,Indore,22.7247,75.82657,Clear,Two-Wheeler,High,1,2,Wednesday,December,MoRTH_Standardized_v2.1
MORTH23-13787,2023-09-30,04:59,Delhi/NCR,Delhi,28.63289,77.20624,Clear,Two-Wheeler,High,1,3,Saturday,September,MoRTH_Standardized_v2.1
MORTH23-13788,2023-07-20,07:01,Delhi/NCR,Delhi,28.5782,77.23075,Rainy,Two-Wheeler,Critical,2,5,Thursday,July,MoRTH_Standardized_v2.1
MORTH23-13789,2023-02-28,19:46,Tamil Nadu,Chennai,13.06155,80.25293,Cloudy,Two-Wheeler,Medium,0,2,Tuesday,February,MoRTH_Standardized_v2.1
MORTH23-13790,2023-05-29,10:17,Kerala,Kochi,9.91549,76.29338,Clear,Car/Jeep/Van,Low,0,1,Monday,May,MoRTH_Standardized_v2.1
MORTH23-13791,2023-10-16,03:15,Delhi/NCR,Kolkata,22.57476,88.35255,Clear,Others,Low,0,2,Monday,October,MoRTH_Standardized_v2.1
MORTH23-13792,2023-09-25,14:35,Delhi/NCR,Delhi,28.58796,77.17215,Clear,Two-Wheeler,Medium,0,0,Monday,September,MoRTH_Standardized_v2.1
MORTH23-13793,2023-09-17,10:30,Kerala,Kochi,9.94672,76.28179,Rainy,Two-Wheeler,Critical,3,3,Sunday,September,MoRTH_Standardized_v2.1
MORTH23-13794,2023-10-26,20:56,Uttar Pradesh,Agra,27.16561,78.0259,Clear,Two-Wheeler,High,0,4,Thursday,October,MoRTH_Standardized_v2.1
MORTH23-13795,2023-01-04,10:54,Rajasthan,Jaipur,26.91958,75.78592,Clear,Two-Wheeler,Medium,0,0,Wednesday,January,MoRTH_Standardized_v2.1
MORTH23-13796,2023-02-22,18:59,Tamil Nadu,Chennai,13.12676,80.30362,Cloudy,Bus,Low,0,1,Wednesday,February,MoRTH_Standardized_v2.1
MORTH23-13797,2023-05-14,21:45,Uttar Pradesh,Lucknow,26.83156,80.97473,Cloudy,Two-Wheeler,High,0,4,Sunday,May,MoRTH_Standardized_v2.1
MORTH23-13798,2023-05-27,19:12,Delhi/NCR,Delhi,28.58518,77.23583,Clear,Car/Jeep/Van,Low,0,0,Saturday,May,MoRTH_Standardized_v2.1
MORTH23-13799,2023-11-24,19:29,Delhi/NCR,Kolkata,22.63778,88.38888,Clear,Two-Wheeler,High,0,1,Friday,November,MoRTH_Standardized_v2.1
MORTH23-13800,2023-12-14,12:51,Delhi/NCR,Kolkata,22.63282,88.36971,Clear,Two-Wheeler,High,0,1,Thursday,December,MoRTH_Standardized_v2.1
MORTH23-13801,2023-07-07,16:36,Madhya Pradesh,Gwalior,26.21551,78.17175,Clear,Two-Wheeler,Medium,0,0,Friday,July,MoRTH_Standardized_v2.1
MORTH23-13802,2023-02-18,06:52,Tamil Nadu,Madurai,9.87282,78.14905,Clear,Two-Wheeler,High,0,2,Saturday,February,MoRTH_Standardized_v2.1
MORTH23-13803,2023-08-09,07:03,Gujarat,Ahmedabad,22.98201,72.60661,Foggy,Car/Jeep/Van,Medium,0,2,Wednesday,August,MoRTH_Standardized_v2.1
MORTH23-13804,2023-04-11,04:04,Tamil Nadu,Chennai,13.12915,80.26959,Clear,Two-Wheeler,High,1,4,Tuesday,April,MoRTH_Standardized_v2.1
MORTH23-13805,2023-05-09,10:07,Madhya Pradesh,Indore,22.71753,75.83284,Foggy,Two-Wheeler,Critical,3,3,Tuesday,May,MoRTH_Standardized_v2.1
MORTH23-13806,2023-12-27,15:55,Telangana,Hyderabad,17.38857,78.46917,Clear,Two-Wheeler,High,0,2,Wednesday,December,MoRTH_Standardized_v2.1
MORTH23-13807,2023-06-26,17:42,Rajasthan,Jodhpur,26.2254,73.02039,Clear,Two-Wheeler,Medium,0,0,Monday,June,MoRTH_Standardized_v2.1
MORTH23-13808,2023-06-24,19:15,Uttar Pradesh,Kanpur,26.47756,80.29018,Cloudy,Auto-Rickshaw,Low,0,0,Saturday,June,MoRTH_Standardized_v2.1
MORTH23-13809,2023-07-19,14:05,Madhya Pradesh,Gwalior,26.19565,78.21419,Rainy,Two-Wheeler,Critical,2,4,Wednesday,July,MoRTH_Standardized_v2.1
MORTH23-13810,2023-04-20,20:52,Telangana,Warangal,17.96029,79.62201,Clear,Others,Low,0,1,Thursday,April,MoRTH_Standardized_v2.1
MORTH23-13811,2023-05-12,07:12,Andhra Pradesh,Visakhapatnam,17.64529,83.21906,Clear,Truck/Lorry,High,0,4,Friday,May,MoRTH_Standardized_v2.1
MORTH23-13812,2023-07-22,12:07,Madhya Pradesh,Indore,22.75901,75.88129,Clear,Auto-Rickshaw,Medium,0,1,Saturday,July,MoRTH_Standardized_v2.1
MORTH23-13813,2023-10-03,09:32,Uttar Pradesh,Agra,27.20856,78.01127,Clear,Two-Wheeler,Medium,0,2,Tuesday,October,MoRTH_Standardized_v2.1
MORTH23-13814,2023-01-02,15:12,Maharashtra,Nagpur,21.15673,79.14071,Foggy,Two-Wheeler,Critical,1,6,Monday,January,MoRTH_Standardized_v2.1
MORTH23-13815,2023-06-24,13:11,Andhra Pradesh,Visakhapatnam,17.68827,83.17676,Foggy,Truck/Lorry,Critical,3,5,Saturday,June,MoRTH_Standardized_v2.1
MORTH23-13816,2023-06-09,12:39,Tamil Nadu,Coimbatore,11.01142,76.9208,Clear,Two-Wheeler,High,1,2,Friday,June,MoRTH_Standardized_v2.1
MORTH23-13817,2023-03-27,04:58,Kerala,Kozhikode,11.29847,75.83278,Cloudy,Auto-Rickshaw,Medium,0,1,Monday,March,MoRTH_Standardized_v2.1
MORTH23-13818,2023-07-28,21:07,Maharashtra,Mumbai,19.1024,72.88657,Clear,Car/Jeep/Van,Low,0,2,Friday,July,MoRTH_Standardized_v2.1
MORTH23-13819,2023-08-13,08:00,Tamil Nadu,Madurai,9.97757,78.06741,Foggy,Auto-Rickshaw,Medium,0,1,Sunday,August,MoRTH_Standardized_v2.1
MORTH23-13820,2023-01-31,10:06,Uttar Pradesh,Kanpur,26.49293,80.30786,Cloudy,Two-Wheeler,High,0,4,Tuesday,January,MoRTH_Standardized_v2.1
MORTH23-13821,2023-03-17,16:40,Kerala,Kochi,9.87449,76.2435,Clear,Bus,Low,0,0,Friday,March,MoRTH_Standardized_v2.1
MORTH23-13822,2023-03-22,20:57,Delhi/NCR,Kolkata,22.59295,88.28228,Clear,Two-Wheeler,High,0,4,Wednesday,March,MoRTH_Standardized_v2.1
MORTH23-13823,2023-09-30,20:20,Madhya Pradesh,Indore,22.70652,75.83922,Clear,Car/Jeep/Van,Low,0,0,Saturday,September,MoRTH_Standardized_v2.1
MORTH23-13824,2023-04-17,04:15,Gujarat,Ahmedabad,23.06699,72.635,Clear,Two-Wheeler,Critical,1,4,Monday,April,MoRTH_Standardized_v2.1
MORTH23-13825,2023-11-29,17:36,Telangana,Hyderabad,17.35696,78.47565,Clear,Two-Wheeler,High,1,1,Wednesday,November,MoRTH_Standardized_v2.1
MORTH23-13826,2023-10-26,06:34,Rajasthan,Jodhpur,26.19069,72.99807,Clear,Others,Medium,0,2,Thursday,October,MoRTH_Standardized_v2.1
MORTH23-13827,2023-04-30,15:45,Tamil Nadu,Coimbatore,10.97478,76.98601,Clear,Two-Wheeler,High,1,4,Sunday,April,MoRTH_Standardized_v2.1
MORTH23-13828,2023-03-05,12:14,Maharashtra,Nagpur,21.12979,79.09136,Rainy,Two-Wheeler,High,1,4,Sunday,March,MoRTH_Standardized_v2.1
MORTH23-13829,2023-05-10,06:56,Delhi/NCR,Guwahati,26.13273,91.73559,Clear,Two-Wheeler,High,1,3,Wednesday,May,MoRTH_Standardized_v2.1
MORTH23-13830,2023-12-10,14:27,Kerala,Kozhikode,11.23962,75.80266,Clear,Auto-Rickshaw,Low,0,2,Sunday,December,MoRTH_Standardized_v2.1
MORTH23-13831,2023-07-03,14:44,Telangana,Warangal,17.9744,79.59114,Clear,Auto-Rickshaw,Medium,0,1,Monday,July,MoRTH_Standardized_v2.1
MORTH23-13832,2023-08-07,15:54,Gujarat,Ahmedabad,23.05352,72.53815,Clear,Two-Wheeler,Medium,0,2,Monday,August,MoRTH_Standardized_v2.1
MORTH23-13833,2023-05-11,06:45,Andhra Pradesh,Visakhapatnam,17.70103,83.21983,Clear,Others,Low,0,1,Thursday,May,MoRTH_Standardized_v2.1
MORTH23-13834,2023-02-18,16:27,Tamil Nadu,Coimbatore,10.96614,76.9474,Clear,Two-Wheeler,High,0,2,Saturday,February,MoRTH_Standardized_v2.1
MORTH23-13835,2023-11-21,12:39,Delhi/NCR,Guwahati,26.15175,91.73748,Clear,Others,Medium,0,2,Tuesday,November,MoRTH_Standardized_v2.1
MORTH23-13836,2023-05-24,19:58,Karnataka,Bangalore,12.94494,77.5837,Rainy,Others,High,0,1,Wednesday,May,MoRTH_Standardized_v2.1
MORTH23-13837,2023-03-03,12:14,Uttar Pradesh,Agra,27.17387,78.01889,Clear,Two-Wheeler,Medium,0,1,Friday,March,MoRTH_Standardized_v2.1
MORTH23-13838,2023-12-22,14:54,Gujarat,Ahmedabad,23.00302,72.55045,Clear,Car/Jeep/Van,Low,0,2,Friday,December,MoRTH_Standardized_v2.1
MORTH23-13839,2023-10-02,13:07,Delhi/NCR,Delhi,28.64593,77.17488,Clear,Car/Jeep/Van,Low,0,0,Monday,October,MoRTH_Standardized_v2.1
MORTH23-13840,2023-10-04,12:00,Uttar Pradesh,Lucknow,26.84465,80.87702,Clear,Bus,Low,0,0,Wednesday,October,MoRTH_Standardized_v2.1
MORTH23-13841,2023-12-26,19:16,Tamil Nadu,Coimbatore,10.99672,76.94752,Clear,Car/Jeep/Van,Low,0,0,Tuesday,December,MoRTH_Standardized_v2.1
MORTH23-13842,2023-12-24,18:57,Uttar Pradesh,Lucknow,26.84384,80.94119,Clear,Car/Jeep/Van,Low,0,0,Sunday,December,MoRTH_Standardized_v2.1
MORTH23-13843,2023-02-12,20:55,Tamil Nadu,Madurai,9.96101,78.13009,Cloudy,Two-Wheeler,Medium,0,0,Sunday,February,MoRTH_Standardized_v2.1
MORTH23-13844,2023-05-23,20:21,Delhi/NCR,Delhi,28.5719,77.19785,Clear,Two-Wheeler,Medium,0,1,Tuesday,May,MoRTH_Standardized_v2.1
MORTH23-13845,2023-12-08,22:50,Maharashtra,Nagpur,21.14944,79.14025,Clear,Bus,Medium,0,1,Friday,December,MoRTH_Standardized_v2.1
MORTH23-13846,2023-05-03,14:09,Karnataka,Hubli,15.36173,75.09045,Rainy,Car/Jeep/Van,Medium,0,2,Wednesday,May,MoRTH_Standardized_v2.1
MORTH23-13847,2023-04-02,20:53,Uttar Pradesh,Agra,27.18033,78.00893,Clear,Two-Wheeler,High,1,2,Sunday,April,MoRTH_Standardized_v2.1
MORTH23-13848,2023-01-05,13:16,Delhi/NCR,Guwahati,26.13932,91.7651,Clear,Two-Wheeler,Medium,0,1,Thursday,January,MoRTH_Standardized_v2.1
MORTH23-13849,2023-06-11,10:40,Rajasthan,Jaipur,26.90746,75.8063,Clear,Two-Wheeler,High,0,3,Sunday,June,MoRTH_Standardized_v2.1
MORTH23-13850,2023-12-29,11:16,Uttar Pradesh,Kanpur,26.46224,80.31067,Clear,Bus,Medium,0,0,Friday,December,MoRTH_Standardized_v2.1
MORTH23-13851,2023-05-23,13:57,Uttar Pradesh,Kanpur,26.46481,80.34749,Clear,Car/Jeep/Van,Medium,0,1,Tuesday,May,MoRTH_Standardized_v2.1
MORTH23-13852,2023-12-06,16:56,Delhi/NCR,Delhi,28.56021,77.25004,Clear,Two-Wheeler,High,1,3,Wednesday,December,MoRTH_Standardized_v2.1
MORTH23-13853,2023-02-17,08:24,Delhi/NCR,Guwahati,26.16058,91.74282,Clear,Bus,Medium,0,0,Friday,February,MoRTH_Standardized_v2.1
MORTH23-13854,2023-01-05,20:50,Tamil Nadu,Madurai,9.94305,78.09605,Cloudy,Car/Jeep/Van,Low,0,0,Thursday,January,MoRTH_Standardized_v2.1
MORTH23-13855,2023-04-16,22:35,Karnataka,Hubli,15.37381,75.13638,Clear,Bus,High,0,4,Sunday,April,MoRTH_Standardized_v2.1
MORTH23-13856,2023-06-18,11:35,Kerala,Kozhikode,11.23647,75.81175,Clear,Two-Wheeler,Medium,0,0,Sunday,June,MoRTH_Standardized_v2.1
MORTH23-13857,2023-12-03,07:05,Maharashtra,Mumbai,19.07419,72.86698,Clear,Two-Wheeler,High,0,1,Sunday,December,MoRTH_Standardized_v2.1
MORTH23-13858,2023-11-22,21:21,Delhi/NCR,Delhi,28.61328,77.202,Cloudy,Others,Low,0,2,Wednesday,November,MoRTH_Standardized_v2.1
MORTH23-13859,2023-02-17,07:55,Tamil Nadu,Chennai,13.10186,80.29836,Clear,Auto-Rickshaw,Low,0,0,Friday,February,MoRTH_Standardized_v2.1
MORTH23-13860,2023-08-09,21:31,Madhya Pradesh,Gwalior,26.19847,78.20963,Clear,Two-Wheeler,Medium,0,1,Wednesday,August,MoRTH_Standardized_v2.1
MORTH23-13861,2023-07-15,14:29,Karnataka,Mysore,12.28508,76.63255,Foggy,Car/Jeep/Van,High,0,4,Saturday,July,MoRTH_Standardized_v2.1
MORTH23-13862,2023-04-27,08:00,Kerala,Kochi,9.92964,76.32191,Clear,Bus,Low,0,2,Thursday,April,MoRTH_Standardized_v2.1
MORTH23-13863,2023-11-19,13:03,Karnataka,Mysore,12.29034,76.67151,Clear,Two-Wheeler,Medium,0,2,Sunday,November,MoRTH_Standardized_v2.1
MORTH23-13864,2023-12-25,19:38,Karnataka,Hubli,15.38584,75.11339,Clear,Auto-Rickshaw,Low,0,2,Monday,December,MoRTH_Standardized_v2.1
MORTH23-13865,2023-12-11,23:14,Tamil Nadu,Coimbatore,11.0345,76.94708,Foggy,Car/Jeep/Van,Critical,2,5,Monday,December,MoRTH_Standardized_v2.1
MORTH23-13866,2023-03-27,15:07,Maharashtra,Mumbai,19.06909,72.87993,Clear,Auto-Rickshaw,Low,0,1,Monday,March,MoRTH_Standardized_v2.1
MORTH23-13867,2023-12-01,12:45,Uttar Pradesh,Agra,27.17061,78.03646,Rainy,Truck/Lorry,High,1,2,Friday,December,MoRTH_Standardized_v2.1
MORTH23-13868,2023-11-20,17:05,Maharashtra,Mumbai,19.06262,72.92032,Clear,Auto-Rickshaw,Low,0,2,Monday,November,MoRTH_Standardized_v2.1
MORTH23-13869,2023-07-06,15:02,Madhya Pradesh,Bhopal,23.2707,77.4078,Clear,Two-Wheeler,Medium,0,0,Thursday,July,MoRTH_Standardized_v2.1
MORTH23-13870,2023-12-19,08:17,Karnataka,Hubli,15.37755,75.12961,Clear,Two-Wheeler,Medium,0,2,Tuesday,December,MoRTH_Standardized_v2.1
MORTH23-13871,2023-11-24,12:19,Madhya Pradesh,Indore,22.76706,75.81358,Rainy,Auto-Rickshaw,High,0,3,Friday,November,MoRTH_Standardized_v2.1
MORTH23-13872,2023-01-20,00:42,Madhya Pradesh,Gwalior,26.25518,78.19424,Clear,Others,Medium,0,1,Friday,January,MoRTH_Standardized_v2.1
MORTH23-13873,2023-03-06,18:10,Karnataka,Bangalore,12.97041,77.57585,Clear,Bus,Low,0,0,Monday,March,MoRTH_Standardized_v2.1
MORTH23-13874,2023-03-24,21:09,Rajasthan,Jodhpur,26.22,73.05176,Clear,Two-Wheeler,Medium,0,0,Friday,March,MoRTH_Standardized_v2.1
MORTH23-13875,2023-12-19,14:04,Telangana,Warangal,18.0054,79.64175,Rainy,Two-Wheeler,Critical,3,6,Tuesday,December,MoRTH_Standardized_v2.1
MORTH23-13876,2023-09-14,07:21,Kerala,Kozhikode,11.22053,75.75064,Clear,Others,Low,0,1,Thursday,September,MoRTH_Standardized_v2.1
MORTH23-13877,2023-09-08,13:06,Karnataka,Bangalore,12.97218,77.58367,Clear,Two-Wheeler,Medium,0,2,Friday,September,MoRTH_Standardized_v2.1
MORTH23-13878,2023-11-10,19:17,Karnataka,Bangalore,13.00742,77.58937,Clear,Auto-Rickshaw,Low,0,0,Friday,November,MoRTH_Standardized_v2.1
MORTH23-13879,2023-06-19,04:14,Delhi/NCR,Delhi,28.63504,77.19853,Clear,Bus,Low,0,2,Monday,June,MoRTH_Standardized_v2.1
MORTH23-13880,2023-10-29,19:38,Tamil Nadu,Chennai,13.02968,80.24959,Clear,Car/Jeep/Van,Low,0,1,Sunday,October,MoRTH_Standardized_v2.1
MORTH23-13881,2023-02-21,17:38,Madhya Pradesh,Indore,22.75791,75.82849,Clear,Two-Wheeler,Medium,0,1,Tuesday,February,MoRTH_Standardized_v2.1
MORTH23-13882,2023-02-12,15:13,Rajasthan,Jodhpur,26.2487,73.05142,Rainy,Two-Wheeler,Critical,2,5,Sunday,February,MoRTH_Standardized_v2.1
MORTH23-13883,2023-09-06,19:54,Delhi/NCR,Guwahati,26.11086,91.71052,Clear,Car/Jeep/Van,Medium,0,1,Wednesday,September,MoRTH_Standardized_v2.1
MORTH23-13884,2023-09-18,03:30,Uttar Pradesh,Agra,27.21722,78.02051,Clear,Two-Wheeler,High,0,1,Monday,September,MoRTH_Standardized_v2.1
MORTH23-13885,2023-12-11,14:35,Maharashtra,Nagpur,21.12773,79.07588,Foggy,Two-Wheeler,Critical,2,6,Monday,December,MoRTH_Standardized_v2.1
MORTH23-13886,2023-02-13,22:50,Delhi/NCR,Guwahati,26.10161,91.72394,Clear,Two-Wheeler,Critical,3,5,Monday,February,MoRTH_Standardized_v2.1
MORTH23-13887,2023-06-24,00:41,Delhi/NCR,Guwahati,26.12761,91.69643,Clear,Two-Wheeler,Critical,1,6,Saturday,June,MoRTH_Standardized_v2.1
MORTH23-13888,2023-08-19,17:32,Tamil Nadu,Chennai,13.08305,80.27378,Cloudy,Others,Low,0,0,Saturday,August,MoRTH_Standardized_v2.1
MORTH23-13889,2023-04-06,11:10,Tamil Nadu,Chennai,13.07009,80.23075,Clear,Bus,Medium,0,0,Thursday,April,MoRTH_Standardized_v2.1
MORTH23-13890,2023-05-08,06:08,Delhi/NCR,Kolkata,22.54411,88.34265,Clear,Truck/Lorry,High,1,1,Monday,May,MoRTH_Standardized_v2.1
MORTH23-13891,2023-10-13,19:09,Maharashtra,Pune,18.49026,73.872,Clear,Two-Wheeler,Medium,0,2,Friday,October,MoRTH_Standardized_v2.1
MORTH23-13892,2023-03-31,01:06,Maharashtra,Nagpur,21.1011,79.10325,Rainy,Car/Jeep/Van,Critical,1,5,Friday,March,MoRTH_Standardized_v2.1
MORTH23-13893,2023-02-08,14:56,Gujarat,Ahmedabad,22.9945,72.52829,Clear,Car/Jeep/Van,Low,0,1,Wednesday,February,MoRTH_Standardized_v2.1
MORTH23-13894,2023-07-29,14:52,Delhi/NCR,Delhi,28.60224,77.19491,Clear,Bus,Low,0,2,Saturday,July,MoRTH_Standardized_v2.1
MORTH23-13895,2023-09-20,14:13,Tamil Nadu,Chennai,13.06308,80.25767,Clear,Auto-Rickshaw,Low,0,1,Wednesday,September,MoRTH_Standardized_v2.1
MORTH23-13896,2023-03-04,22:31,Delhi/NCR,Delhi,28.60161,77.14207,Clear,Two-Wheeler,Critical,2,4,Saturday,March,MoRTH_Standardized_v2.1
MORTH23-13897,2023-05-24,14:55,Andhra Pradesh,Vijayawada,16.52174,80.68915,Foggy,Two-Wheeler,Critical,1,2,Wednesday,May,MoRTH_Standardized_v2.1
MORTH23-13898,2023-06-07,17:18,Karnataka,Bangalore,12.95408,77.57271,Clear,Others,Low,0,0,Wednesday,June,MoRTH_Standardized_v2.1
MORTH23-13899,2023-11-06,14:37,Madhya Pradesh,Indore,22.76567,75.84768,Clear,Bus,Low,0,1,Monday,November,MoRTH_Standardized_v2.1
MORTH23-13900,2023-10-09,13:37,Madhya Pradesh,Indore,22.67249,75.86663,Clear,Two-Wheeler,High,0,2,Monday,October,MoRTH_Standardized_v2.1
MORTH23-13901,2023-05-23,13:36,Delhi/NCR,Guwahati,26.11362,91.75893,Clear,Others,Low,0,2,Tuesday,May,MoRTH_Standardized_v2.1
MORTH23-13902,2023-08-18,12:18,Kerala,Thiruvananthapuram,8.49245,76.95468,Rainy,Two-Wheeler,Critical,3,3,Friday,August,MoRTH_Standardized_v2.1
MORTH23-13903,2023-06-03,16:19,Madhya Pradesh,Indore,22.69073,75.85137,Clear,Two-Wheeler,Medium,0,0,Saturday,June,MoRTH_Standardized_v2.1
MORTH23-13904,2023-12-04,21:56,Delhi/NCR,Kolkata,22.55126,88.39303,Clear,Two-Wheeler,Medium,0,2,Monday,December,MoRTH_Standardized_v2.1
MORTH23-13905,2023-05-29,19:10,Kerala,Kozhikode,11.22994,75.7631,Clear,Car/Jeep/Van,Low,0,2,Monday,May,MoRTH_Standardized_v2.1
MORTH23-13906,2023-09-16,17:13,Delhi/NCR,Delhi,28.6137,77.19292,Clear,Two-Wheeler,Medium,0,1,Saturday,September,MoRTH_Standardized_v2.1
MORTH23-13907,2023-11-11,13:04,Tamil Nadu,Coimbatore,10.9751,76.92718,Clear,Two-Wheeler,Medium,0,1,Saturday,November,MoRTH_Standardized_v2.1
MORTH23-13908,2023-04-03,14:46,Tamil Nadu,Chennai,13.09961,80.31245,Clear,Others,Low,0,1,Monday,April,MoRTH_Standardized_v2.1
MORTH23-13909,2023-04-29,09:39,Karnataka,Hubli,15.36742,75.1104,Clear,Two-Wheeler,High,0,4,Saturday,April,MoRTH_Standardized_v2.1
MORTH23-13910,2023-05-18,20:41,Kerala,Kozhikode,11.22341,75.75116,Clear,Car/Jeep/Van,Low,0,2,Thursday,May,MoRTH_Standardized_v2.1
MORTH23-13911,2023-03-14,08:05,Karnataka,Mysore,12.31172,76.66672,Clear,Bus,Low,0,1,Tuesday,March,MoRTH_Standardized_v2.1
MORTH23-13912,2023-09-07,03:34,Kerala,Thiruvananthapuram,8.51459,76.9316,Clear,Car/Jeep/Van,Medium,0,2,Thursday,September,MoRTH_Standardized_v2.1
MORTH23-13913,2023-09-27,04:32,Tamil Nadu,Chennai,13.05184,80.26473,Clear,Car/Jeep/Van,Low,0,2,Wednesday,September,MoRTH_Standardized_v2.1
MORTH23-13914,2023-02-14,09:09,Madhya Pradesh,Indore,22.67281,75.83524,Clear,Bus,Low,0,2,Tuesday,February,MoRTH_Standardized_v2.1
MORTH23-13915,2023-06-11,08:35,Maharashtra,Pune,18.50914,73.86852,Rainy,Two-Wheeler,Critical,2,4,Sunday,June,MoRTH_Standardized_v2.1
MORTH23-13916,2023-07-28,06:54,Uttar Pradesh,Kanpur,26.46323,80.30614,Clear,Two-Wheeler,High,1,2,Friday,July,MoRTH_Standardized_v2.1
MORTH23-13917,2023-10-02,01:04,Delhi/NCR,Delhi,28.56783,77.16601,Rainy,Two-Wheeler,Critical,1,2,Monday,October,MoRTH_Standardized_v2.1
MORTH23-13918,2023-04-14,04:05,Tamil Nadu,Coimbatore,11.03817,76.94068,Clear,Two-Wheeler,Critical,2,6,Friday,April,MoRTH_Standardized_v2.1
MORTH23-13919,2023-12-31,15:06,Kerala,Kochi,9.94148,76.29881,Clear,Others,Medium,0,0,Sunday,December,MoRTH_Standardized_v2.1
MORTH23-13920,2023-05-14,11:42,Karnataka,Hubli,15.42317,75.18134,Clear,Car/Jeep/Van,Low,0,1,Sunday,May,MoRTH_Standardized_v2.1
MORTH23-13921,2023-05-11,17:20,Uttar Pradesh,Kanpur,26.51225,80.32774,Clear,Bus,Low,0,2,Thursday,May,MoRTH_Standardized_v2.1
MORTH23-13922,2023-09-15,10:46,Uttar Pradesh,Lucknow,26.79946,80.99149,Foggy,Truck/Lorry,High,0,1,Friday,September,MoRTH_Standardized_v2.1
MORTH23-13923,2023-02-01,18:31,Delhi/NCR,Kolkata,22.55565,88.396,Clear,Two-Wheeler,High,1,4,Wednesday,February,MoRTH_Standardized_v2.1
MORTH23-13924,2023-11-07,03:27,Delhi/NCR,Guwahati,26.1492,91.71964,Clear,Truck/Lorry,Medium,0,1,Tuesday,November,MoRTH_Standardized_v2.1
MORTH23-13925,2023-08-23,15:51,Delhi/NCR,Kolkata,22.59244,88.3613,Clear,Others,Low,0,0,Wednesday,August,MoRTH_Standardized_v2.1
MORTH23-13926,2023-06-27,17:22,Delhi/NCR,Kolkata,22.57294,88.35135,Clear,Two-Wheeler,High,1,1,Tuesday,June,MoRTH_Standardized_v2.1
MORTH23-13927,2023-07-23,14:04,Kerala,Kozhikode,11.25613,75.76415,Clear,Others,Low,0,1,Sunday,July,MoRTH_Standardized_v2.1
MORTH23-13928,2023-08-10,22:03,Rajasthan,Jaipur,26.90318,75.78471,Clear,Auto-Rickshaw,Medium,0,0,Thursday,August,MoRTH_Standardized_v2.1
MORTH23-13929,2023-01-10,18:08,Uttar Pradesh,Lucknow,26.8307,80.8995,Cloudy,Auto-Rickshaw,Low,0,2,Tuesday,January,MoRTH_Standardized_v2.1
MORTH23-13930,2023-06-13,06:12,Karnataka,Mysore,12.29655,76.60794,Cloudy,Car/Jeep/Van,Medium,0,2,Tuesday,June,MoRTH_Standardized_v2.1
MORTH23-13931,2023-03-28,21:56,Delhi/NCR,Kolkata,22.60765,88.34053,Rainy,Two-Wheeler,Critical,2,4,Tuesday,March,MoRTH_Standardized_v2.1
MORTH23-13932,2023-03-05,21:07,Tamil Nadu,Madurai,9.89402,78.07429,Foggy,Auto-Rickshaw,High,0,3,Sunday,March,MoRTH_Standardized_v2.1
MORTH23-13933,2023-06-15,15:13,Rajasthan,Jaipur,26.9292,75.84425,Clear,Bus,Low,0,0,Thursday,June,MoRTH_Standardized_v2.1
MORTH23-13934,2023-06-19,20:26,Delhi/NCR,Guwahati,26.14533,91.69551,Clear,Two-Wheeler,High,0,3,Monday,June,MoRTH_Standardized_v2.1
MORTH23-13935,2023-04-17,13:49,Delhi/NCR,Kolkata,22.51824,88.33436,Clear,Bus,Medium,0,2,Monday,April,MoRTH_Standardized_v2.1
MORTH23-13936,2023-01-28,11:33,Karnataka,Bangalore,12.98346,77.61202,Cloudy,Truck/Lorry,Low,0,2,Saturday,January,MoRTH_Standardized_v2.1
MORTH23-13937,2023-05-27,17:08,Delhi/NCR,Kolkata,22.62344,88.35001,Clear,Two-Wheeler,High,0,3,Saturday,May,MoRTH_Standardized_v2.1
MORTH23-13938,2023-12-25,12:45,Tamil Nadu,Chennai,13.09279,80.31802,Clear,Car/Jeep/Van,Low,0,1,Monday,December,MoRTH_Standardized_v2.1
MORTH23-13939,2023-05-25,21:25,Karnataka,Mysore,12.33606,76.64759,Clear,Two-Wheeler,High,1,1,Thursday,May,MoRTH_Standardized_v2.1
MORTH23-13940,2023-11-25,15:46,Delhi/NCR,Delhi,28.64171,77.22846,Clear,Two-Wheeler,High,0,2,Saturday,November,MoRTH_Standardized_v2.1
MORTH23-13941,2023-01-31,05:07,Telangana,Hyderabad,17.38148,78.48519,Rainy,Others,Medium,0,0,Tuesday,January,MoRTH_Standardized_v2.1
MORTH23-13942,2023-03-02,21:38,Tamil Nadu,Madurai,9.914,78.17648,Cloudy,Others,Low,0,0,Thursday,March,MoRTH_Standardized_v2.1
MORTH23-13943,2023-04-02,08:30,Delhi/NCR,Kolkata,22.63766,88.34416,Clear,Car/Jeep/Van,Low,0,1,Sunday,April,MoRTH_Standardized_v2.1
MORTH23-13944,2023-04-13,19:10,Telangana,Hyderabad,17.42939,78.50216,Clear,Car/Jeep/Van,Low,0,0,Thursday,April,MoRTH_Standardized_v2.1
MORTH23-13945,2023-06-01,03:31,Tamil Nadu,Madurai,9.93164,78.14937,Foggy,Bus,High,0,2,Thursday,June,MoRTH_Standardized_v2.1
MORTH23-13946,2023-03-30,20:13,Andhra Pradesh,Visakhapatnam,17.6297,83.22683,Clear,Car/Jeep/Van,Low,0,0,Thursday,March,MoRTH_Standardized_v2.1
MORTH23-13947,2023-02-21,09:43,Uttar Pradesh,Kanpur,26.4129,80.33542,Clear,Truck/Lorry,Low,0,0,Tuesday,February,MoRTH_Standardized_v2.1
MORTH23-13948,2023-09-22,21:45,Kerala,Thiruvananthapuram,8.55276,76.91241,Clear,Others,Low,0,0,Friday,September,MoRTH_Standardized_v2.1
MORTH23-13949,2023-02-27,12:35,Madhya Pradesh,Gwalior,26.21486,78.23375,Clear,Others,Medium,0,0,Monday,February,MoRTH_Standardized_v2.1
MORTH23-13950,2023-07-09,19:17,Maharashtra,Mumbai,19.06148,72.8759,Clear,Two-Wheeler,High,0,3,Sunday,July,MoRTH_Standardized_v2.1
MORTH23-13951,2023-04-29,09:12,Andhra Pradesh,Visakhapatnam,17.63179,83.1886,Clear,Bus,Low,0,0,Saturday,April,MoRTH_Standardized_v2.1
MORTH23-13952,2023-12-27,07:50,Uttar Pradesh,Agra,27.16942,77.99649,Clear,Two-Wheeler,High,0,2,Wednesday,December,MoRTH_Standardized_v2.1
MORTH23-13953,2023-05-08,10:27,Madhya Pradesh,Indore,22.72168,75.85526,Rainy,Others,Medium,0,2,Monday,May,MoRTH_Standardized_v2.1
MORTH23-13954,2023-04-19,11:22,Andhra Pradesh,Vijayawada,16.49591,80.65226,Clear,Truck/Lorry,High,0,2,Wednesday,April,MoRTH_Standardized_v2.1
MORTH23-13955,2023-10-29,13:27,Karnataka,Mysore,12.26232,76.60303,Foggy,Two-Wheeler,High,0,3,Sunday,October,MoRTH_Standardized_v2.1
MORTH23-13956,2023-10-16,19:22,Delhi/NCR,Delhi,28.62498,77.2411,Clear,Car/Jeep/Van,Low,0,1,Monday,October,MoRTH_Standardized_v2.1
MORTH23-13957,2023-03-24,19:25,Gujarat,Surat,21.19063,72.85182,Clear,Two-Wheeler,High,0,4,Friday,March,MoRTH_Standardized_v2.1
MORTH23-13958,2023-12-09,08:59,Telangana,Warangal,17.98962,79.58483,Clear,Truck/Lorry,Medium,0,2,Saturday,December,MoRTH_Standardized_v2.1
MORTH23-13959,2023-09-17,17:17,Delhi/NCR,Kolkata,22.53502,88.34455,Clear,Car/Jeep/Van,Medium,0,1,Sunday,September,MoRTH_Standardized_v2.1
MORTH23-13960,2023-10-14,20:28,Karnataka,Mysore,12.31986,76.63426,Clear,Auto-Rickshaw,Low,0,1,Saturday,October,MoRTH_Standardized_v2.1
MORTH23-13961,2023-04-18,07:33,Tamil Nadu,Chennai,13.09817,80.22391,Clear,Others,Low,0,2,Tuesday,April,MoRTH_Standardized_v2.1
MORTH23-13962,2023-10-26,16:30,Karnataka,Bangalore,12.98169,77.57734,Clear,Truck/Lorry,High,0,1,Thursday,October,MoRTH_Standardized_v2.1
MORTH23-13963,2023-07-02,15:37,Telangana,Hyderabad,17.31688,78.51069,Clear,Truck/Lorry,High,0,3,Sunday,July,MoRTH_Standardized_v2.1
MORTH23-13964,2023-10-03,16:42,Delhi/NCR,Guwahati,26.14807,91.73461,Foggy,Bus,High,0,1,Tuesday,October,MoRTH_Standardized_v2.1
MORTH23-13965,2023-01-15,09:30,Kerala,Kochi,9.89405,76.25374,Clear,Two-Wheeler,High,0,2,Sunday,January,MoRTH_Standardized_v2.1
MORTH23-13966,2023-12-28,13:51,Karnataka,Mysore,12.29718,76.64558,Clear,Truck/Lorry,High,0,4,Thursday,December,MoRTH_Standardized_v2.1
MORTH23-13967,2023-10-23,10:31,Maharashtra,Mumbai,19.10868,72.88001,Foggy,Bus,Medium,0,2,Monday,October,MoRTH_Standardized_v2.1
MORTH23-13968,2023-07-02,01:53,Madhya Pradesh,Indore,22.65601,75.89741,Rainy,Truck/Lorry,Critical,2,4,Sunday,July,MoRTH_Standardized_v2.1
MORTH23-13969,2023-06-13,08:37,Maharashtra,Nagpur,21.16917,79.05188,Cloudy,Two-Wheeler,Medium,0,1,Tuesday,June,MoRTH_Standardized_v2.1
MORTH23-13970,2023-05-29,19:45,Rajasthan,Jodhpur,26.25487,73.04209,Clear,Truck/Lorry,High,0,4,Monday,May,MoRTH_Standardized_v2.1
MORTH23-13971,2023-12-15,10:32,Gujarat,Ahmedabad,23.02269,72.57532,Clear,Bus,Low,0,1,Friday,December,MoRTH_Standardized_v2.1
MORTH23-13972,2023-05-02,18:58,Delhi/NCR,Delhi,28.60197,77.17356,Clear,Two-Wheeler,Medium,0,0,Tuesday,May,MoRTH_Standardized_v2.1
MORTH23-13973,2023-05-15,16:39,Delhi/NCR,Kolkata,22.63277,88.3474,Clear,Two-Wheeler,Medium,0,1,Monday,May,MoRTH_Standardized_v2.1
MORTH23-13974,2023-05-24,18:54,Delhi/NCR,Kolkata,22.5597,88.37722,Rainy,Others,Medium,0,0,Wednesday,May,MoRTH_Standardized_v2.1
MORTH23-13975,2023-01-03,17:55,Delhi/NCR,Delhi,28.63757,77.20917,Clear,Car/Jeep/Van,Low,0,2,Tuesday,January,MoRTH_Standardized_v2.1
MORTH23-13976,2023-12-03,20:38,Delhi/NCR,Guwahati,26.10556,91.73316,Clear,Truck/Lorry,Low,0,1,Sunday,December,MoRTH_Standardized_v2.1
MORTH23-13977,2023-08-21,21:28,Maharashtra,Mumbai,19.05301,72.88532,Clear,Auto-Rickshaw,Low,0,0,Monday,August,MoRTH_Standardized_v2.1
MORTH23-13978,2023-09-13,08:22,Delhi/NCR,Delhi,28.63476,77.21946,Rainy,Two-Wheeler,High,0,4,Wednesday,September,MoRTH_Standardized_v2.1
MORTH23-13979,2023-10-23,11:13,Tamil Nadu,Chennai,13.09531,80.28691,Clear,Two-Wheeler,High,1,2,Monday,October,MoRTH_Standardized_v2.1
MORTH23-13980,2023-11-18,14:02,Delhi/NCR,Delhi,28.6524,77.19913,Clear,Two-Wheeler,Medium,0,0,Saturday,November,MoRTH_Standardized_v2.1
MORTH23-13981,2023-01-25,00:28,Uttar Pradesh,Kanpur,26.39917,80.37667,Rainy,Two-Wheeler,Critical,3,4,Wednesday,January,MoRTH_Standardized_v2.1
MORTH23-13982,2023-02-26,11:22,Delhi/NCR,Delhi,28.59502,77.24952,Clear,Two-Wheeler,High,0,1,Sunday,February,MoRTH_Standardized_v2.1
MORTH23-13983,2023-12-12,00:26,Madhya Pradesh,Bhopal,23.25977,77.40026,Clear,Bus,Medium,0,2,Tuesday,December,MoRTH_Standardized_v2.1
MORTH23-13984,2023-12-27,12:24,Delhi/NCR,Guwahati,26.17178,91.74607,Foggy,Two-Wheeler,Critical,1,6,Wednesday,December,MoRTH_Standardized_v2.1
MORTH23-13985,2023-06-28,12:55,Delhi/NCR,Kolkata,22.59557,88.37589,Cloudy,Two-Wheeler,Medium,0,1,Wednesday,June,MoRTH_Standardized_v2.1
MORTH23-13986,2023-10-08,15:43,Tamil Nadu,Chennai,13.05321,80.30381,Foggy,Auto-Rickshaw,High,0,4,Sunday,October,MoRTH_Standardized_v2.1
MORTH23-13987,2023-12-07,13:52,Madhya Pradesh,Indore,22.68435,75.8725,Clear,Car/Jeep/Van,Low,0,1,Thursday,December,MoRTH_Standardized_v2.1
MORTH23-13988,2023-02-20,09:34,Tamil Nadu,Coimbatore,11.01073,76.93919,Clear,Car/Jeep/Van,Low,0,1,Monday,February,MoRTH_Standardized_v2.1
MORTH23-13989,2023-11-01,05:42,Telangana,Warangal,17.94184,79.6236,Rainy,Others,Medium,0,0,Wednesday,November,MoRTH_Standardized_v2.1
MORTH23-13990,2023-08-30,08:05,Rajasthan,Jodhpur,26.27802,73.00657,Clear,Two-Wheeler,High,0,3,Wednesday,August,MoRTH_Standardized_v2.1
MORTH23-13991,2023-10-03,10:58,Andhra Pradesh,Vijayawada,16.4632,80.68026,Clear,Truck/Lorry,High,0,2,Tuesday,October,MoRTH_Standardized_v2.1
MORTH23-13992,2023-12-29,09:33,Madhya Pradesh,Bhopal,23.23855,77.48422,Clear,Two-Wheeler,Medium,0,0,Friday,December,MoRTH_Standardized_v2.1
MORTH23-13993,2023-12-11,20:25,Delhi/NCR,Delhi,28.60354,77.18435,Rainy,Two-Wheeler,Critical,2,5,Monday,December,MoRTH_Standardized_v2.1
MORTH23-13994,2023-01-10,19:28,Delhi/NCR,Guwahati,26.18303,91.72517,Clear,Truck/Lorry,Medium,0,2,Tuesday,January,MoRTH_Standardized_v2.1
MORTH23-13995,2023-09-05,07:34,Delhi/NCR,Kolkata,22.55396,88.35921,Clear,Others,Low,0,0,Tuesday,September,MoRTH_Standardized_v2.1
MORTH23-13996,2023-10-15,18:33,Delhi/NCR,Kolkata,22.61664,88.30969,Rainy,Two-Wheeler,High,0,1,Sunday,October,MoRTH_Standardized_v2.1
MORTH23-13997,2023-06-09,13:19,Tamil Nadu,Coimbatore,10.99802,76.95432,Clear,Two-Wheeler,Medium,0,2,Friday,June,MoRTH_Standardized_v2.1
MORTH23-13998,2023-07-10,18:23,Andhra Pradesh,Visakhapatnam,17.67711,83.26319,Rainy,Others,High,1,1,Monday,July,MoRTH_Standardized_v2.1
MORTH23-13999,2023-01-07,20:56,Delhi/NCR,Kolkata,22.60894,88.29872,Clear,Two-Wheeler,Medium,0,1,Saturday,January,MoRTH_Standardized_v2.1
MORTH23-14000,2023-08-30,19:56,Rajasthan,Jaipur,26.94149,75.78196,Clear,Two-Wheeler,High,0,2,Wednesday,August,MoRTH_Standardized_v2.1
MORTH23-14001,2023-10-26,17:22,Delhi/NCR,Kolkata,22.58476,88.37362,Rainy,Others,High,0,1,Thursday,October,MoRTH_Standardized_v2.1
MORTH23-14002,2023-11-05,17:49,Tamil Nadu,Madurai,9.85993,78.15843,Clear,Two-Wheeler,High,0,4,Sunday,November,MoRTH_Standardized_v2.1
MORTH23-14003,2023-07-22,17:21,Gujarat,Surat,21.14485,72.8452,Clear,Car/Jeep/Van,Low,0,2,Saturday,July,MoRTH_Standardized_v2.1
MORTH23-14004,2023-10-09,04:19,Tamil Nadu,Coimbatore,10.98968,76.99277,Clear,Others,Low,0,2,Monday,October,MoRTH_Standardized_v2.1
MORTH23-14005,2023-03-13,14:54,Madhya Pradesh,Gwalior,26.242,78.20782,Clear,Truck/Lorry,High,0,2,Monday,March,MoRTH_Standardized_v2.1
MORTH23-14006,2023-02-07,17:32,Rajasthan,Jodhpur,26.27751,73.09572,Clear,Others,Low,0,2,Tuesday,February,MoRTH_Standardized_v2.1
MORTH23-14007,2023-07-31,10:05,Tamil Nadu,Coimbatore,11.03102,76.95688,Foggy,Bus,High,0,1,Monday,July,MoRTH_Standardized_v2.1
MORTH23-14008,2023-07-18,18:02,Tamil Nadu,Madurai,9.94637,78.10516,Clear,Car/Jeep/Van,Medium,0,0,Tuesday,July,MoRTH_Standardized_v2.1
MORTH23-14009,2023-02-17,22:54,Gujarat,Ahmedabad,23.01694,72.57357,Foggy,Two-Wheeler,Critical,1,4,Friday,February,MoRTH_Standardized_v2.1
MORTH23-14010,2023-10-14,09:53,Maharashtra,Mumbai,19.0505,72.8748,Clear,Car/Jeep/Van,Low,0,0,Saturday,October,MoRTH_Standardized_v2.1
MORTH23-14011,2023-04-28,11:42,Telangana,Warangal,18.04134,79.60514,Rainy,Auto-Rickshaw,Medium,0,2,Friday,April,MoRTH_Standardized_v2.1
MORTH23-14012,2023-10-23,22:11,Delhi/NCR,Kolkata,22.57642,88.36357,Clear,Two-Wheeler,Critical,2,6,Monday,October,MoRTH_Standardized_v2.1
MORTH23-14013,2023-03-19,08:40,Tamil Nadu,Madurai,9.95176,78.15342,Clear,Two-Wheeler,Medium,0,1,Sunday,March,MoRTH_Standardized_v2.1
MORTH23-14014,2023-09-13,11:59,Delhi/NCR,Delhi,28.61987,77.22167,Foggy,Truck/Lorry,High,0,2,Wednesday,September,MoRTH_Standardized_v2.1
MORTH23-14015,2023-10-31,19:30,Maharashtra,Mumbai,19.09133,72.90399,Clear,Auto-Rickshaw,Medium,0,0,Tuesday,October,MoRTH_Standardized_v2.1
MORTH23-14016,2023-11-21,10:13,Madhya Pradesh,Gwalior,26.20494,78.20395,Clear,Two-Wheeler,Medium,0,2,Tuesday,November,MoRTH_Standardized_v2.1
MORTH23-14017,2023-08-31,16:22,Gujarat,Surat,21.18446,72.83324,Clear,Two-Wheeler,High,0,2,Thursday,August,MoRTH_Standardized_v2.1
MORTH23-14018,2023-02-26,17:52,Uttar Pradesh,Lucknow,26.89085,80.98151,Clear,Auto-Rickshaw,Low,0,1,Sunday,February,MoRTH_Standardized_v2.1
MORTH23-14019,2023-12-23,14:21,Gujarat,Ahmedabad,23.02614,72.57697,Clear,Car/Jeep/Van,Low,0,2,Saturday,December,MoRTH_Standardized_v2.1
MORTH23-14020,2023-06-29,22:58,Gujarat,Surat,21.17831,72.81358,Clear,Two-Wheeler,High,1,2,Thursday,June,MoRTH_Standardized_v2.1
MORTH23-14021,2023-09-24,17:20,Madhya Pradesh,Bhopal,23.29244,77.45868,Foggy,Truck/Lorry,Critical,1,5,Sunday,September,MoRTH_Standardized_v2.1
MORTH23-14022,2023-09-11,07:12,Telangana,Warangal,17.9865,79.59492,Clear,Others,Low,0,0,Monday,September,MoRTH_Standardized_v2.1
MORTH23-14023,2023-07-18,23:58,Karnataka,Mysore,12.28862,76.63431,Clear,Two-Wheeler,Critical,1,6,Tuesday,July,MoRTH_Standardized_v2.1
MORTH23-14024,2023-04-26,02:29,Uttar Pradesh,Lucknow,26.81617,80.9444,Clear,Two-Wheeler,High,0,1,Wednesday,April,MoRTH_Standardized_v2.1
MORTH23-14025,2023-05-31,16:03,Madhya Pradesh,Gwalior,26.24181,78.25933,Clear,Two-Wheeler,Medium,0,2,Wednesday,May,MoRTH_Standardized_v2.1
MORTH23-14026,2023-11-02,21:49,Uttar Pradesh,Agra,27.13806,78.03743,Rainy,Car/Jeep/Van,High,0,1,Thursday,November,MoRTH_Standardized_v2.1
MORTH23-14027,2023-05-07,20:19,Tamil Nadu,Madurai,9.92138,78.11375,Clear,Two-Wheeler,High,1,2,Sunday,May,MoRTH_Standardized_v2.1
MORTH23-14028,2023-10-25,14:48,Maharashtra,Pune,18.51239,73.84945,Clear,Car/Jeep/Van,Medium,0,1,Wednesday,October,MoRTH_Standardized_v2.1
MORTH23-14029,2023-02-02,14:02,Delhi/NCR,Guwahati,26.13712,91.7283,Cloudy,Two-Wheeler,High,0,4,Thursday,February,MoRTH_Standardized_v2.1
MORTH23-14030,2023-12-23,19:28,Delhi/NCR,Delhi,28.56836,77.22298,Clear,Truck/Lorry,Medium,0,2,Saturday,December,MoRTH_Standardized_v2.1
MORTH23-14031,2023-06-08,17:28,Uttar Pradesh,Lucknow,26.80674,80.91996,Clear,Car/Jeep/Van,Medium,0,1,Thursday,June,MoRTH_Standardized_v2.1
MORTH23-14032,2023-01-10,00:22,Tamil Nadu,Coimbatore,11.03355,76.92,Foggy,Two-Wheeler,Critical,1,6,Tuesday,January,MoRTH_Standardized_v2.1
MORTH23-14033,2023-06-16,16:33,Kerala,Kozhikode,11.25302,75.75338,Clear,Bus,Low,0,0,Friday,June,MoRTH_Standardized_v2.1
MORTH23-14034,2023-04-20,09:29,Karnataka,Mysore,12.31797,76.66486,Clear,Two-Wheeler,Medium,0,1,Thursday,April,MoRTH_Standardized_v2.1
MORTH23-14035,2023-12-23,17:16,Kerala,Thiruvananthapuram,8.56371,76.94222,Foggy,Two-Wheeler,Critical,3,4,Saturday,December,MoRTH_Standardized_v2.1
MORTH23-14036,2023-08-03,16:06,Tamil Nadu,Chennai,13.12549,80.24241,Clear,Car/Jeep/Van,Low,0,0,Thursday,August,MoRTH_Standardized_v2.1
MORTH23-14037,2023-11-24,12:52,Madhya Pradesh,Bhopal,23.25911,77.41166,Clear,Car/Jeep/Van,Low,0,2,Friday,November,MoRTH_Standardized_v2.1
MORTH23-14038,2023-08-29,20:44,Delhi/NCR,Kolkata,22.57638,88.32142,Rainy,Bus,High,0,2,Tuesday,August,MoRTH_Standardized_v2.1
MORTH23-14039,2023-01-28,08:05,Delhi/NCR,Kolkata,22.57561,88.32527,Rainy,Auto-Rickshaw,Medium,0,1,Saturday,January,MoRTH_Standardized_v2.1
MORTH23-14040,2023-01-13,06:17,Maharashtra,Mumbai,19.07095,72.88609,Clear,Truck/Lorry,Medium,0,1,Friday,January,MoRTH_Standardized_v2.1
MORTH23-14041,2023-04-21,07:25,Karnataka,Mysore,12.30382,76.62313,Clear,Two-Wheeler,Medium,0,2,Friday,April,MoRTH_Standardized_v2.1
MORTH23-14042,2023-07-03,20:01,Karnataka,Hubli,15.38938,75.11369,Clear,Auto-Rickshaw,Low,0,1,Monday,July,MoRTH_Standardized_v2.1
MORTH23-14043,2023-02-27,18:05,Maharashtra,Pune,18.5232,73.91162,Clear,Two-Wheeler,Medium,0,0,Monday,February,MoRTH_Standardized_v2.1
MORTH23-14044,2023-08-27,19:12,Delhi/NCR,Delhi,28.62675,77.1494,Clear,Others,Low,0,1,Sunday,August,MoRTH_Standardized_v2.1
MORTH23-14045,2023-07-16,08:26,Uttar Pradesh,Lucknow,26.90473,80.98911,Clear,Truck/Lorry,Medium,0,1,Sunday,July,MoRTH_Standardized_v2.1
MORTH23-14046,2023-01-29,16:17,Delhi/NCR,Delhi,28.6289,77.2627,Clear,Truck/Lorry,Medium,0,1,Sunday,January,MoRTH_Standardized_v2.1
MORTH23-14047,2023-10-01,10:57,Delhi/NCR,Kolkata,22.56172,88.34951,Clear,Two-Wheeler,Medium,0,2,Sunday,October,MoRTH_Standardized_v2.1
MORTH23-14048,2023-09-01,07:33,Madhya Pradesh,Indore,22.6838,75.88294,Clear,Two-Wheeler,Medium,0,0,Friday,September,MoRTH_Standardized_v2.1
MORTH23-14049,2023-09-30,13:17,Delhi/NCR,Kolkata,22.52646,88.34642,Foggy,Truck/Lorry,Critical,1,2,Saturday,September,MoRTH_Standardized_v2.1
MORTH23-14050,2023-11-22,18:22,Uttar Pradesh,Lucknow,26.83508,80.94557,Clear,Two-Wheeler,Medium,0,1,Wednesday,November,MoRTH_Standardized_v2.1
MORTH23-14051,2023-01-31,16:50,Delhi/NCR,Guwahati,26.1356,91.74766,Clear,Auto-Rickshaw,Low,0,0,Tuesday,January,MoRTH_Standardized_v2.1
MORTH23-14052,2023-02-17,09:14,Rajasthan,Jodhpur,26.23737,72.99154,Clear,Car/Jeep/Van,Low,0,1,Friday,February,MoRTH_Standardized_v2.1
MORTH23-14053,2023-10-13,08:59,Delhi/NCR,Guwahati,26.18742,91.77027,Clear,Two-Wheeler,High,0,2,Friday,October,MoRTH_Standardized_v2.1
MORTH23-14054,2023-10-15,14:16,Karnataka,Mysore,12.31479,76.66392,Clear,Truck/Lorry,Medium,0,0,Sunday,October,MoRTH_Standardized_v2.1
MORTH23-14055,2023-12-30,15:27,Andhra Pradesh,Vijayawada,16.50342,80.64751,Cloudy,Two-Wheeler,Medium,0,2,Saturday,December,MoRTH_Standardized_v2.1
MORTH23-14056,2023-07-04,13:13,Telangana,Warangal,17.94401,79.6057,Clear,Car/Jeep/Van,Low,0,1,Tuesday,July,MoRTH_Standardized_v2.1
MORTH23-14057,2023-11-20,06:03,Madhya Pradesh,Gwalior,26.24629,78.18625,Clear,Two-Wheeler,High,1,1,Monday,November,MoRTH_Standardized_v2.1
MORTH23-14058,2023-11-23,14:41,Uttar Pradesh,Agra,27.19393,77.99533,Clear,Two-Wheeler,Medium,0,2,Thursday,November,MoRTH_Standardized_v2.1
MORTH23-14059,2023-01-13,15:36,Rajasthan,Jaipur,26.88845,75.78054,Clear,Two-Wheeler,High,0,2,Friday,January,MoRTH_Standardized_v2.1
MORTH23-14060,2023-09-29,14:40,Rajasthan,Jodhpur,26.19377,73.0014,Clear,Two-Wheeler,High,0,2,Friday,September,MoRTH_Standardized_v2.1
MORTH23-14061,2023-07-07,21:58,Delhi/NCR,Delhi,28.56632,77.16944,Clear,Two-Wheeler,High,0,4,Friday,July,MoRTH_Standardized_v2.1
MORTH23-14062,2023-04-09,11:42,Maharashtra,Mumbai,19.09417,72.82173,Clear,Two-Wheeler,High,0,2,Sunday,April,MoRTH_Standardized_v2.1
MORTH23-14063,2023-12-30,16:39,Delhi/NCR,Guwahati,26.14203,91.71224,Clear,Two-Wheeler,Medium,0,2,Saturday,December,MoRTH_Standardized_v2.1
MORTH23-14064,2023-07-14,18:59,Delhi/NCR,Kolkata,22.57672,88.35171,Foggy,Auto-Rickshaw,Medium,0,1,Friday,July,MoRTH_Standardized_v2.1
MORTH23-14065,2023-07-07,06:16,Maharashtra,Pune,18.53751,73.86986,Clear,Two-Wheeler,Medium,0,2,Friday,July,MoRTH_Standardized_v2.1
MORTH23-14066,2023-03-23,06:03,Delhi/NCR,Kolkata,22.57379,88.39738,Foggy,Two-Wheeler,Critical,1,2,Thursday,March,MoRTH_Standardized_v2.1
MORTH23-14067,2023-01-07,22:08,Tamil Nadu,Chennai,13.10186,80.27769,Clear,Car/Jeep/Van,Medium,0,2,Saturday,January,MoRTH_Standardized_v2.1
MORTH23-14068,2023-12-08,18:33,Karnataka,Hubli,15.3912,75.13137,Clear,Car/Jeep/Van,Low,0,2,Friday,December,MoRTH_Standardized_v2.1
MORTH23-14069,2023-08-18,21:22,Maharashtra,Nagpur,21.15721,79.11302,Clear,Two-Wheeler,High,0,4,Friday,August,MoRTH_Standardized_v2.1
MORTH23-14070,2023-06-18,18:17,Karnataka,Mysore,12.23248,76.64149,Clear,Bus,Low,0,1,Sunday,June,MoRTH_Standardized_v2.1
MORTH23-14071,2023-04-10,03:25,Karnataka,Mysore,12.31577,76.61845,Clear,Two-Wheeler,High,1,4,Monday,April,MoRTH_Standardized_v2.1
MORTH23-14072,2023-01-15,21:37,Delhi/NCR,Delhi,28.56833,77.27272,Clear,Others,Low,0,0,Sunday,January,MoRTH_Standardized_v2.1
MORTH23-14073,2023-12-21,15:13,Tamil Nadu,Madurai,9.86126,78.1482,Foggy,Car/Jeep/Van,High,0,4,Thursday,December,MoRTH_Standardized_v2.1
MORTH23-14074,2023-01-22,21:50,Rajasthan,Jaipur,26.91863,75.75501,Clear,Others,Low,0,0,Sunday,January,MoRTH_Standardized_v2.1
MORTH23-14075,2023-06-14,07:58,Kerala,Kochi,9.92647,76.30263,Foggy,Two-Wheeler,Critical,2,4,Wednesday,June,MoRTH_Standardized_v2.1
MORTH23-14076,2023-09-03,18:26,Delhi/NCR,Kolkata,22.51436,88.34761,Clear,Two-Wheeler,High,0,2,Sunday,September,MoRTH_Standardized_v2.1
MORTH23-14077,2023-10-14,06:43,Delhi/NCR,Delhi,28.59445,77.20626,Foggy,Two-Wheeler,Critical,1,2,Saturday,October,MoRTH_Standardized_v2.1
MORTH23-14078,2023-10-20,15:51,Delhi/NCR,Kolkata,22.54689,88.37892,Clear,Car/Jeep/Van,Low,0,0,Friday,October,MoRTH_Standardized_v2.1
MORTH23-14079,2023-02-28,03:56,Andhra Pradesh,Vijayawada,16.50491,80.63058,Clear,Car/Jeep/Van,Medium,0,2,Tuesday,February,MoRTH_Standardized_v2.1
MORTH23-14080,2023-07-30,04:51,Kerala,Kochi,9.88451,76.19819,Clear,Two-Wheeler,Critical,2,6,Sunday,July,MoRTH_Standardized_v2.1
MORTH23-14081,2023-11-19,13:22,Delhi/NCR,Guwahati,26.18445,91.72413,Clear,Two-Wheeler,High,0,1,Sunday,November,MoRTH_Standardized_v2.1
MORTH23-14082,2023-05-08,07:27,Madhya Pradesh,Bhopal,23.24417,77.46336,Clear,Two-Wheeler,High,1,2,Monday,May,MoRTH_Standardized_v2.1
MORTH23-14083,2023-07-31,17:48,Andhra Pradesh,Visakhapatnam,17.68784,83.18207,Clear,Two-Wheeler,High,0,3,Monday,July,MoRTH_Standardized_v2.1
MORTH23-14084,2023-01-15,14:16,Andhra Pradesh,Vijayawada,16.4863,80.64292,Cloudy,Auto-Rickshaw,Medium,0,1,Sunday,January,MoRTH_Standardized_v2.1
MORTH23-14085,2023-05-14,18:17,Uttar Pradesh,Agra,27.20932,77.9596,Rainy,Others,High,0,1,Sunday,May,MoRTH_Standardized_v2.1
MORTH23-14086,2023-01-11,13:37,Tamil Nadu,Madurai,9.94032,78.10384,Clear,Two-Wheeler,Medium,0,1,Wednesday,January,MoRTH_Standardized_v2.1
MORTH23-14087,2023-03-14,21:49,Delhi/NCR,Kolkata,22.58476,88.32075,Foggy,Auto-Rickshaw,Medium,0,0,Tuesday,March,MoRTH_Standardized_v2.1
MORTH23-14088,2023-01-29,11:20,Delhi/NCR,Delhi,28.65021,77.23331,Rainy,Two-Wheeler,High,1,3,Sunday,January,MoRTH_Standardized_v2.1
MORTH23-14089,2023-08-06,21:48,Delhi/NCR,Guwahati,26.147,91.71248,Foggy,Auto-Rickshaw,High,0,2,Sunday,August,MoRTH_Standardized_v2.1
MORTH23-14090,2023-02-14,13:01,Karnataka,Bangalore,12.96014,77.62985,Clear,Truck/Lorry,Medium,0,1,Tuesday,February,MoRTH_Standardized_v2.1
MORTH23-14091,2023-10-10,21:27,Madhya Pradesh,Gwalior,26.16026,78.21631,Clear,Two-Wheeler,High,1,3,Tuesday,October,MoRTH_Standardized_v2.1
MORTH23-14092,2023-02-17,14:44,Kerala,Kozhikode,11.29525,75.7601,Clear,Truck/Lorry,Medium,0,1,Friday,February,MoRTH_Standardized_v2.1
MORTH23-14093,2023-12-21,13:40,Andhra Pradesh,Visakhapatnam,17.6808,83.16534,Clear,Two-Wheeler,Medium,0,2,Thursday,December,MoRTH_Standardized_v2.1
MORTH23-14094,2023-10-28,19:01,Madhya Pradesh,Gwalior,26.23332,78.1373,Clear,Two-Wheeler,Medium,0,0,Saturday,October,MoRTH_Standardized_v2.1
MORTH23-14095,2023-01-03,09:53,Maharashtra,Mumbai,19.10372,72.87369,Clear,Car/Jeep/Van,Low,0,0,Tuesday,January,MoRTH_Standardized_v2.1
MORTH23-14096,2023-10-19,07:30,Delhi/NCR,Kolkata,22.56715,88.33849,Clear,Two-Wheeler,Medium,0,0,Thursday,October,MoRTH_Standardized_v2.1
MORTH23-14097,2023-03-10,20:51,Tamil Nadu,Chennai,13.08464,80.32603,Clear,Two-Wheeler,Medium,0,0,Friday,March,MoRTH_Standardized_v2.1
MORTH23-14098,2023-12-12,15:00,Tamil Nadu,Madurai,9.99094,78.07524,Clear,Truck/Lorry,Low,0,2,Tuesday,December,MoRTH_Standardized_v2.1
MORTH23-14099,2023-04-17,16:43,Karnataka,Mysore,12.27912,76.59644,Clear,Two-Wheeler,High,1,2,Monday,April,MoRTH_Standardized_v2.1
MORTH23-14100,2023-11-20,08:56,Karnataka,Bangalore,13.01721,77.558,Clear,Others,Low,0,0,Monday,November,MoRTH_Standardized_v2.1
MORTH23-14101,2023-03-21,15:06,Delhi/NCR,Guwahati,26.12361,91.77458,Foggy,Bus,Medium,0,0,Tuesday,March,MoRTH_Standardized_v2.1
MORTH23-14102,2023-08-15,16:00,Rajasthan,Jaipur,26.91294,75.79464,Foggy,Truck/Lorry,High,1,4,Tuesday,August,MoRTH_Standardized_v2.1
MORTH23-14103,2023-02-01,22:56,Telangana,Warangal,17.94205,79.57116,Rainy,Truck/Lorry,Critical,3,2,Wednesday,February,MoRTH_Standardized_v2.1
MORTH23-14104,2023-11-30,20:50,Gujarat,Surat,21.22592,72.83984,Cloudy,Car/Jeep/Van,Low,0,2,Thursday,November,MoRTH_Standardized_v2.1
MORTH23-14105,2023-11-07,15:27,Delhi/NCR,Kolkata,22.55981,88.38512,Clear,Two-Wheeler,High,0,4,Tuesday,November,MoRTH_Standardized_v2.1
MORTH23-14106,2023-04-13,14:30,Kerala,Kozhikode,11.32747,75.7526,Cloudy,Truck/Lorry,Medium,0,2,Thursday,April,MoRTH_Standardized_v2.1
MORTH23-14107,2023-12-11,17:18,Gujarat,Surat,21.16681,72.81092,Clear,Auto-Rickshaw,Low,0,1,Monday,December,MoRTH_Standardized_v2.1
MORTH23-14108,2023-12-18,00:24,Maharashtra,Pune,18.52067,73.80042,Rainy,Two-Wheeler,Critical,3,3,Monday,December,MoRTH_Standardized_v2.1
MORTH23-14109,2023-03-16,16:59,Delhi/NCR,Kolkata,22.59046,88.37557,Rainy,Bus,Medium,0,1,Thursday,March,MoRTH_Standardized_v2.1
MORTH23-14110,2023-02-06,17:45,Madhya Pradesh,Gwalior,26.23159,78.16331,Cloudy,Two-Wheeler,High,1,1,Monday,February,MoRTH_Standardized_v2.1
MORTH23-14111,2023-06-07,16:04,Uttar Pradesh,Kanpur,26.46258,80.35894,Cloudy,Two-Wheeler,Medium,0,1,Wednesday,June,MoRTH_Standardized_v2.1
MORTH23-14112,2023-09-01,10:25,Telangana,Hyderabad,17.41839,78.44875,Clear,Others,Low,0,2,Friday,September,MoRTH_Standardized_v2.1
MORTH23-14113,2023-09-05,11:33,Delhi/NCR,Delhi,28.63494,77.2104,Clear,Auto-Rickshaw,Low,0,1,Tuesday,September,MoRTH_Standardized_v2.1
MORTH23-14114,2023-08-02,17:03,Rajasthan,Jaipur,26.97206,75.7632,Clear,Bus,Low,0,0,Wednesday,August,MoRTH_Standardized_v2.1
MORTH23-14115,2023-12-12,14:54,Andhra Pradesh,Visakhapatnam,17.68998,83.22701,Clear,Two-Wheeler,High,0,1,Tuesday,December,MoRTH_Standardized_v2.1
MORTH23-14116,2023-10-28,19:34,Tamil Nadu,Madurai,9.9326,78.15344,Foggy,Auto-Rickshaw,Medium,0,0,Saturday,October,MoRTH_Standardized_v2.1
MORTH23-14117,2023-03-28,09:59,Madhya Pradesh,Bhopal,23.25474,77.41924,Clear,Car/Jeep/Van,Medium,0,1,Tuesday,March,MoRTH_Standardized_v2.1
MORTH23-14118,2023-12-14,21:39,Gujarat,Ahmedabad,22.95078,72.58256,Rainy,Auto-Rickshaw,High,0,4,Thursday,December,MoRTH_Standardized_v2.1
MORTH23-14119,2023-10-21,19:17,Madhya Pradesh,Gwalior,26.19055,78.14451,Clear,Auto-Rickshaw,Medium,0,1,Saturday,October,MoRTH_Standardized_v2.1
MORTH23-14120,2023-04-18,12:34,Tamil Nadu,Chennai,13.03541,80.28954,Clear,Car/Jeep/Van,Low,0,2,Tuesday,April,MoRTH_Standardized_v2.1
MORTH23-14121,2023-09-02,03:49,Madhya Pradesh,Gwalior,26.21279,78.15757,Clear,Car/Jeep/Van,Medium,0,2,Saturday,September,MoRTH_Standardized_v2.1
MORTH23-14122,2023-08-19,23:39,Madhya Pradesh,Indore,22.70638,75.84888,Clear,Two-Wheeler,Critical,1,2,Saturday,August,MoRTH_Standardized_v2.1
MORTH23-14123,2023-05-13,07:09,Maharashtra,Nagpur,21.16669,79.05214,Clear,Auto-Rickshaw,Medium,0,0,Saturday,May,MoRTH_Standardized_v2.1
MORTH23-14124,2023-12-15,22:15,Madhya Pradesh,Bhopal,23.29721,77.48536,Clear,Two-Wheeler,High,1,2,Friday,December,MoRTH_Standardized_v2.1
MORTH23-14125,2023-07-17,00:00,Delhi/NCR,Delhi,28.66597,77.21861,Clear,Others,High,1,4,Monday,July,MoRTH_Standardized_v2.1
MORTH23-14126,2023-08-21,11:01,Telangana,Hyderabad,17.32377,78.45474,Clear,Car/Jeep/Van,Low,0,1,Monday,August,MoRTH_Standardized_v2.1
MORTH23-14127,2023-07-31,07:35,Rajasthan,Jodhpur,26.21692,72.98693,Rainy,Two-Wheeler,Critical,1,4,Monday,July,MoRTH_Standardized_v2.1
MORTH23-14128,2023-09-21,15:20,Tamil Nadu,Chennai,13.08629,80.2837,Clear,Two-Wheeler,High,0,3,Thursday,September,MoRTH_Standardized_v2.1
MORTH23-14129,2023-11-23,12:35,Andhra Pradesh,Visakhapatnam,17.67259,83.21889,Clear,Bus,Medium,0,0,Thursday,November,MoRTH_Standardized_v2.1
MORTH23-14130,2023-12-16,09:54,Delhi/NCR,Delhi,28.56913,77.25048,Clear,Two-Wheeler,High,0,2,Saturday,December,MoRTH_Standardized_v2.1
MORTH23-14131,2023-03-11,19:00,Delhi/NCR,Kolkata,22.61585,88.31442,Clear,Two-Wheeler,Medium,0,1,Saturday,March,MoRTH_Standardized_v2.1
MORTH23-14132,2023-03-14,09:48,Delhi/NCR,Kolkata,22.57717,88.37861,Cloudy,Car/Jeep/Van,Low,0,2,Tuesday,March,MoRTH_Standardized_v2.1
MORTH23-14133,2023-11-28,12:53,Madhya Pradesh,Gwalior,26.22907,78.17741,Clear,Truck/Lorry,High,0,1,Tuesday,November,MoRTH_Standardized_v2.1
MORTH23-14134,2023-07-09,19:25,Kerala,Thiruvananthapuram,8.49162,76.92411,Clear,Two-Wheeler,High,0,1,Sunday,July,MoRTH_Standardized_v2.1
MORTH23-14135,2023-07-23,16:24,Delhi/NCR,Delhi,28.62876,77.21443,Clear,Two-Wheeler,High,1,3,Sunday,July,MoRTH_Standardized_v2.1
MORTH23-14136,2023-07-18,10:10,Tamil Nadu,Madurai,9.92282,78.11418,Clear,Two-Wheeler,High,0,1,Tuesday,July,MoRTH_Standardized_v2.1
MORTH23-14137,2023-09-07,20:35,Kerala,Kochi,9.96769,76.30408,Clear,Car/Jeep/Van,Low,0,0,Thursday,September,MoRTH_Standardized_v2.1
MORTH23-14138,2023-10-19,20:52,Delhi/NCR,Kolkata,22.57622,88.37198,Clear,Car/Jeep/Van,Low,0,2,Thursday,October,MoRTH_Standardized_v2.1
MORTH23-14139,2023-02-09,21:28,Karnataka,Hubli,15.3849,75.10924,Foggy,Two-Wheeler,Critical,2,3,Thursday,February,MoRTH_Standardized_v2.1
MORTH23-14140,2023-05-12,17:07,Delhi/NCR,Kolkata,22.59456,88.30973,Clear,Truck/Lorry,High,1,2,Friday,May,MoRTH_Standardized_v2.1
MORTH23-14141,2023-07-04,16:35,Madhya Pradesh,Indore,22.71563,75.93461,Clear,Car/Jeep/Van,Low,0,0,Tuesday,July,MoRTH_Standardized_v2.1
MORTH23-14142,2023-08-18,14:50,Delhi/NCR,Kolkata,22.57296,88.33501,Foggy,Two-Wheeler,Critical,3,6,Friday,August,MoRTH_Standardized_v2.1
MORTH23-14143,2023-02-10,19:28,Telangana,Hyderabad,17.36962,78.45997,Clear,Car/Jeep/Van,Low,0,2,Friday,February,MoRTH_Standardized_v2.1
MORTH23-14144,2023-07-18,14:00,Tamil Nadu,Madurai,9.92262,78.14119,Clear,Others,Medium,0,0,Tuesday,July,MoRTH_Standardized_v2.1
MORTH23-14145,2023-12-15,14:07,Madhya Pradesh,Indore,22.74559,75.83498,Foggy,Auto-Rickshaw,High,0,2,Friday,December,MoRTH_Standardized_v2.1
MORTH23-14146,2023-09-12,13:45,Maharashtra,Mumbai,19.05402,72.83015,Rainy,Two-Wheeler,High,1,2,Tuesday,September,MoRTH_Standardized_v2.1
MORTH23-14147,2023-03-25,07:52,Madhya Pradesh,Gwalior,26.30002,78.10723,Clear,Two-Wheeler,Medium,0,2,Saturday,March,MoRTH_Standardized_v2.1
MORTH23-14148,2023-12-14,17:33,Delhi/NCR,Delhi,28.61149,77.17721,Clear,Two-Wheeler,High,0,3,Thursday,December,MoRTH_Standardized_v2.1
MORTH23-14149,2023-10-04,03:41,Kerala,Thiruvananthapuram,8.5615,76.91711,Clear,Two-Wheeler,Critical,1,2,Wednesday,October,MoRTH_Standardized_v2.1
MORTH23-14150,2023-07-25,09:33,Uttar Pradesh,Agra,27.20968,77.99896,Clear,Two-Wheeler,High,0,4,Tuesday,July,MoRTH_Standardized_v2.1
MORTH23-14151,2023-10-21,17:38,Maharashtra,Nagpur,21.14668,79.12738,Rainy,Two-Wheeler,Critical,3,6,Saturday,October,MoRTH_Standardized_v2.1
MORTH23-14152,2023-05-11,15:59,Andhra Pradesh,Visakhapatnam,17.67088,83.20639,Cloudy,Two-Wheeler,Medium,0,2,Thursday,May,MoRTH_Standardized_v2.1
MORTH23-14153,2023-10-03,18:08,Madhya Pradesh,Indore,22.74907,75.82782,Clear,Two-Wheeler,Medium,0,2,Tuesday,October,MoRTH_Standardized_v2.1
MORTH23-14154,2023-05-02,03:26,Karnataka,Bangalore,12.99647,77.58755,Clear,Others,Low,0,1,Tuesday,May,MoRTH_Standardized_v2.1
MORTH23-14155,2023-05-11,15:44,Maharashtra,Nagpur,21.15581,79.08894,Cloudy,Two-Wheeler,Medium,0,2,Thursday,May,MoRTH_Standardized_v2.1
MORTH23-14156,2023-04-10,02:14,Madhya Pradesh,Gwalior,26.21921,78.17963,Clear,Auto-Rickshaw,High,0,2,Monday,April,MoRTH_Standardized_v2.1
MORTH23-14157,2023-01-28,06:06,Karnataka,Mysore,12.29181,76.61865,Clear,Two-Wheeler,Medium,0,2,Saturday,January,MoRTH_Standardized_v2.1
MORTH23-14158,2023-02-13,15:48,Tamil Nadu,Chennai,13.08275,80.23915,Clear,Two-Wheeler,High,1,1,Monday,February,MoRTH_Standardized_v2.1
MORTH23-14159,2023-11-12,13:15,Delhi/NCR,Delhi,28.62539,77.21895,Clear,Bus,Low,0,2,Sunday,November,MoRTH_Standardized_v2.1
MORTH23-14160,2023-09-09,03:36,Delhi/NCR,Kolkata,22.48353,88.35769,Clear,Truck/Lorry,Medium,0,0,Saturday,September,MoRTH_Standardized_v2.1
MORTH23-14161,2023-01-31,19:21,Andhra Pradesh,Visakhapatnam,17.69712,83.21572,Clear,Others,Low,0,2,Tuesday,January,MoRTH_Standardized_v2.1
MORTH23-14162,2023-11-17,15:53,Rajasthan,Jaipur,26.93912,75.8374,Clear,Bus,Medium,0,2,Friday,November,MoRTH_Standardized_v2.1
MORTH23-14163,2023-08-04,21:04,Andhra Pradesh,Vijayawada,16.49357,80.65555,Clear,Car/Jeep/Van,Low,0,2,Friday,August,MoRTH_Standardized_v2.1
MORTH23-14164,2023-09-22,08:03,Delhi/NCR,Guwahati,26.12618,91.73495,Clear,Two-Wheeler,Medium,0,1,Friday,September,MoRTH_Standardized_v2.1
MORTH23-14165,2023-07-17,10:37,Gujarat,Ahmedabad,22.99353,72.58556,Clear,Auto-Rickshaw,Low,0,1,Monday,July,MoRTH_Standardized_v2.1
MORTH23-14166,2023-11-21,18:33,Telangana,Warangal,17.96934,79.56106,Clear,Truck/Lorry,Medium,0,1,Tuesday,November,MoRTH_Standardized_v2.1
MORTH23-14167,2023-02-10,18:37,Telangana,Warangal,17.95445,79.55181,Cloudy,Bus,Low,0,1,Friday,February,MoRTH_Standardized_v2.1
MORTH23-14168,2023-04-26,21:27,Karnataka,Mysore,12.26348,76.62423,Clear,Two-Wheeler,Medium,0,2,Wednesday,April,MoRTH_Standardized_v2.1
MORTH23-14169,2023-06-28,02:15,Delhi/NCR,Kolkata,22.54785,88.27849,Clear,Others,High,0,3,Wednesday,June,MoRTH_Standardized_v2.1
MORTH23-14170,2023-09-12,07:26,Rajasthan,Jaipur,26.88168,75.75652,Clear,Truck/Lorry,Medium,0,0,Tuesday,September,MoRTH_Standardized_v2.1
MORTH23-14171,2023-11-18,11:19,Maharashtra,Nagpur,21.14757,79.10426,Cloudy,Truck/Lorry,Medium,0,0,Saturday,November,MoRTH_Standardized_v2.1
MORTH23-14172,2023-10-09,08:10,Tamil Nadu,Madurai,9.9449,78.11016,Clear,Truck/Lorry,High,0,1,Monday,October,MoRTH_Standardized_v2.1
MORTH23-14173,2023-10-24,18:50,Tamil Nadu,Madurai,9.95709,78.12802,Clear,Auto-Rickshaw,Low,0,0,Tuesday,October,MoRTH_Standardized_v2.1
MORTH23-14174,2023-01-03,05:35,Delhi/NCR,Delhi,28.64932,77.25379,Rainy,Two-Wheeler,Critical,2,5,Tuesday,January,MoRTH_Standardized_v2.1
MORTH23-14175,2023-09-30,08:31,Delhi/NCR,Kolkata,22.59588,88.36523,Foggy,Two-Wheeler,Critical,2,3,Saturday,September,MoRTH_Standardized_v2.1
MORTH23-14176,2023-09-15,09:24,Karnataka,Hubli,15.40011,75.14021,Cloudy,Two-Wheeler,Medium,0,2,Friday,September,MoRTH_Standardized_v2.1
MORTH23-14177,2023-12-30,17:13,Maharashtra,Nagpur,21.17843,79.10475,Rainy,Two-Wheeler,Critical,3,6,Saturday,December,MoRTH_Standardized_v2.1
MORTH23-14178,2023-02-10,00:16,Andhra Pradesh,Vijayawada,16.50492,80.65363,Clear,Two-Wheeler,Critical,3,6,Friday,February,MoRTH_Standardized_v2.1
MORTH23-14179,2023-05-08,20:24,Madhya Pradesh,Bhopal,23.22949,77.41444,Clear,Car/Jeep/Van,Medium,0,2,Monday,May,MoRTH_Standardized_v2.1
MORTH23-14180,2023-08-28,19:22,Delhi/NCR,Guwahati,26.1607,91.72334,Clear,Two-Wheeler,Medium,0,1,Monday,August,MoRTH_Standardized_v2.1
MORTH23-14181,2023-03-09,17:29,Delhi/NCR,Delhi,28.54714,77.22256,Clear,Bus,Low,0,1,Thursday,March,MoRTH_Standardized_v2.1
MORTH23-14182,2023-07-14,20:28,Madhya Pradesh,Bhopal,23.23685,77.43931,Clear,Truck/Lorry,Medium,0,0,Friday,July,MoRTH_Standardized_v2.1
MORTH23-14183,2023-10-03,12:25,Telangana,Warangal,17.9164,79.55496,Clear,Two-Wheeler,High,0,2,Tuesday,October,MoRTH_Standardized_v2.1
MORTH23-14184,2023-01-26,06:45,Madhya Pradesh,Indore,22.64216,75.83667,Clear,Two-Wheeler,High,0,2,Thursday,January,MoRTH_Standardized_v2.1
MORTH23-14185,2023-01-01,19:00,Uttar Pradesh,Agra,27.1216,78.08039,Cloudy,Two-Wheeler,Medium,0,1,Sunday,January,MoRTH_Standardized_v2.1
MORTH23-14186,2023-02-22,22:26,Uttar Pradesh,Agra,27.15882,78.01381,Clear,Auto-Rickshaw,Medium,0,0,Wednesday,February,MoRTH_Standardized_v2.1
MORTH23-14187,2023-07-22,17:37,Uttar Pradesh,Kanpur,26.42714,80.34032,Rainy,Two-Wheeler,High,1,2,Saturday,July,MoRTH_Standardized_v2.1
MORTH23-14188,2023-05-24,11:17,Kerala,Kochi,9.96701,76.25164,Clear,Auto-Rickshaw,Low,0,0,Wednesday,May,MoRTH_Standardized_v2.1
MORTH23-14189,2023-09-24,19:44,Delhi/NCR,Kolkata,22.54714,88.37725,Clear,Two-Wheeler,Medium,0,2,Sunday,September,MoRTH_Standardized_v2.1
MORTH23-14190,2023-07-02,10:52,Maharashtra,Pune,18.48457,73.86888,Clear,Auto-Rickshaw,Low,0,2,Sunday,July,MoRTH_Standardized_v2.1
MORTH23-14191,2023-07-22,15:28,Delhi/NCR,Kolkata,22.57697,88.34513,Clear,Others,Medium,0,0,Saturday,July,MoRTH_Standardized_v2.1
MORTH23-14192,2023-10-07,07:35,Karnataka,Hubli,15.34625,75.12943,Clear,Two-Wheeler,Medium,0,0,Saturday,October,MoRTH_Standardized_v2.1
MORTH23-14193,2023-04-24,07:48,Delhi/NCR,Delhi,28.60207,77.1992,Clear,Car/Jeep/Van,Low,0,0,Monday,April,MoRTH_Standardized_v2.1
MORTH23-14194,2023-02-08,12:16,Rajasthan,Jodhpur,26.27587,73.0005,Clear,Bus,Medium,0,2,Wednesday,February,MoRTH_Standardized_v2.1
MORTH23-14195,2023-04-11,12:06,Kerala,Kozhikode,11.31263,75.7853,Clear,Two-Wheeler,High,1,3,Tuesday,April,MoRTH_Standardized_v2.1
MORTH23-14196,2023-08-08,15:27,Telangana,Hyderabad,17.40099,78.44441,Rainy,Two-Wheeler,Critical,2,4,Tuesday,August,MoRTH_Standardized_v2.1
MORTH23-14197,2023-04-30,06:28,Madhya Pradesh,Gwalior,26.24126,78.22664,Clear,Two-Wheeler,High,0,1,Sunday,April,MoRTH_Standardized_v2.1
MORTH23-14198,2023-07-08,14:40,Madhya Pradesh,Bhopal,23.22778,77.44954,Clear,Others,Low,0,2,Saturday,July,MoRTH_Standardized_v2.1
MORTH23-14199,2023-07-28,06:51,Tamil Nadu,Madurai,9.93876,78.05708,Rainy,Bus,Medium,0,2,Friday,July,MoRTH_Standardized_v2.1
MORTH23-14200,2023-08-31,04:54,Uttar Pradesh,Agra,27.18861,77.97368,Clear,Car/Jeep/Van,High,0,2,Thursday,August,MoRTH_Standardized_v2.1
MORTH23-14201,2023-12-03,11:52,Madhya Pradesh,Indore,22.70705,75.84128,Cloudy,Car/Jeep/Van,Low,0,0,Sunday,December,MoRTH_Standardized_v2.1
MORTH23-14202,2023-02-17,14:44,Tamil Nadu,Chennai,13.08273,80.27299,Clear,Two-Wheeler,Medium,0,2,Friday,February,MoRTH_Standardized_v2.1
MORTH23-14203,2023-02-09,23:30,Gujarat,Surat,21.13241,72.81172,Clear,Truck/Lorry,Critical,2,4,Thursday,February,MoRTH_Standardized_v2.1
MORTH23-14204,2023-07-31,08:05,Madhya Pradesh,Indore,22.72486,75.85009,Clear,Others,Low,0,2,Monday,July,MoRTH_Standardized_v2.1
MORTH23-14205,2023-04-05,16:40,Rajasthan,Jaipur,26.92605,75.76679,Clear,Bus,Medium,0,2,Wednesday,April,MoRTH_Standardized_v2.1
MORTH23-14206,2023-12-19,10:38,Karnataka,Bangalore,12.96473,77.57256,Foggy,Auto-Rickshaw,High,0,4,Tuesday,December,MoRTH_Standardized_v2.1
MORTH23-14207,2023-06-24,04:41,Maharashtra,Pune,18.51576,73.82883,Clear,Two-Wheeler,Critical,2,2,Saturday,June,MoRTH_Standardized_v2.1
MORTH23-14208,2023-03-26,04:30,Madhya Pradesh,Indore,22.73557,75.87693,Clear,Car/Jeep/Van,Medium,0,2,Sunday,March,MoRTH_Standardized_v2.1
MORTH23-14209,2023-01-05,16:25,Telangana,Warangal,17.99629,79.58453,Cloudy,Bus,Low,0,0,Thursday,January,MoRTH_Standardized_v2.1
MORTH23-14210,2023-06-28,08:07,Madhya Pradesh,Indore,22.7221,75.84034,Clear,Two-Wheeler,Medium,0,1,Wednesday,June,MoRTH_Standardized_v2.1
MORTH23-14211,2023-01-06,15:35,Delhi/NCR,Kolkata,22.53883,88.34456,Clear,Auto-Rickshaw,Medium,0,0,Friday,January,MoRTH_Standardized_v2.1
MORTH23-14212,2023-11-28,07:55,Telangana,Warangal,17.99544,79.62491,Clear,Others,Low,0,0,Tuesday,November,MoRTH_Standardized_v2.1
MORTH23-14213,2023-07-23,01:07,Madhya Pradesh,Gwalior,26.18464,78.16617,Clear,Car/Jeep/Van,Low,0,0,Sunday,July,MoRTH_Standardized_v2.1
MORTH23-14214,2023-05-15,03:52,Madhya Pradesh,Indore,22.72699,75.87496,Clear,Truck/Lorry,High,0,4,Monday,May,MoRTH_Standardized_v2.1
MORTH23-14215,2023-02-09,18:24,Telangana,Warangal,17.98982,79.62768,Rainy,Others,High,1,1,Thursday,February,MoRTH_Standardized_v2.1
MORTH23-14216,2023-02-23,13:40,Karnataka,Bangalore,12.97055,77.57939,Clear,Two-Wheeler,Medium,0,2,Thursday,February,MoRTH_Standardized_v2.1
MORTH23-14217,2023-07-17,02:47,Rajasthan,Jodhpur,26.23382,73.00557,Clear,Two-Wheeler,High,0,2,Monday,July,MoRTH_Standardized_v2.1
MORTH23-14218,2023-05-21,02:50,Tamil Nadu,Madurai,9.94411,78.12372,Clear,Two-Wheeler,High,0,3,Sunday,May,MoRTH_Standardized_v2.1
MORTH23-14219,2023-06-12,19:51,Maharashtra,Pune,18.51809,73.83042,Foggy,Two-Wheeler,High,0,4,Monday,June,MoRTH_Standardized_v2.1
MORTH23-14220,2023-09-30,13:54,Madhya Pradesh,Indore,22.68453,75.82726,Clear,Two-Wheeler,High,0,1,Saturday,September,MoRTH_Standardized_v2.1
MORTH23-14221,2023-04-03,15:28,Maharashtra,Nagpur,21.15038,79.08685,Clear,Others,Low,0,1,Monday,April,MoRTH_Standardized_v2.1
MORTH23-14222,2023-07-12,04:02,Kerala,Thiruvananthapuram,8.51204,76.91332,Clear,Two-Wheeler,Critical,3,3,Wednesday,July,MoRTH_Standardized_v2.1
MORTH23-14223,2023-05-19,19:43,Telangana,Hyderabad,17.47036,78.4448,Clear,Two-Wheeler,High,0,2,Friday,May,MoRTH_Standardized_v2.1
MORTH23-14224,2023-01-12,15:02,Delhi/NCR,Guwahati,26.14387,91.75916,Clear,Others,Low,0,2,Thursday,January,MoRTH_Standardized_v2.1
MORTH23-14225,2023-06-10,09:50,Uttar Pradesh,Agra,27.11321,78.01548,Clear,Bus,Medium,0,0,Saturday,June,MoRTH_Standardized_v2.1
MORTH23-14226,2023-01-17,15:07,Maharashtra,Mumbai,19.03872,72.93326,Rainy,Two-Wheeler,High,0,4,Tuesday,January,MoRTH_Standardized_v2.1
MORTH23-14227,2023-09-30,12:54,Kerala,Kochi,9.92358,76.22291,Clear,Two-Wheeler,Medium,0,0,Saturday,September,MoRTH_Standardized_v2.1
MORTH23-14228,2023-05-05,01:30,Karnataka,Bangalore,12.97923,77.58399,Foggy,Car/Jeep/Van,Critical,2,3,Friday,May,MoRTH_Standardized_v2.1
MORTH23-14229,2023-11-12,09:13,Gujarat,Surat,21.14852,72.84755,Clear,Two-Wheeler,Medium,0,1,Sunday,November,MoRTH_Standardized_v2.1
MORTH23-14230,2023-05-23,12:31,Kerala,Kochi,9.93678,76.27715,Clear,Two-Wheeler,High,0,2,Tuesday,May,MoRTH_Standardized_v2.1
MORTH23-14231,2023-05-21,02:54,Madhya Pradesh,Bhopal,23.28595,77.4291,Clear,Two-Wheeler,High,0,1,Sunday,May,MoRTH_Standardized_v2.1
MORTH23-14232,2023-08-07,21:10,Delhi/NCR,Kolkata,22.55752,88.34512,Foggy,Two-Wheeler,Critical,2,3,Monday,August,MoRTH_Standardized_v2.1
MORTH23-14233,2023-07-21,12:30,Maharashtra,Mumbai,19.03591,72.88302,Clear,Truck/Lorry,High,0,1,Friday,July,MoRTH_Standardized_v2.1
MORTH23-14234,2023-04-16,17:54,Telangana,Hyderabad,17.3368,78.46596,Foggy,Two-Wheeler,Critical,2,3,Sunday,April,MoRTH_Standardized_v2.1
MORTH23-14235,2023-04-05,13:15,Andhra Pradesh,Vijayawada,16.54883,80.65955,Clear,Auto-Rickshaw,Low,0,1,Wednesday,April,MoRTH_Standardized_v2.1
MORTH23-14236,2023-08-27,00:24,Kerala,Kozhikode,11.27925,75.81296,Clear,Bus,Low,0,0,Sunday,August,MoRTH_Standardized_v2.1
MORTH23-14237,2023-01-30,06:49,Telangana,Warangal,18.03218,79.58472,Clear,Two-Wheeler,High,0,2,Monday,January,MoRTH_Standardized_v2.1
MORTH23-14238,2023-11-03,14:00,Delhi/NCR,Guwahati,26.1472,91.71426,Clear,Two-Wheeler,High,0,3,Friday,November,MoRTH_Standardized_v2.1
MORTH23-14239,2023-06-08,03:19,Kerala,Thiruvananthapuram,8.48509,76.91796,Rainy,Car/Jeep/Van,Critical,1,5,Thursday,June,MoRTH_Standardized_v2.1
MORTH23-14240,2023-01-01,08:59,Kerala,Kozhikode,11.25823,75.83951,Clear,Two-Wheeler,High,0,4,Sunday,January,MoRTH_Standardized_v2.1
MORTH23-14241,2023-05-28,14:08,Maharashtra,Pune,18.52458,73.86249,Clear,Two-Wheeler,Medium,0,1,Sunday,May,MoRTH_Standardized_v2.1
MORTH23-14242,2023-02-01,00:19,Uttar Pradesh,Agra,27.14716,78.0062,Clear,Truck/Lorry,High,0,2,Wednesday,February,MoRTH_Standardized_v2.1
MORTH23-14243,2023-05-23,16:36,Delhi/NCR,Kolkata,22.53269,88.40389,Clear,Auto-Rickshaw,Medium,0,1,Tuesday,May,MoRTH_Standardized_v2.1
MORTH23-14244,2023-10-15,20:57,Karnataka,Hubli,15.3874,75.0961,Foggy,Others,High,0,4,Sunday,October,MoRTH_Standardized_v2.1
MORTH23-14245,2023-01-26,16:52,Karnataka,Bangalore,12.95064,77.63221,Clear,Two-Wheeler,High,1,3,Thursday,January,MoRTH_Standardized_v2.1
MORTH23-14246,2023-05-07,20:19,Uttar Pradesh,Lucknow,26.86243,80.95445,Clear,Truck/Lorry,Low,0,1,Sunday,May,MoRTH_Standardized_v2.1
MORTH23-14247,2023-04-06,15:46,Kerala,Kochi,9.96485,76.18376,Clear,Car/Jeep/Van,Medium,0,2,Thursday,April,MoRTH_Standardized_v2.1
MORTH23-14248,2023-07-01,01:17,Delhi/NCR,Kolkata,22.5129,88.37122,Clear,Truck/Lorry,High,1,1,Saturday,July,MoRTH_Standardized_v2.1
MORTH23-14249,2023-10-13,22:45,Andhra Pradesh,Vijayawada,16.50751,80.66633,Clear,Others,High,0,1,Friday,October,MoRTH_Standardized_v2.1
MORTH23-14250,2023-10-12,02:23,Delhi/NCR,Delhi,28.62617,77.2194,Clear,Bus,Medium,0,2,Thursday,October,MoRTH_Standardized_v2.1
MORTH23-14251,2023-12-05,09:38,Karnataka,Hubli,15.37894,75.14788,Foggy,Two-Wheeler,Critical,2,3,Tuesday,December,MoRTH_Standardized_v2.1
MORTH23-14252,2023-03-26,21:53,Tamil Nadu,Chennai,13.0846,80.28243,Clear,Two-Wheeler,Medium,0,2,Sunday,March,MoRTH_Standardized_v2.1
MORTH23-14253,2023-12-06,21:37,Uttar Pradesh,Lucknow,26.88398,80.94157,Cloudy,Two-Wheeler,Medium,0,2,Wednesday,December,MoRTH_Standardized_v2.1
MORTH23-14254,2023-09-12,01:54,Madhya Pradesh,Indore,22.71329,75.81849,Clear,Two-Wheeler,High,0,1,Tuesday,September,MoRTH_Standardized_v2.1
MORTH23-14255,2023-08-18,07:40,Madhya Pradesh,Indore,22.72272,75.88873,Clear,Truck/Lorry,High,0,2,Friday,August,MoRTH_Standardized_v2.1
MORTH23-14256,2023-04-19,16:41,Delhi/NCR,Kolkata,22.61544,88.34543,Clear,Two-Wheeler,High,0,3,Wednesday,April,MoRTH_Standardized_v2.1
MORTH23-14257,2023-05-19,18:23,Madhya Pradesh,Indore,22.68706,75.89321,Rainy,Car/Jeep/Van,High,1,2,Friday,May,MoRTH_Standardized_v2.1
MORTH23-14258,2023-08-20,13:49,Uttar Pradesh,Agra,27.18168,78.02875,Clear,Truck/Lorry,High,0,1,Sunday,August,MoRTH_Standardized_v2.1
MORTH23-14259,2023-03-18,05:02,Uttar Pradesh,Lucknow,26.85697,81.00531,Clear,Others,Low,0,2,Saturday,March,MoRTH_Standardized_v2.1
MORTH23-14260,2023-07-30,19:55,Delhi/NCR,Kolkata,22.57369,88.40106,Clear,Two-Wheeler,High,0,2,Sunday,July,MoRTH_Standardized_v2.1
MORTH23-14261,2023-12-26,19:58,Maharashtra,Pune,18.51439,73.90143,Clear,Two-Wheeler,Medium,0,1,Tuesday,December,MoRTH_Standardized_v2.1
MORTH23-14262,2023-04-08,21:35,Delhi/NCR,Guwahati,26.22057,91.72424,Cloudy,Two-Wheeler,High,0,1,Saturday,April,MoRTH_Standardized_v2.1
MORTH23-14263,2023-07-03,12:31,Madhya Pradesh,Bhopal,23.2761,77.43161,Clear,Two-Wheeler,High,0,4,Monday,July,MoRTH_Standardized_v2.1
MORTH23-14264,2023-08-21,18:42,Maharashtra,Nagpur,21.11577,79.02915,Clear,Bus,Low,0,0,Monday,August,MoRTH_Standardized_v2.1
MORTH23-14265,2023-09-04,23:40,Karnataka,Hubli,15.36202,75.1334,Foggy,Others,Critical,2,3,Monday,September,MoRTH_Standardized_v2.1
MORTH23-14266,2023-06-02,17:15,Kerala,Thiruvananthapuram,8.5063,76.95825,Foggy,Others,High,0,2,Friday,June,MoRTH_Standardized_v2.1
MORTH23-14267,2023-10-04,19:28,Uttar Pradesh,Agra,27.18178,78.03553,Rainy,Two-Wheeler,Critical,2,5,Wednesday,October,MoRTH_Standardized_v2.1
MORTH23-14268,2023-06-06,08:59,Rajasthan,Jaipur,26.90391,75.76312,Cloudy,Two-Wheeler,High,1,3,Tuesday,June,MoRTH_Standardized_v2.1
MORTH23-14269,2023-08-27,21:11,Tamil Nadu,Chennai,13.07255,80.22795,Rainy,Car/Jeep/Van,Medium,0,0,Sunday,August,MoRTH_Standardized_v2.1
MORTH23-14270,2023-02-26,10:54,Tamil Nadu,Coimbatore,10.97642,76.95167,Clear,Two-Wheeler,High,0,4,Sunday,February,MoRTH_Standardized_v2.1
MORTH23-14271,2023-05-19,17:11,Tamil Nadu,Chennai,13.12071,80.23902,Clear,Two-Wheeler,High,0,2,Friday,May,MoRTH_Standardized_v2.1
MORTH23-14272,2023-06-27,21:27,Delhi/NCR,Kolkata,22.59176,88.3524,Clear,Bus,Low,0,1,Tuesday,June,MoRTH_Standardized_v2.1
MORTH23-14273,2023-10-02,05:03,Uttar Pradesh,Lucknow,26.83706,80.94835,Clear,Two-Wheeler,Medium,0,2,Monday,October,MoRTH_Standardized_v2.1
MORTH23-14274,2023-04-14,15:41,Uttar Pradesh,Lucknow,26.90428,80.9084,Clear,Two-Wheeler,High,0,4,Friday,April,MoRTH_Standardized_v2.1
MORTH23-14275,2023-02-15,01:47,Tamil Nadu,Chennai,13.07751,80.23504,Clear,Bus,Medium,0,1,Wednesday,February,MoRTH_Standardized_v2.1
MORTH23-14276,2023-12-12,01:25,Karnataka,Bangalore,12.97167,77.61737,Clear,Two-Wheeler,Critical,1,6,Tuesday,December,MoRTH_Standardized_v2.1
MORTH23-14277,2023-05-27,06:57,Madhya Pradesh,Bhopal,23.23395,77.39719,Clear,Truck/Lorry,Medium,0,1,Saturday,May,MoRTH_Standardized_v2.1
MORTH23-14278,2023-08-02,20:35,Uttar Pradesh,Kanpur,26.42617,80.30204,Clear,Truck/Lorry,Medium,0,0,Wednesday,August,MoRTH_Standardized_v2.1
MORTH23-14279,2023-02-27,15:52,Tamil Nadu,Coimbatore,11.03528,76.95583,Clear,Car/Jeep/Van,Low,0,1,Monday,February,MoRTH_Standardized_v2.1
MORTH23-14280,2023-05-30,11:27,Andhra Pradesh,Vijayawada,16.49532,80.70694,Clear,Others,Low,0,2,Tuesday,May,MoRTH_Standardized_v2.1
MORTH23-14281,2023-03-09,19:49,Kerala,Kochi,9.96042,76.20498,Clear,Two-Wheeler,High,0,3,Thursday,March,MoRTH_Standardized_v2.1
MORTH23-14282,2023-10-30,07:31,Madhya Pradesh,Indore,22.73571,75.8453,Foggy,Bus,Medium,0,2,Monday,October,MoRTH_Standardized_v2.1
MORTH23-14283,2023-05-14,12:21,Telangana,Hyderabad,17.35305,78.46768,Clear,Two-Wheeler,High,1,4,Sunday,May,MoRTH_Standardized_v2.1
MORTH23-14284,2023-06-18,23:09,Kerala,Kozhikode,11.23584,75.77994,Clear,Others,Low,0,0,Sunday,June,MoRTH_Standardized_v2.1
MORTH23-14285,2023-01-12,16:02,Delhi/NCR,Delhi,28.58122,77.21358,Clear,Two-Wheeler,High,0,3,Thursday,January,MoRTH_Standardized_v2.1
MORTH23-14286,2023-05-12,10:24,Kerala,Thiruvananthapuram,8.4748,76.90149,Rainy,Car/Jeep/Van,Medium,0,0,Friday,May,MoRTH_Standardized_v2.1
MORTH23-14287,2023-12-28,15:08,Andhra Pradesh,Vijayawada,16.50834,80.65454,Clear,Two-Wheeler,High,0,2,Thursday,December,MoRTH_Standardized_v2.1
MORTH23-14288,2023-01-14,20:05,Delhi/NCR,Guwahati,26.16721,91.70545,Foggy,Truck/Lorry,High,1,4,Saturday,January,MoRTH_Standardized_v2.1
MORTH23-14289,2023-08-07,07:03,Delhi/NCR,Kolkata,22.56598,88.3662,Clear,Two-Wheeler,Medium,0,0,Monday,August,MoRTH_Standardized_v2.1
MORTH23-14290,2023-07-09,13:30,Karnataka,Hubli,15.38809,75.09245,Clear,Auto-Rickshaw,Low,0,2,Sunday,July,MoRTH_Standardized_v2.1
MORTH23-14291,2023-03-29,21:08,Uttar Pradesh,Lucknow,26.88379,80.95498,Clear,Truck/Lorry,Medium,0,0,Wednesday,March,MoRTH_Standardized_v2.1
MORTH23-14292,2023-01-16,16:23,Madhya Pradesh,Gwalior,26.23569,78.18956,Clear,Auto-Rickshaw,Low,0,2,Monday,January,MoRTH_Standardized_v2.1
MORTH23-14293,2023-01-09,15:30,Uttar Pradesh,Lucknow,26.84436,80.99669,Clear,Auto-Rickshaw,Medium,0,1,Monday,January,MoRTH_Standardized_v2.1
MORTH23-14294,2023-05-12,17:17,Tamil Nadu,Madurai,9.91968,78.12228,Clear,Truck/Lorry,High,1,1,Friday,May,MoRTH_Standardized_v2.1
MORTH23-14295,2023-10-10,10:04,Tamil Nadu,Chennai,13.1194,80.32053,Clear,Two-Wheeler,Medium,0,1,Tuesday,October,MoRTH_Standardized_v2.1
MORTH23-14296,2023-03-03,10:47,Karnataka,Hubli,15.34075,75.13579,Clear,Two-Wheeler,Medium,0,2,Friday,March,MoRTH_Standardized_v2.1
MORTH23-14297,2023-05-13,09:47,Rajasthan,Jaipur,26.94601,75.71644,Clear,Bus,Medium,0,0,Saturday,May,MoRTH_Standardized_v2.1
MORTH23-14298,2023-05-09,16:23,Maharashtra,Pune,18.53349,73.84109,Rainy,Two-Wheeler,High,0,2,Tuesday,May,MoRTH_Standardized_v2.1
MORTH23-14299,2023-08-14,09:56,Tamil Nadu,Coimbatore,11.02615,76.95954,Clear,Two-Wheeler,High,1,2,Monday,August,MoRTH_Standardized_v2.1
MORTH23-14300,2023-05-12,10:14,Karnataka,Hubli,15.35906,75.18836,Cloudy,Two-Wheeler,Medium,0,1,Friday,May,MoRTH_Standardized_v2.1
MORTH23-14301,2023-03-23,19:13,Delhi/NCR,Guwahati,26.13782,91.72875,Clear,Two-Wheeler,Medium,0,2,Thursday,March,MoRTH_Standardized_v2.1
MORTH23-14302,2023-08-17,06:59,Delhi/NCR,Delhi,28.62216,77.1919,Cloudy,Car/Jeep/Van,Low,0,0,Thursday,August,MoRTH_Standardized_v2.1
MORTH23-14303,2023-09-10,12:05,Delhi/NCR,Delhi,28.57909,77.2319,Clear,Two-Wheeler,High,0,3,Sunday,September,MoRTH_Standardized_v2.1
MORTH23-14304,2023-03-26,10:25,Telangana,Warangal,17.96267,79.59784,Clear,Two-Wheeler,Medium,0,0,Sunday,March,MoRTH_Standardized_v2.1
MORTH23-14305,2023-10-30,03:01,Tamil Nadu,Madurai,9.90032,78.15127,Clear,Two-Wheeler,High,0,4,Monday,October,MoRTH_Standardized_v2.1
MORTH23-14306,2023-05-27,10:03,Uttar Pradesh,Lucknow,26.83814,80.95246,Rainy,Car/Jeep/Van,High,1,3,Saturday,May,MoRTH_Standardized_v2.1
MORTH23-14307,2023-08-03,10:21,Kerala,Kochi,9.92015,76.27405,Foggy,Two-Wheeler,High,0,2,Thursday,August,MoRTH_Standardized_v2.1
MORTH23-14308,2023-01-10,16:04,Tamil Nadu,Chennai,13.11366,80.30697,Clear,Truck/Lorry,Medium,0,2,Tuesday,January,MoRTH_Standardized_v2.1
MORTH23-14309,2023-05-02,21:02,Maharashtra,Nagpur,21.17897,79.13009,Clear,Two-Wheeler,Medium,0,1,Tuesday,May,MoRTH_Standardized_v2.1
MORTH23-14310,2023-03-20,21:16,Rajasthan,Jodhpur,26.24103,72.971,Clear,Two-Wheeler,Medium,0,1,Monday,March,MoRTH_Standardized_v2.1
MORTH23-14311,2023-09-18,17:58,Madhya Pradesh,Indore,22.70475,75.86435,Clear,Two-Wheeler,Medium,0,1,Monday,September,MoRTH_Standardized_v2.1
MORTH23-14312,2023-03-10,09:31,Maharashtra,Pune,18.49672,73.81697,Clear,Bus,Low,0,0,Friday,March,MoRTH_Standardized_v2.1
MORTH23-14313,2023-02-21,15:22,Telangana,Warangal,17.90763,79.63298,Clear,Auto-Rickshaw,Low,0,0,Tuesday,February,MoRTH_Standardized_v2.1
MORTH23-14314,2023-03-19,15:13,Delhi/NCR,Delhi,28.58757,77.24123,Clear,Two-Wheeler,Medium,0,2,Sunday,March,MoRTH_Standardized_v2.1
MORTH23-14315,2023-02-08,15:27,Delhi/NCR,Kolkata,22.56178,88.34197,Rainy,Car/Jeep/Van,Medium,0,0,Wednesday,February,MoRTH_Standardized_v2.1
MORTH23-14316,2023-01-11,17:46,Uttar Pradesh,Lucknow,26.84941,80.94158,Clear,Car/Jeep/Van,Low,0,2,Wednesday,January,MoRTH_Standardized_v2.1
MORTH23-14317,2023-06-20,17:13,Karnataka,Hubli,15.38189,75.08778,Clear,Auto-Rickshaw,Low,0,1,Tuesday,June,MoRTH_Standardized_v2.1
MORTH23-14318,2023-04-02,10:18,Telangana,Warangal,17.96777,79.54921,Clear,Auto-Rickshaw,Low,0,1,Sunday,April,MoRTH_Standardized_v2.1
MORTH23-14319,2023-04-03,08:17,Maharashtra,Pune,18.43832,73.83702,Clear,Two-Wheeler,Medium,0,0,Monday,April,MoRTH_Standardized_v2.1
MORTH23-14320,2023-09-26,17:05,Delhi/NCR,Guwahati,26.15322,91.75543,Foggy,Two-Wheeler,Critical,1,5,Tuesday,September,MoRTH_Standardized_v2.1
MORTH23-14321,2023-12-18,16:00,Uttar Pradesh,Kanpur,26.46683,80.37114,Clear,Two-Wheeler,High,0,1,Monday,December,MoRTH_Standardized_v2.1
MORTH23-14322,2023-07-21,18:55,Rajasthan,Jodhpur,26.26104,72.99683,Clear,Car/Jeep/Van,Low,0,1,Friday,July,MoRTH_Standardized_v2.1
MORTH23-14323,2023-03-31,05:59,Uttar Pradesh,Kanpur,26.3926,80.31462,Clear,Two-Wheeler,Medium,0,0,Friday,March,MoRTH_Standardized_v2.1
MORTH23-14324,2023-09-03,12:53,Kerala,Kozhikode,11.23492,75.7663,Foggy,Two-Wheeler,Critical,2,5,Sunday,September,MoRTH_Standardized_v2.1
MORTH23-14325,2023-06-17,15:32,Karnataka,Bangalore,12.90329,77.62826,Rainy,Car/Jeep/Van,Medium,0,1,Saturday,June,MoRTH_Standardized_v2.1
MORTH23-14326,2023-07-26,14:53,Madhya Pradesh,Indore,22.70233,75.83448,Clear,Others,Medium,0,2,Wednesday,July,MoRTH_Standardized_v2.1
MORTH23-14327,2023-09-20,19:01,Delhi/NCR,Kolkata,22.58664,88.33254,Foggy,Auto-Rickshaw,Medium,0,2,Wednesday,September,MoRTH_Standardized_v2.1
MORTH23-14328,2023-03-29,09:35,Madhya Pradesh,Indore,22.73943,75.84822,Clear,Truck/Lorry,High,1,2,Wednesday,March,MoRTH_Standardized_v2.1
MORTH23-14329,2023-04-02,00:19,Gujarat,Surat,21.10736,72.81457,Clear,Truck/Lorry,Medium,0,0,Sunday,April,MoRTH_Standardized_v2.1
MORTH23-14330,2023-12-30,05:07,Tamil Nadu,Coimbatore,11.04667,76.96556,Clear,Others,Low,0,2,Saturday,December,MoRTH_Standardized_v2.1
MORTH23-14331,2023-05-24,23:09,Rajasthan,Jodhpur,26.18189,73.00324,Clear,Truck/Lorry,Critical,3,5,Wednesday,May,MoRTH_Standardized_v2.1
MORTH23-14332,2023-05-13,21:14,Telangana,Hyderabad,17.38047,78.45841,Foggy,Truck/Lorry,High,1,1,Saturday,May,MoRTH_Standardized_v2.1
MORTH23-14333,2023-10-15,17:21,Delhi/NCR,Kolkata,22.54632,88.37908,Foggy,Others,Medium,0,0,Sunday,October,MoRTH_Standardized_v2.1
MORTH23-14334,2023-05-21,11:29,Madhya Pradesh,Gwalior,26.25842,78.16655,Clear,Two-Wheeler,Medium,0,0,Sunday,May,MoRTH_Standardized_v2.1
MORTH23-14335,2023-06-10,14:17,Uttar Pradesh,Kanpur,26.42664,80.38448,Clear,Two-Wheeler,Medium,0,2,Saturday,June,MoRTH_Standardized_v2.1
MORTH23-14336,2023-02-19,19:44,Maharashtra,Nagpur,21.1699,79.08575,Clear,Car/Jeep/Van,Medium,0,0,Sunday,February,MoRTH_Standardized_v2.1
MORTH23-14337,2023-04-29,17:34,Maharashtra,Nagpur,21.1717,79.06882,Clear,Bus,Low,0,1,Saturday,April,MoRTH_Standardized_v2.1
MORTH23-14338,2023-10-29,05:22,Tamil Nadu,Madurai,9.94289,78.06805,Foggy,Auto-Rickshaw,High,0,2,Sunday,October,MoRTH_Standardized_v2.1
MORTH23-14339,2023-03-29,07:33,Tamil Nadu,Madurai,9.92586,78.05976,Clear,Auto-Rickshaw,Medium,0,0,Wednesday,March,MoRTH_Standardized_v2.1
MORTH23-14340,2023-07-01,21:02,Madhya Pradesh,Bhopal,23.22934,77.41439,Clear,Two-Wheeler,Medium,0,1,Saturday,July,MoRTH_Standardized_v2.1
MORTH23-14341,2023-10-08,07:20,Gujarat,Ahmedabad,23.04103,72.51629,Clear,Others,Low,0,2,Sunday,October,MoRTH_Standardized_v2.1
MORTH23-14342,2023-01-16,08:35,Madhya Pradesh,Indore,22.76454,75.82354,Rainy,Car/Jeep/Van,Medium,0,0,Monday,January,MoRTH_Standardized_v2.1
MORTH23-14343,2023-02-07,14:48,Kerala,Kozhikode,11.30698,75.79211,Rainy,Bus,High,0,3,Tuesday,February,MoRTH_Standardized_v2.1
MORTH23-14344,2023-11-18,18:42,Rajasthan,Jodhpur,26.30153,72.99328,Clear,Two-Wheeler,Medium,0,2,Saturday,November,MoRTH_Standardized_v2.1
MORTH23-14345,2023-04-19,14:23,Uttar Pradesh,Kanpur,26.43678,80.35289,Clear,Car/Jeep/Van,Low,0,1,Wednesday,April,MoRTH_Standardized_v2.1
MORTH23-14346,2023-01-16,15:39,Andhra Pradesh,Vijayawada,16.49196,80.68247,Clear,Two-Wheeler,High,0,4,Monday,January,MoRTH_Standardized_v2.1
MORTH23-14347,2023-06-14,21:22,Kerala,Kochi,9.89862,76.30041,Clear,Truck/Lorry,Medium,0,0,Wednesday,June,MoRTH_Standardized_v2.1
MORTH23-14348,2023-09-07,14:16,Uttar Pradesh,Agra,27.12897,78.03972,Clear,Car/Jeep/Van,Medium,0,2,Thursday,September,MoRTH_Standardized_v2.1
MORTH23-14349,2023-04-16,17:32,Rajasthan,Jodhpur,26.24222,73.00226,Clear,Two-Wheeler,Medium,0,1,Sunday,April,MoRTH_Standardized_v2.1
MORTH23-14350,2023-11-06,10:13,Tamil Nadu,Madurai,9.94584,78.12638,Clear,Two-Wheeler,High,0,3,Monday,November,MoRTH_Standardized_v2.1
MORTH23-14351,2023-10-28,13:51,Karnataka,Mysore,12.33159,76.62951,Rainy,Two-Wheeler,High,0,1,Saturday,October,MoRTH_Standardized_v2.1
MORTH23-14352,2023-02-11,07:42,Kerala,Kozhikode,11.29563,75.8522,Clear,Others,Low,0,0,Saturday,February,MoRTH_Standardized_v2.1
MORTH23-14353,2023-10-24,16:43,Uttar Pradesh,Kanpur,26.43196,80.34077,Clear,Car/Jeep/Van,Low,0,0,Tuesday,October,MoRTH_Standardized_v2.1
MORTH23-14354,2023-06-10,15:29,Andhra Pradesh,Visakhapatnam,17.67363,83.21671,Cloudy,Others,Low,0,2,Saturday,June,MoRTH_Standardized_v2.1
MORTH23-14355,2023-07-02,16:43,Delhi/NCR,Delhi,28.56883,77.14881,Clear,Two-Wheeler,Medium,0,2,Sunday,July,MoRTH_Standardized_v2.1
MORTH23-14356,2023-01-14,15:47,Delhi/NCR,Kolkata,22.59022,88.3445,Clear,Two-Wheeler,High,0,1,Saturday,January,MoRTH_Standardized_v2.1
MORTH23-14357,2023-11-07,21:37,Delhi/NCR,Kolkata,22.56755,88.34493,Foggy,Others,Medium,0,1,Tuesday,November,MoRTH_Standardized_v2.1
MORTH23-14358,2023-04-14,22:21,Tamil Nadu,Coimbatore,11.02795,76.95764,Clear,Bus,Medium,0,0,Friday,April,MoRTH_Standardized_v2.1
MORTH23-14359,2023-04-26,16:29,Tamil Nadu,Coimbatore,11.01859,76.94942,Clear,Bus,Medium,0,0,Wednesday,April,MoRTH_Standardized_v2.1
MORTH23-14360,2023-12-07,10:46,Karnataka,Mysore,12.29246,76.66321,Rainy,Car/Jeep/Van,Medium,0,0,Thursday,December,MoRTH_Standardized_v2.1
MORTH23-14361,2023-11-22,21:21,Delhi/NCR,Delhi,28.55392,77.22726,Clear,Others,Low,0,2,Wednesday,November,MoRTH_Standardized_v2.1
MORTH23-14362,2023-02-01,15:51,Delhi/NCR,Delhi,28.60312,77.2112,Clear,Two-Wheeler,High,0,3,Wednesday,February,MoRTH_Standardized_v2.1
MORTH23-14363,2023-08-11,07:29,Kerala,Kochi,9.93237,76.29009,Clear,Two-Wheeler,High,1,3,Friday,August,MoRTH_Standardized_v2.1
MORTH23-14364,2023-09-08,20:08,Madhya Pradesh,Bhopal,23.29405,77.47981,Clear,Truck/Lorry,High,0,1,Friday,September,MoRTH_Standardized_v2.1
MORTH23-14365,2023-07-17,15:42,Telangana,Warangal,17.95203,79.58776,Clear,Two-Wheeler,Medium,0,0,Monday,July,MoRTH_Standardized_v2.1
MORTH23-14366,2023-04-19,20:34,Madhya Pradesh,Indore,22.77217,75.84609,Clear,Car/Jeep/Van,Low,0,0,Wednesday,April,MoRTH_Standardized_v2.1
MORTH23-14367,2023-12-10,18:24,Madhya Pradesh,Bhopal,23.34007,77.39564,Foggy,Truck/Lorry,High,0,2,Sunday,December,MoRTH_Standardized_v2.1
MORTH23-14368,2023-06-01,14:10,Rajasthan,Jaipur,26.87805,75.78596,Clear,Car/Jeep/Van,Medium,0,0,Thursday,June,MoRTH_Standardized_v2.1
MORTH23-14369,2023-05-23,21:05,Madhya Pradesh,Gwalior,26.19932,78.12351,Clear,Two-Wheeler,High,1,3,Tuesday,May,MoRTH_Standardized_v2.1
MORTH23-14370,2023-02-07,19:35,Maharashtra,Mumbai,19.10296,72.84046,Clear,Two-Wheeler,Medium,0,0,Tuesday,February,MoRTH_Standardized_v2.1
MORTH23-14371,2023-08-01,15:16,Tamil Nadu,Chennai,13.05574,80.31585,Clear,Two-Wheeler,Medium,0,2,Tuesday,August,MoRTH_Standardized_v2.1
MORTH23-14372,2023-03-09,10:22,Uttar Pradesh,Lucknow,26.84118,80.96426,Clear,Truck/Lorry,High,1,3,Thursday,March,MoRTH_Standardized_v2.1
MORTH23-14373,2023-02-13,20:57,Tamil Nadu,Chennai,13.10162,80.25171,Clear,Two-Wheeler,High,0,2,Monday,February,MoRTH_Standardized_v2.1
MORTH23-14374,2023-05-15,08:57,Delhi/NCR,Delhi,28.63431,77.2471,Cloudy,Bus,Low,0,2,Monday,May,MoRTH_Standardized_v2.1
MORTH23-14375,2023-05-15,23:17,Karnataka,Mysore,12.26442,76.58002,Clear,Others,Low,0,1,Monday,May,MoRTH_Standardized_v2.1
MORTH23-14376,2023-01-09,14:21,Maharashtra,Pune,18.49338,73.81608,Clear,Auto-Rickshaw,Low,0,2,Monday,January,MoRTH_Standardized_v2.1
MORTH23-14377,2023-10-10,05:17,Madhya Pradesh,Gwalior,26.24434,78.21478,Clear,Two-Wheeler,Medium,0,2,Tuesday,October,MoRTH_Standardized_v2.1
MORTH23-14378,2023-12-06,13:59,Telangana,Hyderabad,17.36588,78.51421,Clear,Two-Wheeler,High,1,2,Wednesday,December,MoRTH_Standardized_v2.1
MORTH23-14379,2023-05-16,10:55,Karnataka,Mysore,12.25085,76.58498,Rainy,Car/Jeep/Van,High,0,4,Tuesday,May,MoRTH_Standardized_v2.1
MORTH23-14380,2023-08-06,14:52,Delhi/NCR,Guwahati,26.11783,91.72579,Clear,Truck/Lorry,Low,0,1,Sunday,August,MoRTH_Standardized_v2.1
MORTH23-14381,2023-10-08,06:54,Karnataka,Bangalore,12.91326,77.62166,Rainy,Two-Wheeler,Critical,2,2,Sunday,October,MoRTH_Standardized_v2.1
MORTH23-14382,2023-06-18,08:36,Telangana,Hyderabad,17.38401,78.43782,Clear,Car/Jeep/Van,Low,0,1,Sunday,June,MoRTH_Standardized_v2.1
MORTH23-14383,2023-06-20,15:25,Karnataka,Bangalore,13.00426,77.60498,Cloudy,Truck/Lorry,Medium,0,0,Tuesday,June,MoRTH_Standardized_v2.1
MORTH23-14384,2023-01-31,09:54,Delhi/NCR,Kolkata,22.58541,88.37577,Clear,Bus,Medium,0,2,Tuesday,January,MoRTH_Standardized_v2.1
MORTH23-14385,2023-07-09,22:12,Gujarat,Surat,21.16901,72.84632,Foggy,Two-Wheeler,Critical,2,5,Sunday,July,MoRTH_Standardized_v2.1
MORTH23-14386,2023-05-28,15:50,Madhya Pradesh,Bhopal,23.25554,77.41488,Clear,Two-Wheeler,Medium,0,2,Sunday,May,MoRTH_Standardized_v2.1
MORTH23-14387,2023-01-22,17:57,Kerala,Kochi,9.94263,76.26908,Foggy,Two-Wheeler,Critical,1,5,Sunday,January,MoRTH_Standardized_v2.1
MORTH23-14388,2023-01-18,21:36,Rajasthan,Jodhpur,26.18981,73.05476,Cloudy,Car/Jeep/Van,Low,0,0,Wednesday,January,MoRTH_Standardized_v2.1
MORTH23-14389,2023-10-20,23:51,Gujarat,Surat,21.14946,72.84988,Clear,Two-Wheeler,High,0,3,Friday,October,MoRTH_Standardized_v2.1
MORTH23-14390,2023-07-28,18:41,Tamil Nadu,Coimbatore,11.02176,76.95614,Clear,Auto-Rickshaw,Low,0,0,Friday,July,MoRTH_Standardized_v2.1
MORTH23-14391,2023-12-16,11:04,Uttar Pradesh,Kanpur,26.44943,80.3564,Rainy,Car/Jeep/Van,Medium,0,1,Saturday,December,MoRTH_Standardized_v2.1
MORTH23-14392,2023-01-29,23:44,Uttar Pradesh,Lucknow,26.83769,80.96193,Cloudy,Car/Jeep/Van,High,1,3,Sunday,January,MoRTH_Standardized_v2.1
MORTH23-14393,2023-09-10,19:15,Tamil Nadu,Madurai,9.90067,78.06362,Cloudy,Two-Wheeler,High,1,2,Sunday,September,MoRTH_Standardized_v2.1
MORTH23-14394,2023-02-18,06:02,Andhra Pradesh,Vijayawada,16.52663,80.64477,Cloudy,Two-Wheeler,Medium,0,2,Saturday,February,MoRTH_Standardized_v2.1
MORTH23-14395,2023-12-05,18:17,Karnataka,Bangalore,12.96125,77.55967,Clear,Car/Jeep/Van,Low,0,1,Tuesday,December,MoRTH_Standardized_v2.1
MORTH23-14396,2023-01-29,14:39,Tamil Nadu,Madurai,9.88799,78.10164,Foggy,Two-Wheeler,Critical,2,4,Sunday,January,MoRTH_Standardized_v2.1
MORTH23-14397,2023-09-09,13:00,Uttar Pradesh,Agra,27.20129,77.99414,Rainy,Two-Wheeler,High,0,1,Saturday,September,MoRTH_Standardized_v2.1
MORTH23-14398,2023-01-09,10:45,Uttar Pradesh,Agra,27.12522,77.99476,Rainy,Bus,High,0,1,Monday,January,MoRTH_Standardized_v2.1
MORTH23-14399,2023-11-12,19:33,Telangana,Warangal,18.0567,79.59467,Clear,Two-Wheeler,High,0,2,Sunday,November,MoRTH_Standardized_v2.1
MORTH23-14400,2023-01-26,19:14,Delhi/NCR,Guwahati,26.14428,91.72053,Clear,Bus,Medium,0,2,Thursday,January,MoRTH_Standardized_v2.1
MORTH23-14401,2023-02-15,21:07,Tamil Nadu,Coimbatore,11.00157,76.91561,Clear,Two-Wheeler,Medium,0,2,Wednesday,February,MoRTH_Standardized_v2.1
MORTH23-14402,2023-05-12,21:22,Karnataka,Bangalore,12.96695,77.56204,Clear,Auto-Rickshaw,Low,0,1,Friday,May,MoRTH_Standardized_v2.1
MORTH23-14403,2023-09-23,20:24,Madhya Pradesh,Gwalior,26.23274,78.19333,Clear,Others,Low,0,1,Saturday,September,MoRTH_Standardized_v2.1
MORTH23-14404,2023-09-14,15:05,Karnataka,Mysore,12.27652,76.6657,Clear,Others,Low,0,0,Thursday,September,MoRTH_Standardized_v2.1
MORTH23-14405,2023-01-06,17:21,Gujarat,Ahmedabad,23.03923,72.58371,Clear,Others,Low,0,1,Friday,January,MoRTH_Standardized_v2.1
MORTH23-14406,2023-03-06,20:46,Madhya Pradesh,Bhopal,23.26907,77.42764,Cloudy,Two-Wheeler,Medium,0,0,Monday,March,MoRTH_Standardized_v2.1
MORTH23-14407,2023-08-24,19:53,Delhi/NCR,Guwahati,26.10288,91.7155,Clear,Two-Wheeler,High,1,4,Thursday,August,MoRTH_Standardized_v2.1
MORTH23-14408,2023-10-28,07:08,Delhi/NCR,Guwahati,26.16296,91.76749,Rainy,Two-Wheeler,High,0,4,Saturday,October,MoRTH_Standardized_v2.1
MORTH23-14409,2023-06-29,10:40,Maharashtra,Pune,18.48917,73.86839,Clear,Two-Wheeler,High,0,1,Thursday,June,MoRTH_Standardized_v2.1
MORTH23-14410,2023-04-03,11:22,Tamil Nadu,Madurai,9.8701,78.10665,Clear,Truck/Lorry,Low,0,1,Monday,April,MoRTH_Standardized_v2.1
MORTH23-14411,2023-11-02,23:45,Rajasthan,Jaipur,26.93697,75.8248,Clear,Truck/Lorry,Critical,1,2,Thursday,November,MoRTH_Standardized_v2.1
MORTH23-14412,2023-10-30,07:45,Karnataka,Bangalore,12.97217,77.55908,Clear,Truck/Lorry,Medium,0,2,Monday,October,MoRTH_Standardized_v2.1
MORTH23-14413,2023-01-24,07:08,Andhra Pradesh,Visakhapatnam,17.61999,83.23871,Clear,Two-Wheeler,Medium,0,0,Tuesday,January,MoRTH_Standardized_v2.1
MORTH23-14414,2023-08-19,00:40,Uttar Pradesh,Kanpur,26.43916,80.33843,Clear,Car/Jeep/Van,Low,0,0,Saturday,August,MoRTH_Standardized_v2.1
MORTH23-14415,2023-01-23,17:37,Delhi/NCR,Kolkata,22.60414,88.35117,Cloudy,Auto-Rickshaw,Low,0,1,Monday,January,MoRTH_Standardized_v2.1
MORTH23-14416,2023-02-23,13:18,Kerala,Kochi,9.88593,76.18952,Rainy,Two-Wheeler,Critical,3,2,Thursday,February,MoRTH_Standardized_v2.1
MORTH23-14417,2023-03-28,09:52,Madhya Pradesh,Gwalior,26.21471,78.19451,Rainy,Two-Wheeler,High,0,1,Tuesday,March,MoRTH_Standardized_v2.1
MORTH23-14418,2023-08-04,16:54,Maharashtra,Pune,18.49628,73.84705,Rainy,Two-Wheeler,High,0,3,Friday,August,MoRTH_Standardized_v2.1
MORTH23-14419,2023-04-13,05:51,Maharashtra,Mumbai,19.08816,72.89357,Clear,Car/Jeep/Van,Low,0,0,Thursday,April,MoRTH_Standardized_v2.1
MORTH23-14420,2023-09-10,10:35,Delhi/NCR,Kolkata,22.59247,88.35203,Clear,Car/Jeep/Van,Low,0,0,Sunday,September,MoRTH_Standardized_v2.1
MORTH23-14421,2023-11-03,15:24,Tamil Nadu,Madurai,9.93299,78.10929,Clear,Truck/Lorry,High,0,4,Friday,November,MoRTH_Standardized_v2.1
MORTH23-14422,2023-02-10,13:31,Rajasthan,Jaipur,26.94337,75.80268,Clear,Two-Wheeler,High,0,4,Friday,February,MoRTH_Standardized_v2.1
MORTH23-14423,2023-10-20,21:17,Andhra Pradesh,Visakhapatnam,17.69235,83.17684,Rainy,Truck/Lorry,Critical,3,3,Friday,October,MoRTH_Standardized_v2.1
MORTH23-14424,2023-07-04,19:30,Delhi/NCR,Delhi,28.60321,77.18666,Cloudy,Two-Wheeler,High,0,1,Tuesday,July,MoRTH_Standardized_v2.1
MORTH23-14425,2023-09-21,05:32,Tamil Nadu,Madurai,9.95503,78.09408,Rainy,Two-Wheeler,Critical,2,2,Thursday,September,MoRTH_Standardized_v2.1
MORTH23-14426,2023-05-27,11:47,Delhi/NCR,Kolkata,22.58728,88.39396,Clear,Two-Wheeler,High,0,3,Saturday,May,MoRTH_Standardized_v2.1
MORTH23-14427,2023-12-19,04:37,Madhya Pradesh,Indore,22.68522,75.87042,Rainy,Car/Jeep/Van,High,0,1,Tuesday,December,MoRTH_Standardized_v2.1
MORTH23-14428,2023-01-22,10:33,Karnataka,Hubli,15.3823,75.12313,Foggy,Car/Jeep/Van,Medium,0,2,Sunday,January,MoRTH_Standardized_v2.1
MORTH23-14429,2023-08-15,15:26,Delhi/NCR,Guwahati,26.14392,91.73692,Clear,Bus,Low,0,1,Tuesday,August,MoRTH_Standardized_v2.1
MORTH23-14430,2023-08-21,12:23,Madhya Pradesh,Bhopal,23.25242,77.43173,Clear,Two-Wheeler,Medium,0,1,Monday,August,MoRTH_Standardized_v2.1
MORTH23-14431,2023-05-07,15:41,Tamil Nadu,Madurai,9.90709,78.13545,Clear,Others,Low,0,0,Sunday,May,MoRTH_Standardized_v2.1
MORTH23-14432,2023-05-22,13:10,Maharashtra,Nagpur,21.16729,79.07869,Clear,Bus,Low,0,2,Monday,May,MoRTH_Standardized_v2.1
MORTH23-14433,2023-12-07,14:49,Delhi/NCR,Delhi,28.64579,77.20075,Clear,Two-Wheeler,Medium,0,2,Thursday,December,MoRTH_Standardized_v2.1
MORTH23-14434,2023-11-12,13:58,Tamil Nadu,Madurai,9.91852,78.10158,Clear,Bus,Medium,0,1,Sunday,November,MoRTH_Standardized_v2.1
MORTH23-14435,2023-08-19,06:57,Uttar Pradesh,Kanpur,26.47895,80.34681,Clear,Two-Wheeler,Medium,0,2,Saturday,August,MoRTH_Standardized_v2.1
MORTH23-14436,2023-02-27,07:06,Tamil Nadu,Coimbatore,11.0165,76.9193,Clear,Car/Jeep/Van,Low,0,0,Monday,February,MoRTH_Standardized_v2.1
MORTH23-14437,2023-11-13,02:32,Delhi/NCR,Delhi,28.59564,77.25754,Clear,Two-Wheeler,Critical,1,3,Monday,November,MoRTH_Standardized_v2.1
MORTH23-14438,2023-07-21,16:17,Karnataka,Mysore,12.26729,76.68825,Rainy,Truck/Lorry,Critical,1,4,Friday,July,MoRTH_Standardized_v2.1
MORTH23-14439,2023-10-15,21:18,Delhi/NCR,Delhi,28.6112,77.18572,Clear,Car/Jeep/Van,Medium,0,2,Sunday,October,MoRTH_Standardized_v2.1
MORTH23-14440,2023-04-11,11:28,Madhya Pradesh,Gwalior,26.19393,78.17513,Clear,Car/Jeep/Van,Medium,0,2,Tuesday,April,MoRTH_Standardized_v2.1
MORTH23-14441,2023-07-28,06:32,Rajasthan,Jodhpur,26.2305,73.00401,Clear,Bus,Low,0,2,Friday,July,MoRTH_Standardized_v2.1
MORTH23-14442,2023-03-14,22:33,Uttar Pradesh,Kanpur,26.45422,80.30127,Clear,Car/Jeep/Van,Medium,0,0,Tuesday,March,MoRTH_Standardized_v2.1
MORTH23-14443,2023-05-28,10:03,Andhra Pradesh,Vijayawada,16.56386,80.69754,Clear,Two-Wheeler,High,0,4,Sunday,May,MoRTH_Standardized_v2.1
MORTH23-14444,2023-12-31,21:06,Andhra Pradesh,Visakhapatnam,17.70169,83.16449,Clear,Two-Wheeler,High,0,2,Sunday,December,MoRTH_Standardized_v2.1
MORTH23-14445,2023-10-01,16:16,Kerala,Kozhikode,11.29402,75.81558,Clear,Bus,Low,0,0,Sunday,October,MoRTH_Standardized_v2.1
MORTH23-14446,2023-02-28,17:03,Karnataka,Hubli,15.39063,75.12579,Clear,Bus,Low,0,1,Tuesday,February,MoRTH_Standardized_v2.1
MORTH23-14447,2023-11-03,20:47,Madhya Pradesh,Bhopal,23.30939,77.36324,Clear,Two-Wheeler,High,0,1,Friday,November,MoRTH_Standardized_v2.1
MORTH23-14448,2023-08-03,18:45,Uttar Pradesh,Agra,27.19776,78.01861,Rainy,Bus,High,0,4,Thursday,August,MoRTH_Standardized_v2.1
MORTH23-14449,2023-02-01,21:35,Delhi/NCR,Guwahati,26.15877,91.77538,Clear,Others,Low,0,0,Wednesday,February,MoRTH_Standardized_v2.1
MORTH23-14450,2023-11-27,10:31,Tamil Nadu,Madurai,9.92447,78.15499,Rainy,Two-Wheeler,Critical,3,2,Monday,November,MoRTH_Standardized_v2.1
MORTH23-14451,2023-07-06,14:43,Telangana,Warangal,17.9487,79.6133,Clear,Truck/Lorry,Medium,0,1,Thursday,July,MoRTH_Standardized_v2.1
MORTH23-14452,2023-11-04,06:59,Delhi/NCR,Kolkata,22.56005,88.37426,Clear,Two-Wheeler,Medium,0,2,Saturday,November,MoRTH_Standardized_v2.1
MORTH23-14453,2023-08-27,07:30,Madhya Pradesh,Gwalior,26.17606,78.16495,Cloudy,Two-Wheeler,Medium,0,2,Sunday,August,MoRTH_Standardized_v2.1
MORTH23-14454,2023-10-03,21:43,Gujarat,Ahmedabad,22.99852,72.58501,Rainy,Car/Jeep/Van,Medium,0,0,Tuesday,October,MoRTH_Standardized_v2.1
MORTH23-14455,2023-01-27,11:22,Tamil Nadu,Madurai,9.91757,78.13768,Clear,Car/Jeep/Van,Low,0,2,Friday,January,MoRTH_Standardized_v2.1
MORTH23-14456,2023-07-03,15:45,Tamil Nadu,Coimbatore,11.03749,76.93652,Clear,Two-Wheeler,Medium,0,0,Monday,July,MoRTH_Standardized_v2.1
MORTH23-14457,2023-07-22,04:05,Delhi/NCR,Guwahati,26.1338,91.76023,Clear,Auto-Rickshaw,Medium,0,2,Saturday,July,MoRTH_Standardized_v2.1
MORTH23-14458,2023-06-27,21:14,Madhya Pradesh,Bhopal,23.25561,77.4302,Cloudy,Two-Wheeler,Medium,0,1,Tuesday,June,MoRTH_Standardized_v2.1
MORTH23-14459,2023-05-15,21:24,Delhi/NCR,Delhi,28.60735,77.14182,Clear,Two-Wheeler,High,0,4,Monday,May,MoRTH_Standardized_v2.1
MORTH23-14460,2023-06-30,10:55,Karnataka,Bangalore,12.96763,77.62322,Clear,Truck/Lorry,Low,0,2,Friday,June,MoRTH_Standardized_v2.1
MORTH23-14461,2023-02-22,12:27,Delhi/NCR,Delhi,28.57944,77.16548,Clear,Truck/Lorry,Low,0,1,Wednesday,February,MoRTH_Standardized_v2.1
MORTH23-14462,2023-06-24,18:57,Madhya Pradesh,Bhopal,23.24249,77.43187,Clear,Bus,Low,0,2,Saturday,June,MoRTH_Standardized_v2.1
MORTH23-14463,2023-12-02,03:28,Andhra Pradesh,Vijayawada,16.5165,80.68049,Clear,Others,High,0,1,Saturday,December,MoRTH_Standardized_v2.1
MORTH23-14464,2023-10-04,04:40,Karnataka,Bangalore,12.97412,77.60024,Clear,Truck/Lorry,High,0,1,Wednesday,October,MoRTH_Standardized_v2.1
MORTH23-14465,2023-03-20,10:48,Karnataka,Hubli,15.32557,75.09292,Clear,Truck/Lorry,High,0,2,Monday,March,MoRTH_Standardized_v2.1
MORTH23-14466,2023-10-20,09:56,Tamil Nadu,Madurai,9.92688,78.1022,Cloudy,Bus,Low,0,0,Friday,October,MoRTH_Standardized_v2.1
MORTH23-14467,2023-01-11,06:59,Kerala,Thiruvananthapuram,8.58158,76.95993,Clear,Others,Low,0,2,Wednesday,January,MoRTH_Standardized_v2.1
MORTH23-14468,2023-08-20,09:22,Rajasthan,Jodhpur,26.26243,73.00317,Clear,Bus,Low,0,1,Sunday,August,MoRTH_Standardized_v2.1
MORTH23-14469,2023-09-02,12:35,Gujarat,Ahmedabad,22.96727,72.5725,Clear,Others,Low,0,0,Saturday,September,MoRTH_Standardized_v2.1
MORTH23-14470,2023-01-23,19:07,Delhi/NCR,Delhi,28.59349,77.22341,Clear,Two-Wheeler,Medium,0,2,Monday,January,MoRTH_Standardized_v2.1
MORTH23-14471,2023-10-01,15:06,Madhya Pradesh,Gwalior,26.20493,78.19671,Clear,Auto-Rickshaw,Medium,0,0,Sunday,October,MoRTH_Standardized_v2.1
MORTH23-14472,2023-10-24,11:19,Karnataka,Bangalore,12.97172,77.60156,Clear,Car/Jeep/Van,Low,0,2,Tuesday,October,MoRTH_Standardized_v2.1
MORTH23-14473,2023-12-20,17:56,Uttar Pradesh,Agra,27.15439,78.00485,Clear,Two-Wheeler,High,1,4,Wednesday,December,MoRTH_Standardized_v2.1
MORTH23-14474,2023-02-06,19:23,Rajasthan,Jodhpur,26.26894,73.02938,Rainy,Two-Wheeler,Critical,2,4,Monday,February,MoRTH_Standardized_v2.1
MORTH23-14475,2023-06-25,09:09,Madhya Pradesh,Bhopal,23.29647,77.40209,Clear,Truck/Lorry,Medium,0,0,Sunday,June,MoRTH_Standardized_v2.1
MORTH23-14476,2023-08-10,12:45,Maharashtra,Mumbai,19.09037,72.88388,Clear,Two-Wheeler,High,0,3,Thursday,August,MoRTH_Standardized_v2.1
MORTH23-14477,2023-04-10,06:18,Uttar Pradesh,Lucknow,26.86358,80.91705,Clear,Two-Wheeler,High,0,1,Monday,April,MoRTH_Standardized_v2.1
MORTH23-14478,2023-03-10,01:36,Madhya Pradesh,Gwalior,26.193,78.21908,Rainy,Two-Wheeler,Critical,3,6,Friday,March,MoRTH_Standardized_v2.1
MORTH23-14479,2023-11-05,12:30,Telangana,Warangal,17.94098,79.60729,Clear,Two-Wheeler,Medium,0,2,Sunday,November,MoRTH_Standardized_v2.1
MORTH23-14480,2023-03-17,22:32,Karnataka,Mysore,12.29661,76.64085,Clear,Auto-Rickshaw,High,0,2,Friday,March,MoRTH_Standardized_v2.1
MORTH23-14481,2023-09-12,20:04,Gujarat,Surat,21.17393,72.8338,Rainy,Two-Wheeler,Critical,2,4,Tuesday,September,MoRTH_Standardized_v2.1
MORTH23-14482,2023-09-04,18:55,Delhi/NCR,Delhi,28.64528,77.24203,Clear,Two-Wheeler,Medium,0,0,Monday,September,MoRTH_Standardized_v2.1
MORTH23-14483,2023-08-30,12:58,Uttar Pradesh,Kanpur,26.4699,80.26394,Cloudy,Car/Jeep/Van,Low,0,2,Wednesday,August,MoRTH_Standardized_v2.1
MORTH23-14484,2023-11-02,17:35,Uttar Pradesh,Agra,27.19647,78.02722,Clear,Two-Wheeler,High,0,3,Thursday,November,MoRTH_Standardized_v2.1
MORTH23-14485,2023-05-21,13:22,Telangana,Hyderabad,17.40338,78.45532,Clear,Two-Wheeler,High,0,2,Sunday,May,MoRTH_Standardized_v2.1
MORTH23-14486,2023-07-02,11:13,Uttar Pradesh,Agra,27.19755,78.0218,Clear,Car/Jeep/Van,Low,0,1,Sunday,July,MoRTH_Standardized_v2.1
MORTH23-14487,2023-05-10,09:01,Madhya Pradesh,Indore,22.70735,75.86024,Clear,Car/Jeep/Van,Low,0,2,Wednesday,May,MoRTH_Standardized_v2.1
MORTH23-14488,2023-02-05,00:28,Delhi/NCR,Kolkata,22.53011,88.33711,Clear,Others,Medium,0,0,Sunday,February,MoRTH_Standardized_v2.1
MORTH23-14489,2023-11-21,18:09,Delhi/NCR,Delhi,28.59935,77.15841,Clear,Others,Medium,0,1,Tuesday,November,MoRTH_Standardized_v2.1
MORTH23-14490,2023-04-13,13:44,Tamil Nadu,Chennai,13.02317,80.27183,Clear,Two-Wheeler,Medium,0,2,Thursday,April,MoRTH_Standardized_v2.1
MORTH23-14491,2023-06-07,23:14,Gujarat,Surat,21.21297,72.86144,Clear,Two-Wheeler,Critical,2,2,Wednesday,June,MoRTH_Standardized_v2.1
MORTH23-14492,2023-08-22,02:50,Gujarat,Ahmedabad,23.05114,72.57681,Clear,Two-Wheeler,Critical,1,5,Tuesday,August,MoRTH_Standardized_v2.1
MORTH23-14493,2023-11-04,18:19,Kerala,Kozhikode,11.25949,75.81594,Clear,Two-Wheeler,High,0,4,Saturday,November,MoRTH_Standardized_v2.1
MORTH23-14494,2023-06-04,21:11,Madhya Pradesh,Indore,22.68381,75.81509,Cloudy,Truck/Lorry,Medium,0,1,Sunday,June,MoRTH_Standardized_v2.1
MORTH23-14495,2023-06-04,02:48,Tamil Nadu,Coimbatore,11.02325,76.93235,Rainy,Truck/Lorry,Critical,2,6,Sunday,June,MoRTH_Standardized_v2.1
MORTH23-14496,2023-09-27,17:17,Andhra Pradesh,Visakhapatnam,17.71424,83.20703,Clear,Two-Wheeler,Medium,0,2,Wednesday,September,MoRTH_Standardized_v2.1
MORTH23-14497,2023-03-03,13:09,Tamil Nadu,Coimbatore,11.07749,76.91534,Clear,Others,Low,0,0,Friday,March,MoRTH_Standardized_v2.1
MORTH23-14498,2023-12-09,07:54,Gujarat,Ahmedabad,23.02327,72.56284,Clear,Two-Wheeler,High,0,2,Saturday,December,MoRTH_Standardized_v2.1
MORTH23-14499,2023-08-27,06:15,Delhi/NCR,Kolkata,22.60143,88.38891,Clear,Two-Wheeler,High,0,1,Sunday,August,MoRTH_Standardized_v2.1
MORTH23-14500,2023-07-14,18:15,Karnataka,Hubli,15.38792,75.13817,Clear,Two-Wheeler,High,0,3,Friday,July,MoRTH_Standardized_v2.1
MORTH23-14501,2023-09-17,14:10,Gujarat,Ahmedabad,23.00682,72.54237,Clear,Truck/Lorry,Low,0,2,Sunday,September,MoRTH_Standardized_v2.1
MORTH23-14502,2023-07-12,08:16,Telangana,Warangal,17.97955,79.55954,Foggy,Two-Wheeler,Critical,1,6,Wednesday,July,MoRTH_Standardized_v2.1
MORTH23-14503,2023-07-26,14:07,Tamil Nadu,Coimbatore,11.01397,76.88102,Clear,Two-Wheeler,Medium,0,0,Wednesday,July,MoRTH_Standardized_v2.1
MORTH23-14504,2023-03-09,07:44,Madhya Pradesh,Bhopal,23.30557,77.36147,Clear,Two-Wheeler,High,1,3,Thursday,March,MoRTH_Standardized_v2.1
MORTH23-14505,2023-07-10,17:36,Maharashtra,Mumbai,19.09721,72.89451,Clear,Two-Wheeler,Medium,0,2,Monday,July,MoRTH_Standardized_v2.1
MORTH23-14506,2023-02-20,23:04,Maharashtra,Nagpur,21.14668,79.08057,Clear,Car/Jeep/Van,Medium,0,2,Monday,February,MoRTH_Standardized_v2.1
MORTH23-14507,2023-01-22,07:42,Delhi/NCR,Guwahati,26.16664,91.74162,Foggy,Two-Wheeler,Critical,2,4,Sunday,January,MoRTH_Standardized_v2.1
MORTH23-14508,2023-08-22,20:37,Karnataka,Hubli,15.35431,75.11745,Clear,Two-Wheeler,High,0,1,Tuesday,August,MoRTH_Standardized_v2.1
MORTH23-14509,2023-07-28,06:05,Tamil Nadu,Madurai,9.95879,78.07589,Foggy,Auto-Rickshaw,High,0,4,Friday,July,MoRTH_Standardized_v2.1
MORTH23-14510,2023-11-22,11:09,Delhi/NCR,Kolkata,22.59051,88.34591,Clear,Two-Wheeler,High,0,4,Wednesday,November,MoRTH_Standardized_v2.1
MORTH23-14511,2023-08-26,08:46,Madhya Pradesh,Gwalior,26.19022,78.19487,Clear,Two-Wheeler,High,0,1,Saturday,August,MoRTH_Standardized_v2.1
MORTH23-14512,2023-01-06,17:44,Delhi/NCR,Delhi,28.64147,77.20866,Clear,Car/Jeep/Van,Low,0,1,Friday,January,MoRTH_Standardized_v2.1
MORTH23-14513,2023-07-22,17:18,Tamil Nadu,Chennai,13.16727,80.22729,Clear,Bus,Medium,0,1,Saturday,July,MoRTH_Standardized_v2.1
MORTH23-14514,2023-11-14,17:19,Andhra Pradesh,Vijayawada,16.49458,80.65554,Clear,Two-Wheeler,Medium,0,2,Tuesday,November,MoRTH_Standardized_v2.1
MORTH23-14515,2023-04-01,06:40,Tamil Nadu,Madurai,9.88051,78.11675,Cloudy,Car/Jeep/Van,Low,0,2,Saturday,April,MoRTH_Standardized_v2.1
MORTH23-14516,2023-04-28,14:16,Maharashtra,Pune,18.46545,73.90074,Clear,Two-Wheeler,High,0,3,Friday,April,MoRTH_Standardized_v2.1
MORTH23-14517,2023-07-06,06:47,Karnataka,Mysore,12.23135,76.584,Rainy,Auto-Rickshaw,High,0,3,Thursday,July,MoRTH_Standardized_v2.1
MORTH23-14518,2023-06-18,19:09,Tamil Nadu,Chennai,13.14442,80.27066,Cloudy,Two-Wheeler,High,0,2,Sunday,June,MoRTH_Standardized_v2.1
MORTH23-14519,2023-06-21,15:47,Madhya Pradesh,Indore,22.69291,75.85354,Clear,Auto-Rickshaw,Low,0,1,Wednesday,June,MoRTH_Standardized_v2.1
MORTH23-14520,2023-07-31,19:55,Karnataka,Bangalore,12.98522,77.58953,Clear,Others,Low,0,1,Monday,July,MoRTH_Standardized_v2.1
MORTH23-14521,2023-08-10,23:38,Delhi/NCR,Delhi,28.63753,77.18157,Rainy,Two-Wheeler,Critical,2,5,Thursday,August,MoRTH_Standardized_v2.1
MORTH23-14522,2023-01-03,16:04,Kerala,Kochi,9.91596,76.24524,Cloudy,Truck/Lorry,High,0,2,Tuesday,January,MoRTH_Standardized_v2.1
MORTH23-14523,2023-06-25,18:10,Tamil Nadu,Madurai,9.93569,78.14385,Clear,Two-Wheeler,Medium,0,1,Sunday,June,MoRTH_Standardized_v2.1
MORTH23-14524,2023-05-20,10:57,Andhra Pradesh,Vijayawada,16.53961,80.66559,Rainy,Truck/Lorry,High,0,2,Saturday,May,MoRTH_Standardized_v2.1
MORTH23-14525,2023-03-31,20:29,Karnataka,Hubli,15.30678,75.13614,Rainy,Others,Medium,0,1,Friday,March,MoRTH_Standardized_v2.1
MORTH23-14526,2023-03-14,16:25,Delhi/NCR,Kolkata,22.58475,88.39733,Foggy,Auto-Rickshaw,High,0,3,Tuesday,March,MoRTH_Standardized_v2.1
MORTH23-14527,2023-09-18,13:17,Madhya Pradesh,Gwalior,26.25406,78.15836,Clear,Truck/Lorry,Medium,0,2,Monday,September,MoRTH_Standardized_v2.1
MORTH23-14528,2023-08-26,21:09,Uttar Pradesh,Agra,27.11901,77.97349,Clear,Car/Jeep/Van,Low,0,0,Saturday,August,MoRTH_Standardized_v2.1
MORTH23-14529,2023-03-04,19:28,Delhi/NCR,Kolkata,22.5801,88.36056,Rainy,Two-Wheeler,Critical,1,3,Saturday,March,MoRTH_Standardized_v2.1
MORTH23-14530,2023-12-19,21:32,Uttar Pradesh,Agra,27.1836,78.01336,Clear,Two-Wheeler,Medium,0,0,Tuesday,December,MoRTH_Standardized_v2.1
MORTH23-14531,2023-01-21,08:36,Maharashtra,Mumbai,19.13383,72.84916,Clear,Bus,Low,0,2,Saturday,January,MoRTH_Standardized_v2.1
MORTH23-14532,2023-01-19,20:40,Uttar Pradesh,Agra,27.20722,77.99866,Cloudy,Two-Wheeler,Medium,0,2,Thursday,January,MoRTH_Standardized_v2.1
MORTH23-14533,2023-03-15,15:22,Kerala,Kochi,9.9296,76.23451,Clear,Bus,Low,0,0,Wednesday,March,MoRTH_Standardized_v2.1
MORTH23-14534,2023-10-26,11:43,Delhi/NCR,Delhi,28.64919,77.26493,Clear,Two-Wheeler,Medium,0,2,Thursday,October,MoRTH_Standardized_v2.1
MORTH23-14535,2023-03-20,13:25,Maharashtra,Pune,18.51861,73.83171,Foggy,Two-Wheeler,Critical,1,2,Monday,March,MoRTH_Standardized_v2.1
MORTH23-14536,2023-01-28,01:16,Kerala,Kozhikode,11.22352,75.72241,Rainy,Car/Jeep/Van,High,1,3,Saturday,January,MoRTH_Standardized_v2.1
MORTH23-14537,2023-12-11,15:53,Uttar Pradesh,Kanpur,26.40296,80.3514,Foggy,Car/Jeep/Van,Medium,0,1,Monday,December,MoRTH_Standardized_v2.1
MORTH23-14538,2023-07-07,11:35,Delhi/NCR,Kolkata,22.5449,88.32871,Clear,Two-Wheeler,High,0,3,Friday,July,MoRTH_Standardized_v2.1
MORTH23-14539,2023-01-05,20:59,Uttar Pradesh,Agra,27.15232,78.05193,Foggy,Bus,Medium,0,0,Thursday,January,MoRTH_Standardized_v2.1
MORTH23-14540,2023-01-01,17:20,Maharashtra,Nagpur,21.14373,79.06433,Clear,Two-Wheeler,High,1,4,Sunday,January,MoRTH_Standardized_v2.1
MORTH23-14541,2023-07-07,08:01,Andhra Pradesh,Visakhapatnam,17.64849,83.18335,Clear,Two-Wheeler,Medium,0,1,Friday,July,MoRTH_Standardized_v2.1
MORTH23-14542,2023-12-07,21:52,Karnataka,Mysore,12.28326,76.66274,Clear,Bus,Low,0,1,Thursday,December,MoRTH_Standardized_v2.1
MORTH23-14543,2023-11-26,16:15,Madhya Pradesh,Bhopal,23.31784,77.42896,Rainy,Bus,Medium,0,1,Sunday,November,MoRTH_Standardized_v2.1
MORTH23-14544,2023-04-14,08:43,Telangana,Warangal,17.98758,79.59235,Clear,Others,Medium,0,2,Friday,April,MoRTH_Standardized_v2.1
MORTH23-14545,2023-05-03,21:17,Tamil Nadu,Coimbatore,11.02562,77.05685,Clear,Truck/Lorry,Medium,0,2,Wednesday,May,MoRTH_Standardized_v2.1
MORTH23-14546,2023-11-30,18:05,Uttar Pradesh,Kanpur,26.41861,80.32535,Clear,Two-Wheeler,High,0,1,Thursday,November,MoRTH_Standardized_v2.1
MORTH23-14547,2023-03-30,14:09,Kerala,Thiruvananthapuram,8.46785,76.97275,Clear,Car/Jeep/Van,Low,0,1,Thursday,March,MoRTH_Standardized_v2.1
MORTH23-14548,2023-03-22,10:38,Tamil Nadu,Madurai,9.95718,78.13379,Clear,Car/Jeep/Van,Low,0,0,Wednesday,March,MoRTH_Standardized_v2.1
MORTH23-14549,2023-06-08,06:32,Kerala,Thiruvananthapuram,8.51762,76.95912,Cloudy,Car/Jeep/Van,Low,0,0,Thursday,June,MoRTH_Standardized_v2.1
MORTH23-14550,2023-07-17,09:57,Uttar Pradesh,Lucknow,26.81435,80.89193,Clear,Two-Wheeler,High,0,4,Monday,July,MoRTH_Standardized_v2.1
MORTH23-14551,2023-11-27,07:44,Kerala,Kozhikode,11.21917,75.7742,Foggy,Car/Jeep/Van,Medium,0,0,Monday,November,MoRTH_Standardized_v2.1
MORTH23-14552,2023-04-16,06:32,Maharashtra,Nagpur,21.12428,79.0619,Foggy,Two-Wheeler,Critical,3,3,Sunday,April,MoRTH_Standardized_v2.1
MORTH23-14553,2023-05-14,21:20,Gujarat,Surat,21.14597,72.80058,Clear,Two-Wheeler,Medium,0,2,Sunday,May,MoRTH_Standardized_v2.1
MORTH23-14554,2023-03-10,23:37,Rajasthan,Jaipur,26.93393,75.77822,Clear,Car/Jeep/Van,Medium,0,0,Friday,March,MoRTH_Standardized_v2.1
MORTH23-14555,2023-07-23,19:32,Delhi/NCR,Guwahati,26.12726,91.71005,Clear,Others,Low,0,2,Sunday,July,MoRTH_Standardized_v2.1
MORTH23-14556,2023-12-14,05:42,Delhi/NCR,Kolkata,22.51126,88.37886,Clear,Car/Jeep/Van,Low,0,0,Thursday,December,MoRTH_Standardized_v2.1
MORTH23-14557,2023-03-25,12:10,Delhi/NCR,Kolkata,22.51323,88.39454,Clear,Auto-Rickshaw,Low,0,2,Saturday,March,MoRTH_Standardized_v2.1
MORTH23-14558,2023-07-10,08:56,Gujarat,Surat,21.11566,72.81761,Clear,Auto-Rickshaw,Low,0,0,Monday,July,MoRTH_Standardized_v2.1
MORTH23-14559,2023-11-09,02:46,Delhi/NCR,Guwahati,26.13917,91.76528,Cloudy,Two-Wheeler,Critical,3,6,Thursday,November,MoRTH_Standardized_v2.1
MORTH23-14560,2023-03-02,19:45,Uttar Pradesh,Agra,27.18953,78.03494,Cloudy,Auto-Rickshaw,Low,0,2,Thursday,March,MoRTH_Standardized_v2.1
MORTH23-14561,2023-02-22,13:48,Delhi/NCR,Delhi,28.59939,77.22332,Clear,Two-Wheeler,High,0,2,Wednesday,February,MoRTH_Standardized_v2.1
MORTH23-14562,2023-06-14,17:01,Telangana,Hyderabad,17.35098,78.4705,Foggy,Truck/Lorry,Critical,1,5,Wednesday,June,MoRTH_Standardized_v2.1
MORTH23-14563,2023-01-18,23:42,Kerala,Kozhikode,11.28391,75.78878,Foggy,Two-Wheeler,Critical,2,6,Wednesday,January,MoRTH_Standardized_v2.1
MORTH23-14564,2023-04-25,19:54,Karnataka,Hubli,15.33189,75.06544,Clear,Bus,Low,0,0,Tuesday,April,MoRTH_Standardized_v2.1
MORTH23-14565,2023-01-12,16:00,Uttar Pradesh,Kanpur,26.3807,80.29145,Clear,Auto-Rickshaw,Low,0,0,Thursday,January,MoRTH_Standardized_v2.1
MORTH23-14566,2023-10-12,16:04,Andhra Pradesh,Vijayawada,16.51041,80.63031,Clear,Two-Wheeler,High,0,3,Thursday,October,MoRTH_Standardized_v2.1
MORTH23-14567,2023-04-07,19:58,Tamil Nadu,Coimbatore,11.05181,76.94797,Clear,Two-Wheeler,Medium,0,0,Friday,April,MoRTH_Standardized_v2.1
MORTH23-14568,2023-12-27,17:20,Delhi/NCR,Delhi,28.65935,77.22083,Clear,Car/Jeep/Van,Low,0,0,Wednesday,December,MoRTH_Standardized_v2.1
MORTH23-14569,2023-05-19,05:31,Uttar Pradesh,Kanpur,26.39985,80.30138,Clear,Two-Wheeler,High,0,2,Friday,May,MoRTH_Standardized_v2.1
MORTH23-14570,2023-10-09,07:44,Uttar Pradesh,Lucknow,26.81895,80.98567,Clear,Bus,Low,0,1,Monday,October,MoRTH_Standardized_v2.1
MORTH23-14571,2023-11-21,21:18,Andhra Pradesh,Visakhapatnam,17.67492,83.24152,Clear,Two-Wheeler,High,0,4,Tuesday,November,MoRTH_Standardized_v2.1
MORTH23-14572,2023-07-17,07:34,Uttar Pradesh,Lucknow,26.8425,80.95323,Rainy,Auto-Rickshaw,Medium,0,2,Monday,July,MoRTH_Standardized_v2.1
MORTH23-14573,2023-06-05,11:58,Kerala,Kozhikode,11.2363,75.78691,Clear,Two-Wheeler,High,0,2,Monday,June,MoRTH_Standardized_v2.1
MORTH23-14574,2023-07-15,20:10,Andhra Pradesh,Vijayawada,16.48418,80.60716,Clear,Car/Jeep/Van,Medium,0,2,Saturday,July,MoRTH_Standardized_v2.1
MORTH23-14575,2023-11-04,14:47,Delhi/NCR,Delhi,28.64291,77.25812,Clear,Two-Wheeler,High,0,4,Saturday,November,MoRTH_Standardized_v2.1
MORTH23-14576,2023-02-21,07:01,Tamil Nadu,Madurai,9.89999,78.13884,Clear,Car/Jeep/Van,Low,0,0,Tuesday,February,MoRTH_Standardized_v2.1
MORTH23-14577,2023-01-22,07:10,Karnataka,Mysore,12.29456,76.6462,Clear,Others,Low,0,1,Sunday,January,MoRTH_Standardized_v2.1
MORTH23-14578,2023-04-28,18:52,Tamil Nadu,Coimbatore,10.94694,76.96076,Foggy,Two-Wheeler,Critical,2,4,Friday,April,MoRTH_Standardized_v2.1
MORTH23-14579,2023-02-04,10:47,Andhra Pradesh,Vijayawada,16.50135,80.69395,Clear,Two-Wheeler,High,1,3,Saturday,February,MoRTH_Standardized_v2.1
MORTH23-14580,2023-02-23,23:30,Telangana,Warangal,17.97358,79.56008,Clear,Bus,Medium,0,0,Thursday,February,MoRTH_Standardized_v2.1
MORTH23-14581,2023-09-20,21:18,Uttar Pradesh,Lucknow,26.84924,80.92035,Clear,Two-Wheeler,Medium,0,1,Wednesday,September,MoRTH_Standardized_v2.1
MORTH23-14582,2023-06-04,20:16,Delhi/NCR,Kolkata,22.56654,88.36058,Clear,Two-Wheeler,High,0,4,Sunday,June,MoRTH_Standardized_v2.1
MORTH23-14583,2023-11-15,09:39,Madhya Pradesh,Gwalior,26.21504,78.2257,Clear,Two-Wheeler,Medium,0,1,Wednesday,November,MoRTH_Standardized_v2.1
MORTH23-14584,2023-09-22,01:29,Delhi/NCR,Kolkata,22.57077,88.3792,Rainy,Car/Jeep/Van,High,0,4,Friday,September,MoRTH_Standardized_v2.1
MORTH23-14585,2023-01-26,02:51,Tamil Nadu,Madurai,9.94664,78.12156,Clear,Two-Wheeler,High,0,2,Thursday,January,MoRTH_Standardized_v2.1
MORTH23-14586,2023-11-01,14:24,Delhi/NCR,Delhi,28.59104,77.16131,Cloudy,Two-Wheeler,Medium,0,2,Wednesday,November,MoRTH_Standardized_v2.1
MORTH23-14587,2023-01-01,07:02,Tamil Nadu,Madurai,9.90083,78.10134,Cloudy,Two-Wheeler,High,0,1,Sunday,January,MoRTH_Standardized_v2.1
MORTH23-14588,2023-05-03,21:50,Karnataka,Hubli,15.34819,75.14259,Clear,Two-Wheeler,High,0,1,Wednesday,May,MoRTH_Standardized_v2.1
MORTH23-14589,2023-10-06,20:59,Delhi/NCR,Delhi,28.60354,77.22547,Clear,Car/Jeep/Van,Low,0,1,Friday,October,MoRTH_Standardized_v2.1
MORTH23-14590,2023-12-30,10:49,Tamil Nadu,Chennai,13.03865,80.29534,Clear,Others,Low,0,1,Saturday,December,MoRTH_Standardized_v2.1
MORTH23-14591,2023-09-28,10:58,Uttar Pradesh,Kanpur,26.43585,80.33592,Clear,Two-Wheeler,High,0,1,Thursday,September,MoRTH_Standardized_v2.1
MORTH23-14592,2023-06-14,11:11,Karnataka,Mysore,12.34321,76.61541,Clear,Car/Jeep/Van,Low,0,0,Wednesday,June,MoRTH_Standardized_v2.1
MORTH23-14593,2023-08-24,14:31,Madhya Pradesh,Indore,22.72107,75.86415,Clear,Auto-Rickshaw,Medium,0,0,Thursday,August,MoRTH_Standardized_v2.1
MORTH23-14594,2023-06-04,21:17,Delhi/NCR,Guwahati,26.17375,91.71609,Clear,Truck/Lorry,Medium,0,0,Sunday,June,MoRTH_Standardized_v2.1
MORTH23-14595,2023-04-24,17:46,Tamil Nadu,Madurai,9.92508,78.11026,Clear,Two-Wheeler,Medium,0,1,Monday,April,MoRTH_Standardized_v2.1
MORTH23-14596,2023-05-31,23:54,Uttar Pradesh,Agra,27.19347,77.98211,Foggy,Car/Jeep/Van,Critical,2,5,Wednesday,May,MoRTH_Standardized_v2.1
MORTH23-14597,2023-09-08,09:30,Delhi/NCR,Delhi,28.58797,77.19037,Clear,Others,Medium,0,2,Friday,September,MoRTH_Standardized_v2.1
MORTH23-14598,2023-07-19,16:58,Karnataka,Bangalore,12.95614,77.68186,Clear,Truck/Lorry,Medium,0,0,Wednesday,July,MoRTH_Standardized_v2.1
MORTH23-14599,2023-02-21,13:06,Telangana,Hyderabad,17.35285,78.49608,Foggy,Car/Jeep/Van,Medium,0,2,Tuesday,February,MoRTH_Standardized_v2.1
MORTH23-14600,2023-07-11,09:40,Gujarat,Surat,21.13756,72.87408,Clear,Others,Medium,0,0,Tuesday,July,MoRTH_Standardized_v2.1
MORTH23-14601,2023-03-30,15:16,Uttar Pradesh,Agra,27.24758,77.97053,Clear,Bus,Low,0,0,Thursday,March,MoRTH_Standardized_v2.1
MORTH23-14602,2023-04-29,14:03,Tamil Nadu,Madurai,9.89473,78.1139,Clear,Two-Wheeler,Medium,0,2,Saturday,April,MoRTH_Standardized_v2.1
MORTH23-14603,2023-10-05,18:37,Karnataka,Hubli,15.37039,75.1486,Clear,Truck/Lorry,Medium,0,2,Thursday,October,MoRTH_Standardized_v2.1
MORTH23-14604,2023-07-28,02:24,Uttar Pradesh,Kanpur,26.40913,80.33444,Clear,Car/Jeep/Van,High,0,1,Friday,July,MoRTH_Standardized_v2.1
MORTH23-14605,2023-10-05,12:01,Maharashtra,Mumbai,19.07748,72.86873,Clear,Bus,Low,0,2,Thursday,October,MoRTH_Standardized_v2.1
MORTH23-14606,2023-01-04,21:11,Delhi/NCR,Guwahati,26.14543,91.76417,Rainy,Others,Medium,0,1,Wednesday,January,MoRTH_Standardized_v2.1
MORTH23-14607,2023-08-09,17:20,Delhi/NCR,Kolkata,22.60516,88.34472,Rainy,Truck/Lorry,Critical,2,6,Wednesday,August,MoRTH_Standardized_v2.1
MORTH23-14608,2023-04-24,21:24,Madhya Pradesh,Indore,22.72789,75.90281,Rainy,Car/Jeep/Van,High,0,4,Monday,April,MoRTH_Standardized_v2.1
MORTH23-14609,2023-06-21,17:29,Delhi/NCR,Delhi,28.64045,77.22046,Clear,Truck/Lorry,Low,0,1,Wednesday,June,MoRTH_Standardized_v2.1
MORTH23-14610,2023-04-30,07:52,Telangana,Hyderabad,17.39541,78.50029,Clear,Two-Wheeler,High,1,3,Sunday,April,MoRTH_Standardized_v2.1
MORTH23-14611,2023-03-04,14:24,Gujarat,Surat,21.15624,72.81882,Clear,Auto-Rickshaw,Low,0,0,Saturday,March,MoRTH_Standardized_v2.1
MORTH23-14612,2023-10-30,21:39,Delhi/NCR,Delhi,28.6531,77.23236,Clear,Car/Jeep/Van,Low,0,2,Monday,October,MoRTH_Standardized_v2.1
MORTH23-14613,2023-06-25,11:42,Delhi/NCR,Delhi,28.64802,77.22475,Clear,Two-Wheeler,Medium,0,1,Sunday,June,MoRTH_Standardized_v2.1
MORTH23-14614,2023-08-24,16:11,Karnataka,Hubli,15.34083,75.14994,Clear,Two-Wheeler,Medium,0,0,Thursday,August,MoRTH_Standardized_v2.1
MORTH23-14615,2023-01-30,18:54,Madhya Pradesh,Bhopal,23.28651,77.37651,Foggy,Two-Wheeler,Critical,3,3,Monday,January,MoRTH_Standardized_v2.1
MORTH23-14616,2023-10-30,13:25,Delhi/NCR,Guwahati,26.09689,91.68269,Cloudy,Two-Wheeler,High,0,3,Monday,October,MoRTH_Standardized_v2.1
MORTH23-14617,2023-10-03,11:15,Tamil Nadu,Coimbatore,11.03102,76.94834,Foggy,Car/Jeep/Van,Medium,0,1,Tuesday,October,MoRTH_Standardized_v2.1
MORTH23-14618,2023-02-07,15:35,Tamil Nadu,Madurai,9.93307,78.08927,Clear,Two-Wheeler,Medium,0,2,Tuesday,February,MoRTH_Standardized_v2.1
MORTH23-14619,2023-04-24,13:28,Karnataka,Bangalore,12.98488,77.63299,Clear,Car/Jeep/Van,Low,0,1,Monday,April,MoRTH_Standardized_v2.1
MORTH23-14620,2023-06-22,21:00,Kerala,Kozhikode,11.30446,75.77053,Clear,Car/Jeep/Van,Medium,0,2,Thursday,June,MoRTH_Standardized_v2.1
MORTH23-14621,2023-04-27,14:42,Maharashtra,Pune,18.52212,73.83931,Clear,Car/Jeep/Van,Low,0,1,Thursday,April,MoRTH_Standardized_v2.1
MORTH23-14622,2023-11-29,06:56,Delhi/NCR,Kolkata,22.50335,88.33493,Clear,Auto-Rickshaw,Medium,0,1,Wednesday,November,MoRTH_Standardized_v2.1
MORTH23-14623,2023-05-18,14:55,Tamil Nadu,Madurai,9.92744,78.1309,Clear,Two-Wheeler,Medium,0,2,Thursday,May,MoRTH_Standardized_v2.1
MORTH23-14624,2023-04-07,06:45,Madhya Pradesh,Indore,22.79349,75.86199,Clear,Car/Jeep/Van,Medium,0,0,Friday,April,MoRTH_Standardized_v2.1
MORTH23-14625,2023-04-05,10:44,Delhi/NCR,Delhi,28.66239,77.23351,Clear,Others,Low,0,0,Wednesday,April,MoRTH_Standardized_v2.1
MORTH23-14626,2023-10-05,19:31,Maharashtra,Pune,18.52901,73.83176,Foggy,Car/Jeep/Van,High,1,3,Thursday,October,MoRTH_Standardized_v2.1
MORTH23-14627,2023-03-31,06:11,Delhi/NCR,Guwahati,26.15474,91.73676,Rainy,Two-Wheeler,High,1,4,Friday,March,MoRTH_Standardized_v2.1
MORTH23-14628,2023-08-01,06:58,Uttar Pradesh,Kanpur,26.47729,80.36173,Clear,Two-Wheeler,High,1,3,Tuesday,August,MoRTH_Standardized_v2.1
MORTH23-14629,2023-11-30,16:03,Tamil Nadu,Coimbatore,11.0468,76.95345,Cloudy,Two-Wheeler,High,0,3,Thursday,November,MoRTH_Standardized_v2.1
MORTH23-14630,2023-04-15,10:51,Maharashtra,Nagpur,21.19855,79.09329,Rainy,Auto-Rickshaw,High,0,3,Saturday,April,MoRTH_Standardized_v2.1
MORTH23-14631,2023-02-12,17:43,Andhra Pradesh,Vijayawada,16.56961,80.61759,Clear,Auto-Rickshaw,Medium,0,1,Sunday,February,MoRTH_Standardized_v2.1
MORTH23-14632,2023-11-26,14:42,Delhi/NCR,Kolkata,22.58935,88.34414,Clear,Two-Wheeler,High,0,2,Sunday,November,MoRTH_Standardized_v2.1
MORTH23-14633,2023-03-23,20:51,Madhya Pradesh,Indore,22.75034,75.86798,Clear,Two-Wheeler,Medium,0,2,Thursday,March,MoRTH_Standardized_v2.1
MORTH23-14634,2023-12-23,20:10,Rajasthan,Jodhpur,26.26677,73.0511,Clear,Two-Wheeler,Medium,0,1,Saturday,December,MoRTH_Standardized_v2.1
MORTH23-14635,2023-01-15,09:09,Rajasthan,Jodhpur,26.23721,73.00459,Clear,Two-Wheeler,Medium,0,1,Sunday,January,MoRTH_Standardized_v2.1
MORTH23-14636,2023-07-31,14:03,Rajasthan,Jaipur,26.93032,75.76934,Clear,Truck/Lorry,High,0,3,Monday,July,MoRTH_Standardized_v2.1
MORTH23-14637,2023-03-31,13:26,Madhya Pradesh,Indore,22.71356,75.89307,Clear,Car/Jeep/Van,Medium,0,2,Friday,March,MoRTH_Standardized_v2.1
MORTH23-14638,2023-12-28,20:27,Tamil Nadu,Chennai,13.06946,80.28428,Clear,Two-Wheeler,Medium,0,2,Thursday,December,MoRTH_Standardized_v2.1
MORTH23-14639,2023-04-05,10:43,Kerala,Kochi,9.93636,76.27767,Cloudy,Two-Wheeler,Medium,0,2,Wednesday,April,MoRTH_Standardized_v2.1
MORTH23-14640,2023-11-08,12:57,Karnataka,Bangalore,12.94563,77.62842,Clear,Auto-Rickshaw,Low,0,0,Wednesday,November,MoRTH_Standardized_v2.1
MORTH23-14641,2023-12-19,20:54,Uttar Pradesh,Lucknow,26.83887,80.97389,Clear,Two-Wheeler,High,0,2,Tuesday,December,MoRTH_Standardized_v2.1
MORTH23-14642,2023-05-22,11:24,Uttar Pradesh,Agra,27.16405,77.97592,Foggy,Auto-Rickshaw,High,0,3,Monday,May,MoRTH_Standardized_v2.1
MORTH23-14643,2023-04-18,13:30,Andhra Pradesh,Visakhapatnam,17.69067,83.16066,Clear,Two-Wheeler,High,0,1,Tuesday,April,MoRTH_Standardized_v2.1
MORTH23-14644,2023-02-28,08:22,Maharashtra,Mumbai,19.09387,72.90584,Clear,Two-Wheeler,High,0,1,Tuesday,February,MoRTH_Standardized_v2.1
MORTH23-14645,2023-10-15,17:20,Kerala,Thiruvananthapuram,8.49782,76.99871,Clear,Two-Wheeler,High,0,1,Sunday,October,MoRTH_Standardized_v2.1
MORTH23-14646,2023-03-12,07:59,Delhi/NCR,Guwahati,26.13877,91.76069,Cloudy,Two-Wheeler,Medium,0,2,Sunday,March,MoRTH_Standardized_v2.1
MORTH23-14647,2023-12-24,19:15,Uttar Pradesh,Lucknow,26.86293,81.0061,Foggy,Two-Wheeler,Critical,2,3,Sunday,December,MoRTH_Standardized_v2.1
MORTH23-14648,2023-12-21,17:30,Maharashtra,Mumbai,19.05539,72.85902,Clear,Truck/Lorry,High,0,4,Thursday,December,MoRTH_Standardized_v2.1
MORTH23-14649,2023-05-01,08:34,Andhra Pradesh,Vijayawada,16.45344,80.59119,Clear,Others,Low,0,2,Monday,May,MoRTH_Standardized_v2.1
MORTH23-14650,2023-01-04,11:31,Andhra Pradesh,Visakhapatnam,17.65214,83.21553,Clear,Two-Wheeler,Medium,0,2,Wednesday,January,MoRTH_Standardized_v2.1
MORTH23-14651,2023-07-12,14:36,Gujarat,Ahmedabad,23.00763,72.57484,Clear,Two-Wheeler,Medium,0,0,Wednesday,July,MoRTH_Standardized_v2.1
MORTH23-14652,2023-09-20,07:44,Andhra Pradesh,Visakhapatnam,17.68427,83.21018,Clear,Others,Low,0,2,Wednesday,September,MoRTH_Standardized_v2.1
MORTH23-14653,2023-11-21,18:11,Uttar Pradesh,Kanpur,26.48833,80.36708,Clear,Truck/Lorry,Medium,0,1,Tuesday,November,MoRTH_Standardized_v2.1
MORTH23-14654,2023-05-01,10:40,Uttar Pradesh,Kanpur,26.45619,80.38545,Clear,Two-Wheeler,Medium,0,0,Monday,May,MoRTH_Standardized_v2.1
MORTH23-14655,2023-08-01,11:26,Andhra Pradesh,Visakhapatnam,17.67384,83.20745,Foggy,Truck/Lorry,Critical,1,3,Tuesday,August,MoRTH_Standardized_v2.1
MORTH23-14656,2023-11-19,07:22,Uttar Pradesh,Kanpur,26.4414,80.32611,Clear,Two-Wheeler,Medium,0,0,Sunday,November,MoRTH_Standardized_v2.1
MORTH23-14657,2023-04-11,23:05,Tamil Nadu,Coimbatore,10.99198,76.95147,Clear,Truck/Lorry,High,0,3,Tuesday,April,MoRTH_Standardized_v2.1
MORTH23-14658,2023-05-02,13:50,Madhya Pradesh,Gwalior,26.23381,78.19408,Clear,Truck/Lorry,Low,0,1,Tuesday,May,MoRTH_Standardized_v2.1
MORTH23-14659,2023-01-19,02:52,Rajasthan,Jaipur,26.90178,75.74317,Clear,Two-Wheeler,Critical,2,2,Thursday,January,MoRTH_Standardized_v2.1
MORTH23-14660,2023-02-04,20:14,Delhi/NCR,Guwahati,26.14908,91.74644,Clear,Two-Wheeler,Medium,0,2,Saturday,February,MoRTH_Standardized_v2.1
MORTH23-14661,2023-11-27,03:02,Karnataka,Hubli,15.36019,75.13681,Clear,Others,High,0,4,Monday,November,MoRTH_Standardized_v2.1
MORTH23-14662,2023-01-26,05:51,Karnataka,Mysore,12.25234,76.64867,Clear,Auto-Rickshaw,Low,0,2,Thursday,January,MoRTH_Standardized_v2.1
MORTH23-14663,2023-03-18,12:52,Telangana,Hyderabad,17.37778,78.46665,Rainy,Truck/Lorry,High,0,1,Saturday,March,MoRTH_Standardized_v2.1
MORTH23-14664,2023-11-10,07:09,Kerala,Kozhikode,11.28571,75.79582,Clear,Bus,Low,0,1,Friday,November,MoRTH_Standardized_v2.1
MORTH23-14665,2023-02-26,10:41,Uttar Pradesh,Lucknow,26.89158,80.95642,Clear,Others,Low,0,1,Sunday,February,MoRTH_Standardized_v2.1
MORTH23-14666,2023-11-11,18:23,Kerala,Kochi,9.96223,76.25051,Rainy,Car/Jeep/Van,Medium,0,2,Saturday,November,MoRTH_Standardized_v2.1
MORTH23-14667,2023-10-25,15:37,Madhya Pradesh,Indore,22.68775,75.84384,Clear,Others,Low,0,0,Wednesday,October,MoRTH_Standardized_v2.1
MORTH23-14668,2023-12-26,15:40,Delhi/NCR,Delhi,28.60479,77.23641,Clear,Car/Jeep/Van,Low,0,0,Tuesday,December,MoRTH_Standardized_v2.1
MORTH23-14669,2023-03-25,17:16,Telangana,Warangal,17.95591,79.63848,Clear,Two-Wheeler,Medium,0,2,Saturday,March,MoRTH_Standardized_v2.1
MORTH23-14670,2023-02-12,21:14,Delhi/NCR,Guwahati,26.18462,91.72554,Clear,Car/Jeep/Van,Low,0,0,Sunday,February,MoRTH_Standardized_v2.1
MORTH23-14671,2023-01-12,18:39,Telangana,Warangal,17.99902,79.6027,Cloudy,Two-Wheeler,High,1,1,Thursday,January,MoRTH_Standardized_v2.1
MORTH23-14672,2023-08-20,01:41,Uttar Pradesh,Agra,27.19799,78.00155,Clear,Two-Wheeler,High,0,1,Sunday,August,MoRTH_Standardized_v2.1
MORTH23-14673,2023-02-14,13:30,Maharashtra,Mumbai,19.08801,72.84666,Clear,Two-Wheeler,High,1,2,Tuesday,February,MoRTH_Standardized_v2.1
MORTH23-14674,2023-01-13,18:18,Madhya Pradesh,Gwalior,26.23768,78.20259,Clear,Two-Wheeler,High,0,1,Friday,January,MoRTH_Standardized_v2.1
MORTH23-14675,2023-08-01,10:28,Delhi/NCR,Delhi,28.65247,77.23238,Clear,Two-Wheeler,Medium,0,2,Tuesday,August,MoRTH_Standardized_v2.1
MORTH23-14676,2023-12-29,15:36,Tamil Nadu,Chennai,13.04304,80.25317,Clear,Two-Wheeler,Medium,0,2,Friday,December,MoRTH_Standardized_v2.1
MORTH23-14677,2023-05-21,18:03,Delhi/NCR,Kolkata,22.55735,88.37684,Clear,Two-Wheeler,High,0,4,Sunday,May,MoRTH_Standardized_v2.1
MORTH23-14678,2023-09-30,06:05,Tamil Nadu,Madurai,9.91769,78.14498,Rainy,Two-Wheeler,Critical,2,5,Saturday,September,MoRTH_Standardized_v2.1
MORTH23-14679,2023-07-12,03:21,Rajasthan,Jaipur,26.9251,75.80011,Foggy,Two-Wheeler,Critical,2,3,Wednesday,July,MoRTH_Standardized_v2.1
MORTH23-14680,2023-03-24,11:24,Uttar Pradesh,Agra,27.15179,78.04937,Clear,Two-Wheeler,High,1,4,Friday,March,MoRTH_Standardized_v2.1
MORTH23-14681,2023-12-29,23:29,Delhi/NCR,Guwahati,26.1663,91.72527,Rainy,Car/Jeep/Van,Critical,1,3,Friday,December,MoRTH_Standardized_v2.1
MORTH23-14682,2023-07-26,12:05,Uttar Pradesh,Lucknow,26.81908,80.9837,Clear,Auto-Rickshaw,Low,0,2,Wednesday,July,MoRTH_Standardized_v2.1
MORTH23-14683,2023-04-04,21:29,Uttar Pradesh,Kanpur,26.41873,80.38686,Clear,Two-Wheeler,High,0,4,Tuesday,April,MoRTH_Standardized_v2.1
MORTH23-14684,2023-08-26,18:48,Rajasthan,Jodhpur,26.22083,73.0245,Clear,Two-Wheeler,High,0,3,Saturday,August,MoRTH_Standardized_v2.1
MORTH23-14685,2023-02-21,19:05,Madhya Pradesh,Indore,22.76818,75.86823,Clear,Truck/Lorry,High,0,1,Tuesday,February,MoRTH_Standardized_v2.1
MORTH23-14686,2023-11-29,08:51,Tamil Nadu,Madurai,9.9403,78.14494,Clear,Car/Jeep/Van,Low,0,0,Wednesday,November,MoRTH_Standardized_v2.1
MORTH23-14687,2023-10-06,15:24,Delhi/NCR,Kolkata,22.5625,88.37095,Clear,Car/Jeep/Van,Low,0,1,Friday,October,MoRTH_Standardized_v2.1
MORTH23-14688,2023-04-21,18:25,Kerala,Kochi,9.92343,76.25716,Foggy,Car/Jeep/Van,High,0,1,Friday,April,MoRTH_Standardized_v2.1
MORTH23-14689,2023-06-09,22:22,Delhi/NCR,Kolkata,22.58924,88.30676,Cloudy,Bus,High,0,2,Friday,June,MoRTH_Standardized_v2.1
MORTH23-14690,2023-10-16,18:21,Telangana,Hyderabad,17.40495,78.46278,Clear,Truck/Lorry,High,0,2,Monday,October,MoRTH_Standardized_v2.1
MORTH23-14691,2023-06-09,18:17,Tamil Nadu,Chennai,13.09742,80.25872,Rainy,Two-Wheeler,Critical,2,3,Friday,June,MoRTH_Standardized_v2.1
MORTH23-14692,2023-01-20,16:27,Madhya Pradesh,Indore,22.74654,75.86218,Clear,Two-Wheeler,Medium,0,1,Friday,January,MoRTH_Standardized_v2.1
MORTH23-14693,2023-10-13,19:18,Tamil Nadu,Coimbatore,11.06023,76.93303,Clear,Car/Jeep/Van,Low,0,1,Friday,October,MoRTH_Standardized_v2.1
MORTH23-14694,2023-04-08,18:13,Madhya Pradesh,Indore,22.71655,75.86246,Clear,Two-Wheeler,Medium,0,0,Saturday,April,MoRTH_Standardized_v2.1
MORTH23-14695,2023-06-15,13:25,Telangana,Warangal,17.97283,79.60118,Clear,Two-Wheeler,Medium,0,2,Thursday,June,MoRTH_Standardized_v2.1
MORTH23-14696,2023-01-17,08:17,Madhya Pradesh,Indore,22.71965,75.84324,Clear,Two-Wheeler,High,1,3,Tuesday,January,MoRTH_Standardized_v2.1
MORTH23-14697,2023-07-14,18:19,Delhi/NCR,Kolkata,22.58909,88.39796,Clear,Two-Wheeler,High,1,3,Friday,July,MoRTH_Standardized_v2.1
MORTH23-14698,2023-04-19,04:54,Karnataka,Bangalore,12.97448,77.61069,Rainy,Car/Jeep/Van,High,0,1,Wednesday,April,MoRTH_Standardized_v2.1
MORTH23-14699,2023-02-02,15:40,Madhya Pradesh,Bhopal,23.27875,77.42498,Clear,Two-Wheeler,Medium,0,2,Thursday,February,MoRTH_Standardized_v2.1
MORTH23-14700,2023-10-23,07:47,Delhi/NCR,Delhi,28.62223,77.14239,Clear,Truck/Lorry,Medium,0,2,Monday,October,MoRTH_Standardized_v2.1
MORTH23-14701,2023-01-03,11:52,Tamil Nadu,Madurai,9.92931,78.08461,Cloudy,Two-Wheeler,Medium,0,2,Tuesday,January,MoRTH_Standardized_v2.1
MORTH23-14702,2023-03-19,13:03,Madhya Pradesh,Bhopal,23.27635,77.42287,Clear,Truck/Lorry,Low,0,1,Sunday,March,MoRTH_Standardized_v2.1
MORTH23-14703,2023-06-19,22:01,Kerala,Kozhikode,11.28479,75.77187,Clear,Two-Wheeler,High,1,3,Monday,June,MoRTH_Standardized_v2.1
MORTH23-14704,2023-07-07,10:41,Uttar Pradesh,Kanpur,26.47628,80.35381,Clear,Car/Jeep/Van,Low,0,2,Friday,July,MoRTH_Standardized_v2.1
MORTH23-14705,2023-11-10,00:36,Karnataka,Hubli,15.40207,75.13231,Clear,Car/Jeep/Van,Medium,0,1,Friday,November,MoRTH_Standardized_v2.1
MORTH23-14706,2023-06-22,17:31,Maharashtra,Mumbai,19.05558,72.87982,Clear,Truck/Lorry,Low,0,1,Thursday,June,MoRTH_Standardized_v2.1
MORTH23-14707,2023-02-10,15:13,Delhi/NCR,Guwahati,26.13134,91.71286,Clear,Auto-Rickshaw,Low,0,0,Friday,February,MoRTH_Standardized_v2.1
MORTH23-14708,2023-05-30,06:21,Madhya Pradesh,Bhopal,23.25149,77.42692,Rainy,Two-Wheeler,Critical,2,2,Tuesday,May,MoRTH_Standardized_v2.1
MORTH23-14709,2023-05-30,20:21,Delhi/NCR,Kolkata,22.56793,88.38349,Clear,Others,Low,0,2,Tuesday,May,MoRTH_Standardized_v2.1
MORTH23-14710,2023-07-30,17:03,Telangana,Warangal,17.95496,79.61256,Clear,Car/Jeep/Van,Low,0,2,Sunday,July,MoRTH_Standardized_v2.1
MORTH23-14711,2023-06-15,07:38,Gujarat,Surat,21.17441,72.79666,Clear,Others,Low,0,2,Thursday,June,MoRTH_Standardized_v2.1
MORTH23-14712,2023-02-15,14:52,Delhi/NCR,Guwahati,26.11467,91.79455,Clear,Truck/Lorry,Medium,0,1,Wednesday,February,MoRTH_Standardized_v2.1
MORTH23-14713,2023-09-09,21:36,Delhi/NCR,Delhi,28.61682,77.23241,Clear,Bus,Low,0,1,Saturday,September,MoRTH_Standardized_v2.1
MORTH23-14714,2023-02-14,05:54,Madhya Pradesh,Gwalior,26.18981,78.19987,Clear,Two-Wheeler,Medium,0,1,Tuesday,February,MoRTH_Standardized_v2.1
MORTH23-14715,2023-05-23,03:28,Andhra Pradesh,Vijayawada,16.46732,80.60856,Rainy,Car/Jeep/Van,Critical,3,4,Tuesday,May,MoRTH_Standardized_v2.1
MORTH23-14716,2023-05-01,13:08,Uttar Pradesh,Kanpur,26.42706,80.31336,Clear,Two-Wheeler,High,0,3,Monday,May,MoRTH_Standardized_v2.1
MORTH23-14717,2023-09-11,13:04,Uttar Pradesh,Lucknow,26.82146,81.05167,Clear,Others,Low,0,0,Monday,September,MoRTH_Standardized_v2.1
MORTH23-14718,2023-03-28,15:09,Madhya Pradesh,Gwalior,26.19963,78.18614,Clear,Two-Wheeler,High,0,2,Tuesday,March,MoRTH_Standardized_v2.1
MORTH23-14719,2023-12-17,15:53,Delhi/NCR,Guwahati,26.14125,91.76983,Cloudy,Two-Wheeler,High,0,3,Sunday,December,MoRTH_Standardized_v2.1
MORTH23-14720,2023-11-21,02:28,Delhi/NCR,Kolkata,22.54643,88.35783,Clear,Car/Jeep/Van,Low,0,1,Tuesday,November,MoRTH_Standardized_v2.1
MORTH23-14721,2023-12-03,20:01,Telangana,Hyderabad,17.33651,78.45445,Clear,Car/Jeep/Van,Low,0,0,Sunday,December,MoRTH_Standardized_v2.1
MORTH23-14722,2023-01-18,19:15,Telangana,Hyderabad,17.36083,78.51786,Clear,Two-Wheeler,High,0,2,Wednesday,January,MoRTH_Standardized_v2.1
MORTH23-14723,2023-11-04,16:26,Madhya Pradesh,Gwalior,26.17824,78.14625,Clear,Others,Low,0,0,Saturday,November,MoRTH_Standardized_v2.1
MORTH23-14724,2023-12-21,02:29,Uttar Pradesh,Lucknow,26.9044,80.9469,Clear,Two-Wheeler,High,0,2,Thursday,December,MoRTH_Standardized_v2.1
MORTH23-14725,2023-06-26,01:21,Gujarat,Surat,21.14668,72.82275,Clear,Truck/Lorry,Medium,0,0,Monday,June,MoRTH_Standardized_v2.1
MORTH23-14726,2023-07-05,08:12,Karnataka,Bangalore,13.00394,77.63278,Cloudy,Two-Wheeler,High,1,2,Wednesday,July,MoRTH_Standardized_v2.1
MORTH23-14727,2023-07-21,15:47,Maharashtra,Nagpur,21.14979,79.05688,Clear,Bus,Low,0,2,Friday,July,MoRTH_Standardized_v2.1
MORTH23-14728,2023-08-21,16:30,Delhi/NCR,Guwahati,26.16665,91.7689,Clear,Two-Wheeler,High,0,1,Monday,August,MoRTH_Standardized_v2.1
MORTH23-14729,2023-08-06,21:20,Kerala,Kozhikode,11.24518,75.84443,Clear,Truck/Lorry,Medium,0,0,Sunday,August,MoRTH_Standardized_v2.1
MORTH23-14730,2023-12-10,12:06,Rajasthan,Jaipur,26.93168,75.75801,Clear,Car/Jeep/Van,Low,0,0,Sunday,December,MoRTH_Standardized_v2.1
MORTH23-14731,2023-08-17,21:02,Delhi/NCR,Guwahati,26.16729,91.73713,Clear,Auto-Rickshaw,Low,0,2,Thursday,August,MoRTH_Standardized_v2.1
MORTH23-14732,2023-01-15,12:08,Karnataka,Hubli,15.29641,75.13251,Rainy,Car/Jeep/Van,Medium,0,0,Sunday,January,MoRTH_Standardized_v2.1
MORTH23-14733,2023-11-22,17:35,Tamil Nadu,Chennai,13.07959,80.27634,Clear,Truck/Lorry,Medium,0,2,Wednesday,November,MoRTH_Standardized_v2.1
MORTH23-14734,2023-01-19,01:05,Madhya Pradesh,Indore,22.73421,75.84036,Clear,Two-Wheeler,Critical,2,5,Thursday,January,MoRTH_Standardized_v2.1
MORTH23-14735,2023-06-21,11:52,Delhi/NCR,Delhi,28.65132,77.12621,Clear,Auto-Rickshaw,Low,0,0,Wednesday,June,MoRTH_Standardized_v2.1
MORTH23-14736,2023-08-03,23:50,Rajasthan,Jodhpur,26.21459,73.04397,Clear,Two-Wheeler,Critical,3,2,Thursday,August,MoRTH_Standardized_v2.1
MORTH23-14737,2023-11-23,19:13,Madhya Pradesh,Bhopal,23.26236,77.43777,Foggy,Truck/Lorry,Critical,1,2,Thursday,November,MoRTH_Standardized_v2.1
MORTH23-14738,2023-01-21,02:15,Telangana,Hyderabad,17.40625,78.53709,Clear,Two-Wheeler,High,1,4,Saturday,January,MoRTH_Standardized_v2.1
MORTH23-14739,2023-04-15,20:56,Delhi/NCR,Delhi,28.64123,77.22283,Clear,Car/Jeep/Van,Low,0,1,Saturday,April,MoRTH_Standardized_v2.1
MORTH23-14740,2023-07-14,12:26,Delhi/NCR,Kolkata,22.56265,88.3492,Foggy,Truck/Lorry,High,0,4,Friday,July,MoRTH_Standardized_v2.1
MORTH23-14741,2023-08-27,13:55,Uttar Pradesh,Kanpur,26.42415,80.24499,Clear,Auto-Rickshaw,Low,0,0,Sunday,August,MoRTH_Standardized_v2.1
MORTH23-14742,2023-01-27,09:26,Tamil Nadu,Chennai,13.04042,80.29687,Cloudy,Two-Wheeler,Medium,0,1,Friday,January,MoRTH_Standardized_v2.1
MORTH23-14743,2023-01-19,08:10,Rajasthan,Jodhpur,26.24468,73.02637,Clear,Auto-Rickshaw,Medium,0,1,Thursday,January,MoRTH_Standardized_v2.1
MORTH23-14744,2023-03-29,15:24,Madhya Pradesh,Indore,22.7359,75.82302,Clear,Car/Jeep/Van,Low,0,1,Wednesday,March,MoRTH_Standardized_v2.1
MORTH23-14745,2023-08-28,01:24,Delhi/NCR,Guwahati,26.15816,91.7251,Rainy,Two-Wheeler,Critical,2,3,Monday,August,MoRTH_Standardized_v2.1
MORTH23-14746,2023-04-26,16:55,Kerala,Kochi,9.9581,76.26849,Clear,Two-Wheeler,High,1,4,Wednesday,April,MoRTH_Standardized_v2.1
MORTH23-14747,2023-03-30,22:44,Rajasthan,Jodhpur,26.2284,73.07328,Clear,Two-Wheeler,Critical,3,2,Thursday,March,MoRTH_Standardized_v2.1
MORTH23-14748,2023-06-29,20:30,Uttar Pradesh,Kanpur,26.43345,80.32157,Clear,Others,Low,0,0,Thursday,June,MoRTH_Standardized_v2.1
MORTH23-14749,2023-05-20,16:35,Delhi/NCR,Kolkata,22.56472,88.3241,Clear,Truck/Lorry,Low,0,2,Saturday,May,MoRTH_Standardized_v2.1
MORTH23-14750,2023-01-26,00:50,Delhi/NCR,Kolkata,22.60256,88.34327,Clear,Car/Jeep/Van,Medium,0,1,Thursday,January,MoRTH_Standardized_v2.1
MORTH23-14751,2023-10-02,08:46,Karnataka,Mysore,12.22458,76.59672,Clear,Two-Wheeler,High,0,2,Monday,October,MoRTH_Standardized_v2.1
MORTH23-14752,2023-11-18,03:14,Karnataka,Bangalore,12.94975,77.59918,Clear,Bus,Medium,0,0,Saturday,November,MoRTH_Standardized_v2.1
MORTH23-14753,2023-03-12,10:46,Delhi/NCR,Guwahati,26.20041,91.75262,Clear,Truck/Lorry,Medium,0,0,Sunday,March,MoRTH_Standardized_v2.1
MORTH23-14754,2023-06-23,14:22,Delhi/NCR,Guwahati,26.16046,91.73521,Rainy,Others,Medium,0,2,Friday,June,MoRTH_Standardized_v2.1
MORTH23-14755,2023-10-29,13:04,Delhi/NCR,Kolkata,22.58329,88.31281,Clear,Two-Wheeler,High,0,2,Sunday,October,MoRTH_Standardized_v2.1
MORTH23-14756,2023-01-14,15:21,Gujarat,Ahmedabad,23.01359,72.57674,Clear,Auto-Rickshaw,Low,0,2,Saturday,January,MoRTH_Standardized_v2.1
MORTH23-14757,2023-02-15,16:06,Rajasthan,Jodhpur,26.25482,73.01541,Rainy,Two-Wheeler,Critical,3,5,Wednesday,February,MoRTH_Standardized_v2.1
MORTH23-14758,2023-10-19,10:55,Gujarat,Surat,21.18341,72.81408,Clear,Car/Jeep/Van,Low,0,2,Thursday,October,MoRTH_Standardized_v2.1
MORTH23-14759,2023-04-12,12:39,Delhi/NCR,Guwahati,26.13389,91.6857,Foggy,Two-Wheeler,Critical,3,2,Wednesday,April,MoRTH_Standardized_v2.1
MORTH23-14760,2023-02-06,17:07,Delhi/NCR,Delhi,28.64148,77.23541,Clear,Bus,Low,0,0,Monday,February,MoRTH_Standardized_v2.1
MORTH23-14761,2023-08-06,19:15,Delhi/NCR,Guwahati,26.17325,91.71364,Cloudy,Truck/Lorry,High,0,4,Sunday,August,MoRTH_Standardized_v2.1
MORTH23-14762,2023-04-14,13:11,Tamil Nadu,Madurai,9.93678,78.10403,Clear,Two-Wheeler,High,1,4,Friday,April,MoRTH_Standardized_v2.1
MORTH23-14763,2023-02-17,17:59,Tamil Nadu,Chennai,13.02148,80.20259,Clear,Bus,Low,0,0,Friday,February,MoRTH_Standardized_v2.1
MORTH23-14764,2023-04-30,04:55,Uttar Pradesh,Lucknow,26.83994,80.93188,Foggy,Bus,Critical,2,3,Sunday,April,MoRTH_Standardized_v2.1
MORTH23-14765,2023-04-05,17:54,Karnataka,Mysore,12.28401,76.64363,Foggy,Auto-Rickshaw,High,0,3,Wednesday,April,MoRTH_Standardized_v2.1
MORTH23-14766,2023-10-20,05:04,Maharashtra,Mumbai,19.041,72.92478,Clear,Truck/Lorry,High,0,4,Friday,October,MoRTH_Standardized_v2.1
MORTH23-14767,2023-08-04,05:30,Delhi/NCR,Delhi,28.60253,77.14317,Clear,Two-Wheeler,High,1,3,Friday,August,MoRTH_Standardized_v2.1
MORTH23-14768,2023-02-10,16:47,Karnataka,Hubli,15.33502,75.14234,Clear,Car/Jeep/Van,Low,0,1,Friday,February,MoRTH_Standardized_v2.1
MORTH23-14769,2023-09-09,08:07,Madhya Pradesh,Gwalior,26.21942,78.15602,Clear,Two-Wheeler,High,0,2,Saturday,September,MoRTH_Standardized_v2.1
MORTH23-14770,2023-07-13,17:18,Maharashtra,Mumbai,19.05086,72.88151,Rainy,Auto-Rickshaw,Medium,0,2,Thursday,July,MoRTH_Standardized_v2.1
MORTH23-14771,2023-11-26,09:45,Delhi/NCR,Delhi,28.64299,77.21793,Clear,Truck/Lorry,Low,0,0,Sunday,November,MoRTH_Standardized_v2.1
MORTH23-14772,2023-02-23,22:12,Madhya Pradesh,Gwalior,26.16829,78.21074,Rainy,Two-Wheeler,Critical,2,5,Thursday,February,MoRTH_Standardized_v2.1
MORTH23-14773,2023-02-07,09:03,Madhya Pradesh,Indore,22.75101,75.83589,Clear,Truck/Lorry,Medium,0,1,Tuesday,February,MoRTH_Standardized_v2.1
MORTH23-14774,2023-03-02,05:46,Tamil Nadu,Coimbatore,11.02014,76.93245,Clear,Truck/Lorry,High,1,3,Thursday,March,MoRTH_Standardized_v2.1
MORTH23-14775,2023-02-28,09:46,Delhi/NCR,Delhi,28.59637,77.23772,Clear,Two-Wheeler,Medium,0,2,Tuesday,February,MoRTH_Standardized_v2.1
MORTH23-14776,2023-05-04,21:52,Maharashtra,Mumbai,19.00021,72.87176,Clear,Others,Low,0,2,Thursday,May,MoRTH_Standardized_v2.1
MORTH23-14777,2023-08-06,09:03,Telangana,Hyderabad,17.40022,78.45179,Clear,Bus,Low,0,2,Sunday,August,MoRTH_Standardized_v2.1
MORTH23-14778,2023-10-12,23:39,Maharashtra,Nagpur,21.19536,79.06566,Clear,Two-Wheeler,High,0,2,Thursday,October,MoRTH_Standardized_v2.1
MORTH23-14779,2023-01-11,12:07,Tamil Nadu,Madurai,9.94668,78.11037,Clear,Two-Wheeler,High,0,4,Wednesday,January,MoRTH_Standardized_v2.1
MORTH23-14780,2023-12-28,21:08,Delhi/NCR,Guwahati,26.10102,91.72406,Cloudy,Others,Low,0,2,Thursday,December,MoRTH_Standardized_v2.1
MORTH23-14781,2023-07-13,06:24,Delhi/NCR,Kolkata,22.60375,88.35011,Clear,Truck/Lorry,Low,0,0,Thursday,July,MoRTH_Standardized_v2.1
MORTH23-14782,2023-11-17,15:18,Delhi/NCR,Guwahati,26.14525,91.71568,Clear,Two-Wheeler,Medium,0,0,Friday,November,MoRTH_Standardized_v2.1
MORTH23-14783,2023-08-31,10:14,Delhi/NCR,Delhi,28.6294,77.23748,Clear,Two-Wheeler,High,0,3,Thursday,August,MoRTH_Standardized_v2.1
MORTH23-14784,2023-06-25,18:45,Andhra Pradesh,Vijayawada,16.53676,80.68715,Clear,Truck/Lorry,Medium,0,0,Sunday,June,MoRTH_Standardized_v2.1
MORTH23-14785,2023-08-19,08:53,Madhya Pradesh,Gwalior,26.22069,78.18042,Clear,Others,Low,0,0,Saturday,August,MoRTH_Standardized_v2.1
MORTH23-14786,2023-09-04,07:28,Uttar Pradesh,Kanpur,26.35213,80.32389,Foggy,Car/Jeep/Van,High,0,1,Monday,September,MoRTH_Standardized_v2.1
MORTH23-14787,2023-08-17,11:33,Gujarat,Surat,21.24412,72.8274,Clear,Two-Wheeler,Medium,0,2,Thursday,August,MoRTH_Standardized_v2.1
MORTH23-14788,2023-02-13,07:52,Uttar Pradesh,Agra,27.13935,78.01342,Cloudy,Others,Low,0,1,Monday,February,MoRTH_Standardized_v2.1
MORTH23-14789,2023-05-23,07:40,Madhya Pradesh,Bhopal,23.26099,77.38402,Clear,Two-Wheeler,Medium,0,2,Tuesday,May,MoRTH_Standardized_v2.1
MORTH23-14790,2023-06-23,16:59,Karnataka,Mysore,12.28984,76.68764,Clear,Auto-Rickshaw,Low,0,1,Friday,June,MoRTH_Standardized_v2.1
MORTH23-14791,2023-10-31,19:51,Gujarat,Ahmedabad,23.04063,72.54034,Clear,Auto-Rickshaw,Low,0,2,Tuesday,October,MoRTH_Standardized_v2.1
MORTH23-14792,2023-10-24,21:53,Tamil Nadu,Coimbatore,11.02442,76.95811,Clear,Auto-Rickshaw,Medium,0,2,Tuesday,October,MoRTH_Standardized_v2.1
MORTH23-14793,2023-04-21,05:09,Maharashtra,Nagpur,21.16671,79.07638,Clear,Truck/Lorry,Medium,0,0,Friday,April,MoRTH_Standardized_v2.1
MORTH23-14794,2023-11-17,06:27,Delhi/NCR,Guwahati,26.15794,91.73881,Clear,Auto-Rickshaw,Low,0,1,Friday,November,MoRTH_Standardized_v2.1
MORTH23-14795,2023-07-15,20:39,Gujarat,Surat,21.19709,72.80482,Clear,Auto-Rickshaw,Medium,0,1,Saturday,July,MoRTH_Standardized_v2.1
MORTH23-14796,2023-01-25,23:08,Uttar Pradesh,Agra,27.15772,78.04812,Cloudy,Car/Jeep/Van,Low,0,1,Wednesday,January,MoRTH_Standardized_v2.1
MORTH23-14797,2023-05-09,21:20,Telangana,Hyderabad,17.35556,78.53943,Clear,Two-Wheeler,High,0,4,Tuesday,May,MoRTH_Standardized_v2.1
MORTH23-14798,2023-08-03,20:26,Uttar Pradesh,Kanpur,26.44353,80.3385,Clear,Others,Low,0,2,Thursday,August,MoRTH_Standardized_v2.1
MORTH23-14799,2023-08-09,04:55,Delhi/NCR,Kolkata,22.53175,88.34038,Clear,Others,Medium,0,0,Wednesday,August,MoRTH_Standardized_v2.1
MORTH23-14800,2023-07-20,19:34,Delhi/NCR,Delhi,28.63987,77.17514,Clear,Two-Wheeler,High,0,1,Thursday,July,MoRTH_Standardized_v2.1
MORTH23-14801,2023-04-12,15:09,Uttar Pradesh,Agra,27.21016,78.04484,Clear,Two-Wheeler,Medium,0,2,Wednesday,April,MoRTH_Standardized_v2.1
MORTH23-14802,2023-03-12,16:53,Delhi/NCR,Kolkata,22.58258,88.37227,Clear,Two-Wheeler,Medium,0,0,Sunday,March,MoRTH_Standardized_v2.1
MORTH23-14803,2023-07-18,13:12,Madhya Pradesh,Bhopal,23.27118,77.4171,Clear,Two-Wheeler,Medium,0,1,Tuesday,July,MoRTH_Standardized_v2.1
MORTH23-14804,2023-09-15,14:24,Uttar Pradesh,Agra,27.15503,78.00482,Clear,Two-Wheeler,High,1,3,Friday,September,MoRTH_Standardized_v2.1
MORTH23-14805,2023-07-16,03:52,Delhi/NCR,Delhi,28.63152,77.1881,Clear,Two-Wheeler,High,0,4,Sunday,July,MoRTH_Standardized_v2.1
MORTH23-14806,2023-07-09,15:57,Gujarat,Surat,21.15926,72.84031,Clear,Car/Jeep/Van,Low,0,1,Sunday,July,MoRTH_Standardized_v2.1
MORTH23-14807,2023-03-30,18:00,Andhra Pradesh,Vijayawada,16.48611,80.61486,Clear,Two-Wheeler,Medium,0,2,Thursday,March,MoRTH_Standardized_v2.1
MORTH23-14808,2023-08-01,06:59,Delhi/NCR,Delhi,28.60341,77.2588,Clear,Two-Wheeler,Medium,0,2,Tuesday,August,MoRTH_Standardized_v2.1
MORTH23-14809,2023-02-05,16:18,Madhya Pradesh,Bhopal,23.28186,77.42273,Clear,Bus,Medium,0,1,Sunday,February,MoRTH_Standardized_v2.1
MORTH23-14810,2023-10-14,17:56,Uttar Pradesh,Kanpur,26.43323,80.33981,Cloudy,Two-Wheeler,Medium,0,0,Saturday,October,MoRTH_Standardized_v2.1
MORTH23-14811,2023-10-31,17:03,Delhi/NCR,Kolkata,22.59368,88.37809,Clear,Two-Wheeler,Medium,0,2,Tuesday,October,MoRTH_Standardized_v2.1
MORTH23-14812,2023-09-10,06:27,Delhi/NCR,Kolkata,22.56297,88.33559,Clear,Two-Wheeler,Medium,0,2,Sunday,September,MoRTH_Standardized_v2.1
MORTH23-14813,2023-06-09,14:35,Madhya Pradesh,Bhopal,23.28913,77.3845,Clear,Two-Wheeler,High,0,4,Friday,June,MoRTH_Standardized_v2.1
MORTH23-14814,2023-03-30,04:07,Madhya Pradesh,Gwalior,26.23598,78.21546,Clear,Auto-Rickshaw,Low,0,0,Thursday,March,MoRTH_Standardized_v2.1
MORTH23-14815,2023-11-10,13:11,Telangana,Hyderabad,17.36069,78.50292,Clear,Car/Jeep/Van,Low,0,1,Friday,November,MoRTH_Standardized_v2.1
MORTH23-14816,2023-12-10,06:14,Kerala,Kozhikode,11.30289,75.80241,Clear,Truck/Lorry,Medium,0,1,Sunday,December,MoRTH_Standardized_v2.1
MORTH23-14817,2023-08-29,20:45,Uttar Pradesh,Agra,27.19195,78.04862,Clear,Two-Wheeler,Medium,0,2,Tuesday,August,MoRTH_Standardized_v2.1
MORTH23-14818,2023-09-13,12:22,Delhi/NCR,Guwahati,26.13667,91.71544,Clear,Two-Wheeler,High,1,4,Wednesday,September,MoRTH_Standardized_v2.1
MORTH23-14819,2023-11-29,17:36,Uttar Pradesh,Agra,27.19247,77.93796,Clear,Car/Jeep/Van,Medium,0,1,Wednesday,November,MoRTH_Standardized_v2.1
MORTH23-14820,2023-09-24,02:09,Kerala,Kochi,9.93415,76.29781,Clear,Auto-Rickshaw,Low,0,0,Sunday,September,MoRTH_Standardized_v2.1
MORTH23-14821,2023-06-18,14:51,Karnataka,Mysore,12.33253,76.58817,Foggy,Two-Wheeler,Critical,3,5,Sunday,June,MoRTH_Standardized_v2.1
MORTH23-14822,2023-04-23,04:28,Telangana,Hyderabad,17.39475,78.51576,Clear,Two-Wheeler,Critical,1,2,Sunday,April,MoRTH_Standardized_v2.1
MORTH23-14823,2023-05-13,20:58,Delhi/NCR,Guwahati,26.16101,91.75367,Cloudy,Two-Wheeler,High,0,2,Saturday,May,MoRTH_Standardized_v2.1
MORTH23-14824,2023-09-27,15:24,Rajasthan,Jodhpur,26.16699,72.99891,Clear,Two-Wheeler,High,1,4,Wednesday,September,MoRTH_Standardized_v2.1
MORTH23-14825,2023-01-02,21:45,Delhi/NCR,Guwahati,26.1571,91.71584,Clear,Car/Jeep/Van,Low,0,1,Monday,January,MoRTH_Standardized_v2.1
MORTH23-14826,2023-04-23,07:30,Uttar Pradesh,Agra,27.18654,77.97875,Clear,Car/Jeep/Van,Low,0,2,Sunday,April,MoRTH_Standardized_v2.1
MORTH23-14827,2023-09-06,07:50,Maharashtra,Nagpur,21.13553,79.05214,Clear,Car/Jeep/Van,Low,0,1,Wednesday,September,MoRTH_Standardized_v2.1
MORTH23-14828,2023-09-02,19:24,Karnataka,Mysore,12.23898,76.58266,Foggy,Car/Jeep/Van,Medium,0,1,Saturday,September,MoRTH_Standardized_v2.1
MORTH23-14829,2023-02-15,14:22,Madhya Pradesh,Bhopal,23.24853,77.36044,Clear,Auto-Rickshaw,Low,0,2,Wednesday,February,MoRTH_Standardized_v2.1
MORTH23-14830,2023-06-18,20:28,Gujarat,Ahmedabad,23.04091,72.5946,Clear,Two-Wheeler,High,1,1,Sunday,June,MoRTH_Standardized_v2.1
MORTH23-14831,2023-08-14,11:17,Delhi/NCR,Delhi,28.58987,77.19717,Clear,Two-Wheeler,High,0,4,Monday,August,MoRTH_Standardized_v2.1
MORTH23-14832,2023-07-20,14:19,Telangana,Hyderabad,17.42539,78.45881,Clear,Others,Low,0,2,Thursday,July,MoRTH_Standardized_v2.1
MORTH23-14833,2023-11-28,11:54,Delhi/NCR,Kolkata,22.58828,88.32355,Rainy,Bus,Medium,0,0,Tuesday,November,MoRTH_Standardized_v2.1
MORTH23-14834,2023-12-25,06:49,Madhya Pradesh,Gwalior,26.21663,78.1755,Clear,Two-Wheeler,High,0,2,Monday,December,MoRTH_Standardized_v2.1
MORTH23-14835,2023-12-31,13:37,Madhya Pradesh,Gwalior,26.21994,78.21494,Foggy,Car/Jeep/Van,Medium,0,0,Sunday,December,MoRTH_Standardized_v2.1
MORTH23-14836,2023-09-01,06:11,Delhi/NCR,Kolkata,22.58185,88.42556,Clear,Two-Wheeler,Medium,0,0,Friday,September,MoRTH_Standardized_v2.1
MORTH23-14837,2023-03-18,14:57,Gujarat,Surat,21.19936,72.75571,Foggy,Others,High,0,4,Saturday,March,MoRTH_Standardized_v2.1
MORTH23-14838,2023-05-02,06:40,Andhra Pradesh,Vijayawada,16.53884,80.63492,Cloudy,Two-Wheeler,High,1,1,Tuesday,May,MoRTH_Standardized_v2.1
MORTH23-14839,2023-01-30,17:14,Uttar Pradesh,Agra,27.19001,77.97037,Clear,Two-Wheeler,High,0,4,Monday,January,MoRTH_Standardized_v2.1
MORTH23-14840,2023-05-15,04:00,Uttar Pradesh,Kanpur,26.44775,80.29851,Clear,Two-Wheeler,High,1,2,Monday,May,MoRTH_Standardized_v2.1
MORTH23-14841,2023-06-03,15:31,Madhya Pradesh,Bhopal,23.29969,77.37697,Clear,Two-Wheeler,High,0,3,Saturday,June,MoRTH_Standardized_v2.1
MORTH23-14842,2023-07-30,11:25,Gujarat,Surat,21.13472,72.8169,Clear,Two-Wheeler,Medium,0,1,Sunday,July,MoRTH_Standardized_v2.1
MORTH23-14843,2023-12-23,08:01,Uttar Pradesh,Lucknow,26.88084,80.90045,Rainy,Two-Wheeler,High,0,3,Saturday,December,MoRTH_Standardized_v2.1
MORTH23-14844,2023-04-06,07:56,Madhya Pradesh,Gwalior,26.15449,78.18887,Clear,Two-Wheeler,High,0,3,Thursday,April,MoRTH_Standardized_v2.1
MORTH23-14845,2023-07-13,19:51,Delhi/NCR,Kolkata,22.61035,88.40418,Clear,Two-Wheeler,Medium,0,2,Thursday,July,MoRTH_Standardized_v2.1
MORTH23-14846,2023-08-18,18:00,Madhya Pradesh,Gwalior,26.18761,78.1118,Clear,Auto-Rickshaw,Low,0,2,Friday,August,MoRTH_Standardized_v2.1
MORTH23-14847,2023-01-11,19:50,Gujarat,Ahmedabad,23.01827,72.59731,Rainy,Two-Wheeler,Critical,2,6,Wednesday,January,MoRTH_Standardized_v2.1
MORTH23-14848,2023-07-03,01:38,Madhya Pradesh,Bhopal,23.2539,77.33697,Rainy,Truck/Lorry,Critical,1,4,Monday,July,MoRTH_Standardized_v2.1
MORTH23-14849,2023-11-12,15:02,Madhya Pradesh,Gwalior,26.22382,78.17211,Clear,Two-Wheeler,High,0,3,Sunday,November,MoRTH_Standardized_v2.1
MORTH23-14850,2023-10-08,18:02,Telangana,Warangal,17.94435,79.58193,Clear,Two-Wheeler,Medium,0,0,Sunday,October,MoRTH_Standardized_v2.1
MORTH23-14851,2023-04-15,08:29,Delhi/NCR,Delhi,28.59495,77.22389,Clear,Others,Low,0,0,Saturday,April,MoRTH_Standardized_v2.1
MORTH23-14852,2023-09-15,07:45,Tamil Nadu,Madurai,9.9663,78.09912,Foggy,Others,Medium,0,2,Friday,September,MoRTH_Standardized_v2.1
MORTH23-14853,2023-09-01,11:30,Kerala,Thiruvananthapuram,8.5175,76.93225,Clear,Two-Wheeler,High,0,2,Friday,September,MoRTH_Standardized_v2.1
MORTH23-14854,2023-01-27,09:36,Maharashtra,Nagpur,21.12521,79.10014,Clear,Bus,Low,0,1,Friday,January,MoRTH_Standardized_v2.1
MORTH23-14855,2023-05-30,14:30,Telangana,Warangal,17.96096,79.62041,Clear,Others,Low,0,1,Tuesday,May,MoRTH_Standardized_v2.1
MORTH23-14856,2023-08-25,19:50,Rajasthan,Jodhpur,26.271,73.05938,Clear,Truck/Lorry,Medium,0,2,Friday,August,MoRTH_Standardized_v2.1
MORTH23-14857,2023-12-09,14:25,Delhi/NCR,Guwahati,26.1401,91.77342,Clear,Car/Jeep/Van,Low,0,2,Saturday,December,MoRTH_Standardized_v2.1
MORTH23-14858,2023-05-30,21:53,Delhi/NCR,Kolkata,22.54341,88.4069,Clear,Others,Low,0,2,Tuesday,May,MoRTH_Standardized_v2.1
MORTH23-14859,2023-12-28,15:12,Madhya Pradesh,Bhopal,23.24466,77.416,Clear,Two-Wheeler,High,1,2,Thursday,December,MoRTH_Standardized_v2.1
MORTH23-14860,2023-11-28,11:48,Tamil Nadu,Madurai,9.91026,78.07191,Clear,Bus,Medium,0,2,Tuesday,November,MoRTH_Standardized_v2.1
MORTH23-14861,2023-08-04,21:35,Uttar Pradesh,Kanpur,26.48935,80.25955,Clear,Two-Wheeler,Medium,0,1,Friday,August,MoRTH_Standardized_v2.1
MORTH23-14862,2023-07-16,11:45,Kerala,Kochi,9.95926,76.30689,Clear,Truck/Lorry,Low,0,2,Sunday,July,MoRTH_Standardized_v2.1
MORTH23-14863,2023-04-18,19:46,Delhi/NCR,Guwahati,26.17156,91.72117,Clear,Auto-Rickshaw,Low,0,0,Tuesday,April,MoRTH_Standardized_v2.1
MORTH23-14864,2023-04-12,13:55,Delhi/NCR,Kolkata,22.5807,88.35455,Rainy,Others,High,0,1,Wednesday,April,MoRTH_Standardized_v2.1
MORTH23-14865,2023-05-21,19:21,Andhra Pradesh,Visakhapatnam,17.67718,83.23508,Clear,Two-Wheeler,High,1,2,Sunday,May,MoRTH_Standardized_v2.1
MORTH23-14866,2023-08-24,20:35,Tamil Nadu,Madurai,9.93753,78.15932,Clear,Two-Wheeler,Medium,0,1,Thursday,August,MoRTH_Standardized_v2.1
MORTH23-14867,2023-10-14,19:21,Maharashtra,Mumbai,19.12425,72.8408,Clear,Auto-Rickshaw,Low,0,2,Saturday,October,MoRTH_Standardized_v2.1
MORTH23-14868,2023-11-04,13:25,Kerala,Kozhikode,11.2146,75.7915,Cloudy,Two-Wheeler,Medium,0,1,Saturday,November,MoRTH_Standardized_v2.1
MORTH23-14869,2023-03-14,14:24,Madhya Pradesh,Gwalior,26.21865,78.14112,Clear,Two-Wheeler,Medium,0,2,Tuesday,March,MoRTH_Standardized_v2.1
MORTH23-14870,2023-06-11,12:37,Delhi/NCR,Guwahati,26.19338,91.75927,Clear,Two-Wheeler,High,0,2,Sunday,June,MoRTH_Standardized_v2.1
MORTH23-14871,2023-02-15,17:58,Madhya Pradesh,Indore,22.68677,75.86729,Foggy,Others,High,0,1,Wednesday,February,MoRTH_Standardized_v2.1
MORTH23-14872,2023-04-26,01:40,Maharashtra,Mumbai,19.02998,72.9079,Clear,Two-Wheeler,Critical,2,6,Wednesday,April,MoRTH_Standardized_v2.1
MORTH23-14873,2023-10-10,19:40,Madhya Pradesh,Gwalior,26.1743,78.20813,Foggy,Two-Wheeler,Critical,1,5,Tuesday,October,MoRTH_Standardized_v2.1
MORTH23-14874,2023-01-31,13:01,Madhya Pradesh,Gwalior,26.25418,78.18375,Clear,Others,Low,0,2,Tuesday,January,MoRTH_Standardized_v2.1
MORTH23-14875,2023-10-19,14:14,Delhi/NCR,Delhi,28.59071,77.17963,Clear,Two-Wheeler,High,0,4,Thursday,October,MoRTH_Standardized_v2.1
MORTH23-14876,2023-02-24,07:07,Madhya Pradesh,Bhopal,23.33503,77.4473,Rainy,Two-Wheeler,Critical,2,6,Friday,February,MoRTH_Standardized_v2.1
MORTH23-14877,2023-10-26,12:26,Karnataka,Mysore,12.26994,76.64617,Cloudy,Others,Medium,0,0,Thursday,October,MoRTH_Standardized_v2.1
MORTH23-14878,2023-07-17,12:39,Uttar Pradesh,Lucknow,26.86283,80.94455,Clear,Two-Wheeler,High,0,1,Monday,July,MoRTH_Standardized_v2.1
MORTH23-14879,2023-07-19,02:47,Gujarat,Surat,21.17351,72.88451,Clear,Two-Wheeler,High,0,4,Wednesday,July,MoRTH_Standardized_v2.1
MORTH23-14880,2023-02-11,21:04,Maharashtra,Pune,18.50528,73.90903,Clear,Bus,Low,0,0,Saturday,February,MoRTH_Standardized_v2.1
MORTH23-14881,2023-09-13,08:41,Kerala,Kozhikode,11.30519,75.80326,Clear,Two-Wheeler,High,0,3,Wednesday,September,MoRTH_Standardized_v2.1
MORTH23-14882,2023-01-20,14:04,Telangana,Warangal,17.9728,79.59799,Cloudy,Car/Jeep/Van,Low,0,2,Friday,January,MoRTH_Standardized_v2.1
MORTH23-14883,2023-04-12,11:07,Rajasthan,Jaipur,26.90904,75.74513,Clear,Car/Jeep/Van,Low,0,2,Wednesday,April,MoRTH_Standardized_v2.1
MORTH23-14884,2023-12-30,11:16,Rajasthan,Jaipur,26.91266,75.80004,Clear,Two-Wheeler,Medium,0,1,Saturday,December,MoRTH_Standardized_v2.1
MORTH23-14885,2023-12-08,17:41,Andhra Pradesh,Vijayawada,16.46272,80.64089,Clear,Bus,Low,0,0,Friday,December,MoRTH_Standardized_v2.1
MORTH23-14886,2023-05-19,17:44,Delhi/NCR,Delhi,28.61531,77.19413,Clear,Two-Wheeler,High,0,2,Friday,May,MoRTH_Standardized_v2.1
MORTH23-14887,2023-07-22,07:27,Rajasthan,Jaipur,26.92868,75.76244,Clear,Two-Wheeler,High,0,4,Saturday,July,MoRTH_Standardized_v2.1
MORTH23-14888,2023-11-13,17:22,Kerala,Kochi,9.92908,76.21052,Clear,Two-Wheeler,High,0,3,Monday,November,MoRTH_Standardized_v2.1
MORTH23-14889,2023-12-02,06:37,Delhi/NCR,Guwahati,26.1583,91.74657,Cloudy,Two-Wheeler,High,0,1,Saturday,December,MoRTH_Standardized_v2.1
MORTH23-14890,2023-11-03,20:47,Delhi/NCR,Kolkata,22.52842,88.33333,Clear,Auto-Rickshaw,Medium,0,0,Friday,November,MoRTH_Standardized_v2.1
MORTH23-14891,2023-04-18,09:30,Delhi/NCR,Guwahati,26.12502,91.73341,Clear,Others,Low,0,0,Tuesday,April,MoRTH_Standardized_v2.1
MORTH23-14892,2023-04-20,10:54,Gujarat,Surat,21.14157,72.87582,Clear,Two-Wheeler,High,0,3,Thursday,April,MoRTH_Standardized_v2.1
MORTH23-14893,2023-11-09,06:14,Uttar Pradesh,Kanpur,26.43581,80.34953,Foggy,Two-Wheeler,Critical,2,2,Thursday,November,MoRTH_Standardized_v2.1
MORTH23-14894,2023-01-15,17:12,Kerala,Thiruvananthapuram,8.52143,76.9252,Clear,Two-Wheeler,Medium,0,0,Sunday,January,MoRTH_Standardized_v2.1
MORTH23-14895,2023-11-11,13:09,Maharashtra,Pune,18.56114,73.85262,Clear,Others,Medium,0,2,Saturday,November,MoRTH_Standardized_v2.1
MORTH23-14896,2023-10-12,10:12,Delhi/NCR,Delhi,28.55284,77.19551,Clear,Car/Jeep/Van,Medium,0,1,Thursday,October,MoRTH_Standardized_v2.1
MORTH23-14897,2023-02-07,16:24,Madhya Pradesh,Indore,22.73303,75.87471,Clear,Two-Wheeler,High,0,3,Tuesday,February,MoRTH_Standardized_v2.1
MORTH23-14898,2023-05-29,17:18,Delhi/NCR,Kolkata,22.60003,88.35641,Rainy,Bus,Medium,0,2,Monday,May,MoRTH_Standardized_v2.1
MORTH23-14899,2023-06-26,15:25,Gujarat,Ahmedabad,22.98986,72.59682,Clear,Auto-Rickshaw,Low,0,2,Monday,June,MoRTH_Standardized_v2.1
MORTH23-14900,2023-11-30,14:37,Karnataka,Bangalore,12.9836,77.56303,Foggy,Auto-Rickshaw,Medium,0,1,Thursday,November,MoRTH_Standardized_v2.1
MORTH23-14901,2023-03-14,14:13,Rajasthan,Jaipur,26.94148,75.7286,Clear,Bus,Medium,0,1,Tuesday,March,MoRTH_Standardized_v2.1
MORTH23-14902,2023-05-09,03:43,Rajasthan,Jaipur,26.91288,75.82556,Clear,Auto-Rickshaw,Medium,0,2,Tuesday,May,MoRTH_Standardized_v2.1
MORTH23-14903,2023-12-14,17:20,Delhi/NCR,Guwahati,26.16114,91.72286,Clear,Bus,Medium,0,1,Thursday,December,MoRTH_Standardized_v2.1
MORTH23-14904,2023-11-08,18:20,Tamil Nadu,Madurai,9.90083,78.05197,Clear,Two-Wheeler,Medium,0,1,Wednesday,November,MoRTH_Standardized_v2.1
MORTH23-14905,2023-09-30,21:47,Telangana,Hyderabad,17.40807,78.48099,Clear,Two-Wheeler,Medium,0,2,Saturday,September,MoRTH_Standardized_v2.1
MORTH23-14906,2023-07-03,12:08,Rajasthan,Jaipur,26.89959,75.76632,Clear,Two-Wheeler,High,0,2,Monday,July,MoRTH_Standardized_v2.1
MORTH23-14907,2023-12-25,18:07,Karnataka,Mysore,12.35977,76.60577,Clear,Truck/Lorry,High,0,2,Monday,December,MoRTH_Standardized_v2.1
MORTH23-14908,2023-02-18,14:07,Delhi/NCR,Kolkata,22.54502,88.39418,Clear,Car/Jeep/Van,Low,0,0,Saturday,February,MoRTH_Standardized_v2.1
MORTH23-14909,2023-10-16,18:39,Andhra Pradesh,Vijayawada,16.47902,80.6656,Clear,Two-Wheeler,High,0,1,Monday,October,MoRTH_Standardized_v2.1
MORTH23-14910,2023-05-10,10:31,Delhi/NCR,Kolkata,22.61323,88.35688,Clear,Truck/Lorry,High,1,1,Wednesday,May,MoRTH_Standardized_v2.1
MORTH23-14911,2023-08-19,22:56,Maharashtra,Nagpur,21.14896,79.07558,Clear,Car/Jeep/Van,Low,0,0,Saturday,August,MoRTH_Standardized_v2.1
MORTH23-14912,2023-01-27,16:30,Maharashtra,Mumbai,19.08698,72.90406,Clear,Truck/Lorry,Low,0,0,Friday,January,MoRTH_Standardized_v2.1
MORTH23-14913,2023-09-24,11:41,Delhi/NCR,Kolkata,22.55865,88.34232,Rainy,Two-Wheeler,High,0,4,Sunday,September,MoRTH_Standardized_v2.1
MORTH23-14914,2023-12-15,17:35,Delhi/NCR,Kolkata,22.58844,88.36598,Rainy,Truck/Lorry,Critical,1,2,Friday,December,MoRTH_Standardized_v2.1
MORTH23-14915,2023-12-13,19:14,Karnataka,Mysore,12.24785,76.67412,Clear,Car/Jeep/Van,Low,0,2,Wednesday,December,MoRTH_Standardized_v2.1
MORTH23-14916,2023-09-27,11:48,Tamil Nadu,Madurai,9.87233,78.12271,Clear,Two-Wheeler,Medium,0,0,Wednesday,September,MoRTH_Standardized_v2.1
MORTH23-14917,2023-01-02,17:16,Delhi/NCR,Kolkata,22.58676,88.38427,Clear,Two-Wheeler,Medium,0,0,Monday,January,MoRTH_Standardized_v2.1
MORTH23-14918,2023-01-13,14:32,Madhya Pradesh,Gwalior,26.23559,78.20481,Clear,Car/Jeep/Van,Low,0,2,Friday,January,MoRTH_Standardized_v2.1
MORTH23-14919,2023-02-03,15:43,Tamil Nadu,Coimbatore,11.06025,76.96341,Clear,Others,Low,0,1,Friday,February,MoRTH_Standardized_v2.1
MORTH23-14920,2023-08-22,21:19,Uttar Pradesh,Kanpur,26.44704,80.32469,Clear,Two-Wheeler,Medium,0,1,Tuesday,August,MoRTH_Standardized_v2.1
MORTH23-14921,2023-05-24,03:34,Maharashtra,Mumbai,19.12701,72.8965,Clear,Car/Jeep/Van,Medium,0,2,Wednesday,May,MoRTH_Standardized_v2.1
MORTH23-14922,2023-08-11,07:53,Uttar Pradesh,Kanpur,26.47495,80.31525,Clear,Two-Wheeler,High,0,4,Friday,August,MoRTH_Standardized_v2.1
MORTH23-14923,2023-12-17,01:30,Kerala,Thiruvananthapuram,8.54227,76.96868,Foggy,Car/Jeep/Van,Critical,3,6,Sunday,December,MoRTH_Standardized_v2.1
MORTH23-14924,2023-08-14,15:07,Uttar Pradesh,Agra,27.21177,78.0049,Clear,Two-Wheeler,High,0,4,Monday,August,MoRTH_Standardized_v2.1
MORTH23-14925,2023-06-19,15:58,Andhra Pradesh,Vijayawada,16.54919,80.59628,Clear,Two-Wheeler,High,0,3,Monday,June,MoRTH_Standardized_v2.1
MORTH23-14926,2023-07-21,18:18,Uttar Pradesh,Lucknow,26.7788,80.92087,Rainy,Car/Jeep/Van,High,0,3,Friday,July,MoRTH_Standardized_v2.1
MORTH23-14927,2023-08-22,17:40,Delhi/NCR,Kolkata,22.63084,88.31588,Clear,Two-Wheeler,Medium,0,2,Tuesday,August,MoRTH_Standardized_v2.1
MORTH23-14928,2023-05-11,06:17,Delhi/NCR,Delhi,28.59613,77.19066,Clear,Truck/Lorry,High,1,3,Thursday,May,MoRTH_Standardized_v2.1
MORTH23-14929,2023-01-11,06:53,Andhra Pradesh,Visakhapatnam,17.70686,83.24622,Rainy,Two-Wheeler,Critical,2,3,Wednesday,January,MoRTH_Standardized_v2.1
MORTH23-14930,2023-07-02,19:35,Telangana,Warangal,18.01358,79.57783,Clear,Car/Jeep/Van,Medium,0,1,Sunday,July,MoRTH_Standardized_v2.1
MORTH23-14931,2023-01-13,11:10,Madhya Pradesh,Bhopal,23.2656,77.34937,Clear,Auto-Rickshaw,Low,0,1,Friday,January,MoRTH_Standardized_v2.1
MORTH23-14932,2023-12-17,06:55,Gujarat,Ahmedabad,23.06681,72.60278,Clear,Two-Wheeler,High,0,3,Sunday,December,MoRTH_Standardized_v2.1
MORTH23-14933,2023-10-14,14:54,Delhi/NCR,Guwahati,26.18787,91.71138,Foggy,Two-Wheeler,Critical,2,5,Saturday,October,MoRTH_Standardized_v2.1
MORTH23-14934,2023-05-26,19:45,Madhya Pradesh,Gwalior,26.24697,78.1696,Rainy,Two-Wheeler,Critical,2,6,Friday,May,MoRTH_Standardized_v2.1
MORTH23-14935,2023-06-26,09:30,Andhra Pradesh,Visakhapatnam,17.69765,83.19419,Foggy,Bus,High,0,4,Monday,June,MoRTH_Standardized_v2.1
MORTH23-14936,2023-11-11,17:41,Delhi/NCR,Guwahati,26.14312,91.71662,Clear,Two-Wheeler,Medium,0,2,Saturday,November,MoRTH_Standardized_v2.1
MORTH23-14937,2023-08-12,14:33,Karnataka,Hubli,15.35805,75.09383,Foggy,Car/Jeep/Van,High,0,2,Saturday,August,MoRTH_Standardized_v2.1
MORTH23-14938,2023-12-24,23:34,Tamil Nadu,Coimbatore,11.03112,76.99584,Clear,Car/Jeep/Van,Low,0,0,Sunday,December,MoRTH_Standardized_v2.1
MORTH23-14939,2023-05-03,14:47,Madhya Pradesh,Bhopal,23.2809,77.34957,Rainy,Truck/Lorry,High,1,2,Wednesday,May,MoRTH_Standardized_v2.1
MORTH23-14940,2023-11-09,07:05,Delhi/NCR,Delhi,28.61671,77.21516,Clear,Two-Wheeler,High,0,4,Thursday,November,MoRTH_Standardized_v2.1
MORTH23-14941,2023-01-18,10:24,Delhi/NCR,Delhi,28.59803,77.21126,Rainy,Auto-Rickshaw,High,0,1,Wednesday,January,MoRTH_Standardized_v2.1
MORTH23-14942,2023-05-02,14:36,Delhi/NCR,Delhi,28.59838,77.24061,Clear,Two-Wheeler,High,0,2,Tuesday,May,MoRTH_Standardized_v2.1
MORTH23-14943,2023-12-13,11:36,Telangana,Warangal,18.04106,79.60036,Cloudy,Car/Jeep/Van,Low,0,2,Wednesday,December,MoRTH_Standardized_v2.1
MORTH23-14944,2023-02-11,20:35,Tamil Nadu,Madurai,9.96005,78.12126,Rainy,Car/Jeep/Van,Medium,0,1,Saturday,February,MoRTH_Standardized_v2.1
MORTH23-14945,2023-03-14,09:34,Maharashtra,Nagpur,21.14767,79.07505,Clear,Two-Wheeler,Medium,0,2,Tuesday,March,MoRTH_Standardized_v2.1
MORTH23-14946,2023-10-31,19:36,Maharashtra,Nagpur,21.13957,79.12536,Clear,Car/Jeep/Van,Medium,0,2,Tuesday,October,MoRTH_Standardized_v2.1
MORTH23-14947,2023-07-16,14:05,Delhi/NCR,Guwahati,26.15692,91.73608,Clear,Car/Jeep/Van,Low,0,0,Sunday,July,MoRTH_Standardized_v2.1
MORTH23-14948,2023-06-13,19:53,Kerala,Thiruvananthapuram,8.53838,76.90255,Clear,Two-Wheeler,Medium,0,2,Tuesday,June,MoRTH_Standardized_v2.1
MORTH23-14949,2023-05-09,14:01,Delhi/NCR,Guwahati,26.148,91.72783,Cloudy,Two-Wheeler,High,0,2,Tuesday,May,MoRTH_Standardized_v2.1
MORTH23-14950,2023-01-23,20:19,Delhi/NCR,Delhi,28.65986,77.25145,Clear,Two-Wheeler,Medium,0,2,Monday,January,MoRTH_Standardized_v2.1
MORTH23-14951,2023-03-03,14:24,Uttar Pradesh,Agra,27.15448,77.99604,Rainy,Two-Wheeler,High,0,2,Friday,March,MoRTH_Standardized_v2.1
MORTH23-14952,2023-08-20,21:06,Tamil Nadu,Coimbatore,10.99722,76.95203,Rainy,Bus,High,0,4,Sunday,August,MoRTH_Standardized_v2.1
MORTH23-14953,2023-12-05,18:24,Tamil Nadu,Madurai,9.88494,78.07336,Clear,Two-Wheeler,Medium,0,2,Tuesday,December,MoRTH_Standardized_v2.1
MORTH23-14954,2023-11-06,19:25,Kerala,Kochi,9.96526,76.20984,Clear,Bus,Medium,0,0,Monday,November,MoRTH_Standardized_v2.1
MORTH23-14955,2023-12-03,12:02,Tamil Nadu,Coimbatore,11.04304,76.96004,Rainy,Car/Jeep/Van,High,0,1,Sunday,December,MoRTH_Standardized_v2.1
MORTH23-14956,2023-04-22,22:40,Madhya Pradesh,Gwalior,26.21887,78.22356,Clear,Auto-Rickshaw,Medium,0,1,Saturday,April,MoRTH_Standardized_v2.1
MORTH23-14957,2023-03-06,17:16,Madhya Pradesh,Bhopal,23.28097,77.40948,Clear,Two-Wheeler,High,0,4,Monday,March,MoRTH_Standardized_v2.1
MORTH23-14958,2023-01-27,19:17,Delhi/NCR,Delhi,28.61737,77.20688,Clear,Auto-Rickshaw,Low,0,0,Friday,January,MoRTH_Standardized_v2.1
MORTH23-14959,2023-12-27,20:43,Delhi/NCR,Delhi,28.61833,77.19903,Clear,Two-Wheeler,High,1,4,Wednesday,December,MoRTH_Standardized_v2.1
MORTH23-14960,2023-06-17,16:50,Tamil Nadu,Chennai,13.10323,80.25714,Clear,Two-Wheeler,Medium,0,2,Saturday,June,MoRTH_Standardized_v2.1
MORTH23-14961,2023-12-05,16:25,Delhi/NCR,Delhi,28.63026,77.18305,Clear,Two-Wheeler,High,0,4,Tuesday,December,MoRTH_Standardized_v2.1
MORTH23-14962,2023-10-13,07:06,Delhi/NCR,Guwahati,26.19533,91.7411,Clear,Two-Wheeler,High,0,4,Friday,October,MoRTH_Standardized_v2.1
MORTH23-14963,2023-05-15,15:35,Telangana,Hyderabad,17.34576,78.48412,Clear,Others,Low,0,0,Monday,May,MoRTH_Standardized_v2.1
MORTH23-14964,2023-01-03,14:10,Delhi/NCR,Delhi,28.61734,77.22887,Cloudy,Others,Low,0,2,Tuesday,January,MoRTH_Standardized_v2.1
MORTH23-14965,2023-01-25,21:13,Maharashtra,Nagpur,21.10169,79.11527,Clear,Auto-Rickshaw,Low,0,1,Wednesday,January,MoRTH_Standardized_v2.1
MORTH23-14966,2023-11-19,02:02,Uttar Pradesh,Agra,27.17614,78.00693,Clear,Others,Low,0,0,Sunday,November,MoRTH_Standardized_v2.1
MORTH23-14967,2023-11-30,00:43,Delhi/NCR,Delhi,28.62002,77.19668,Rainy,Two-Wheeler,Critical,3,5,Thursday,November,MoRTH_Standardized_v2.1
MORTH23-14968,2023-06-07,18:08,Rajasthan,Jodhpur,26.234,72.98927,Clear,Auto-Rickshaw,Medium,0,1,Wednesday,June,MoRTH_Standardized_v2.1
MORTH23-14969,2023-11-02,16:24,Karnataka,Bangalore,12.91145,77.56943,Clear,Two-Wheeler,Medium,0,1,Thursday,November,MoRTH_Standardized_v2.1
MORTH23-14970,2023-10-17,09:15,Karnataka,Bangalore,12.97954,77.5961,Clear,Car/Jeep/Van,Medium,0,1,Tuesday,October,MoRTH_Standardized_v2.1
MORTH23-14971,2023-05-10,14:55,Delhi/NCR,Guwahati,26.16192,91.7665,Foggy,Two-Wheeler,Critical,3,4,Wednesday,May,MoRTH_Standardized_v2.1
MORTH23-14972,2023-06-13,13:14,Maharashtra,Nagpur,21.13501,79.15393,Clear,Truck/Lorry,High,0,1,Tuesday,June,MoRTH_Standardized_v2.1
MORTH23-14973,2023-04-29,12:05,Madhya Pradesh,Bhopal,23.25053,77.40371,Clear,Two-Wheeler,High,0,2,Saturday,April,MoRTH_Standardized_v2.1
MORTH23-14974,2023-12-14,23:46,Karnataka,Mysore,12.27202,76.63492,Clear,Truck/Lorry,High,0,2,Thursday,December,MoRTH_Standardized_v2.1
MORTH23-14975,2023-08-02,12:51,Madhya Pradesh,Bhopal,23.25147,77.42336,Cloudy,Two-Wheeler,Medium,0,1,Wednesday,August,MoRTH_Standardized_v2.1
MORTH23-14976,2023-02-15,13:56,Rajasthan,Jodhpur,26.25241,73.03421,Clear,Others,Low,0,1,Wednesday,February,MoRTH_Standardized_v2.1
MORTH23-14977,2023-03-21,08:45,Karnataka,Mysore,12.29017,76.60559,Clear,Two-Wheeler,High,0,3,Tuesday,March,MoRTH_Standardized_v2.1
MORTH23-14978,2023-05-09,15:52,Kerala,Kozhikode,11.2408,75.85018,Clear,Two-Wheeler,Medium,0,1,Tuesday,May,MoRTH_Standardized_v2.1
MORTH23-14979,2023-12-29,13:16,Uttar Pradesh,Agra,27.16116,78.02435,Clear,Car/Jeep/Van,Low,0,2,Friday,December,MoRTH_Standardized_v2.1
MORTH23-14980,2023-09-07,18:14,Madhya Pradesh,Indore,22.71561,75.85855,Cloudy,Truck/Lorry,High,1,4,Thursday,September,MoRTH_Standardized_v2.1
MORTH23-14981,2023-09-01,15:19,Maharashtra,Pune,18.53567,73.8848,Clear,Two-Wheeler,Medium,0,0,Friday,September,MoRTH_Standardized_v2.1
MORTH23-14982,2023-01-04,13:10,Kerala,Kozhikode,11.24518,75.79891,Clear,Two-Wheeler,Medium,0,0,Wednesday,January,MoRTH_Standardized_v2.1
MORTH23-14983,2023-01-29,07:32,Uttar Pradesh,Kanpur,26.45571,80.29625,Clear,Two-Wheeler,High,0,3,Sunday,January,MoRTH_Standardized_v2.1
MORTH23-14984,2023-08-12,07:04,Delhi/NCR,Kolkata,22.54726,88.34242,Clear,Two-Wheeler,High,0,4,Saturday,August,MoRTH_Standardized_v2.1
MORTH23-14985,2023-07-28,08:03,Madhya Pradesh,Indore,22.75936,75.83363,Clear,Auto-Rickshaw,Medium,0,1,Friday,July,MoRTH_Standardized_v2.1
MORTH23-14986,2023-05-30,14:38,Kerala,Kochi,9.90042,76.23758,Clear,Two-Wheeler,High,0,2,Tuesday,May,MoRTH_Standardized_v2.1
MORTH23-14987,2023-06-04,23:52,Tamil Nadu,Chennai,13.07661,80.24494,Clear,Car/Jeep/Van,Low,0,0,Sunday,June,MoRTH_Standardized_v2.1
MORTH23-14988,2023-12-06,18:26,Kerala,Kochi,9.93648,76.25334,Clear,Others,Medium,0,2,Wednesday,December,MoRTH_Standardized_v2.1
MORTH23-14989,2023-07-11,17:23,Karnataka,Bangalore,13.01431,77.6084,Clear,Truck/Lorry,Medium,0,1,Tuesday,July,MoRTH_Standardized_v2.1
MORTH23-14990,2023-07-21,17:40,Delhi/NCR,Guwahati,26.1948,91.72579,Foggy,Truck/Lorry,High,0,4,Friday,July,MoRTH_Standardized_v2.1
MORTH23-14991,2023-05-14,18:35,Rajasthan,Jaipur,26.92554,75.7924,Clear,Two-Wheeler,Medium,0,0,Sunday,May,MoRTH_Standardized_v2.1
MORTH23-14992,2023-07-22,07:19,Kerala,Kochi,9.90712,76.25533,Clear,Car/Jeep/Van,Low,0,2,Saturday,July,MoRTH_Standardized_v2.1
MORTH23-14993,2023-02-27,03:13,Tamil Nadu,Chennai,13.07673,80.29282,Clear,Two-Wheeler,Critical,3,4,Monday,February,MoRTH_Standardized_v2.1
MORTH23-14994,2023-04-13,05:39,Karnataka,Hubli,15.3719,75.13232,Cloudy,Two-Wheeler,High,1,2,Thursday,April,MoRTH_Standardized_v2.1
MORTH23-14995,2023-08-08,17:25,Tamil Nadu,Madurai,9.96305,78.19043,Clear,Truck/Lorry,Medium,0,0,Tuesday,August,MoRTH_Standardized_v2.1
MORTH23-14996,2023-08-16,16:56,Delhi/NCR,Delhi,28.61373,77.19045,Clear,Auto-Rickshaw,Low,0,0,Wednesday,August,MoRTH_Standardized_v2.1
MORTH23-14997,2023-04-23,15:28,Delhi/NCR,Guwahati,26.14967,91.7291,Clear,Two-Wheeler,High,0,4,Sunday,April,MoRTH_Standardized_v2.1
MORTH23-14998,2023-03-22,07:52,Uttar Pradesh,Lucknow,26.84869,80.91607,Foggy,Two-Wheeler,Critical,2,3,Wednesday,March,MoRTH_Standardized_v2.1
MORTH23-14999,2023-09-08,16:14,Karnataka,Mysore,12.32075,76.60294,Clear,Two-Wheeler,Medium,0,1,Friday,September,MoRTH_Standardized_v2.1
